-- phpMyAdmin SQL Dump
-- version 3.4.10.1
-- http://www.phpmyadmin.net
--
-- Host: localhost
-- Generation Time: Apr 03, 2015 at 01:52 PM
-- Server version: 5.5.22
-- PHP Version: 5.4.0

SET SQL_MODE="NO_AUTO_VALUE_ON_ZERO";
SET time_zone = "+00:00";


/*!40101 SET @OLD_CHARACTER_SET_CLIENT=@@CHARACTER_SET_CLIENT */;
/*!40101 SET @OLD_CHARACTER_SET_RESULTS=@@CHARACTER_SET_RESULTS */;
/*!40101 SET @OLD_COLLATION_CONNECTION=@@COLLATION_CONNECTION */;
/*!40101 SET NAMES utf8 */;

--
-- Database: `vo_appsmonitoring`
--

-- --------------------------------------------------------

--
-- Table structure for table `amaas`
--

CREATE TABLE IF NOT EXISTS `amaas` (
  `id` int(11) NOT NULL AUTO_INCREMENT COMMENT 'Unique reference of the record',
  `application_id` int(11) NOT NULL COMMENT 'Reference to the application.',
  `source_id` int(11) NOT NULL COMMENT 'Source List for this information',
  `category` varchar(255) DEFAULT NULL COMMENT 'Category for Availability Monitoring. Options are ''Mainframe'', ''URL'', ''Database'', ''Other''',
  PRIMARY KEY (`id`),
  KEY `amaas_application_fk_idx` (`application_id`),
  KEY `amaas_source_fk_idx` (`source_id`)
) ENGINE=InnoDB  DEFAULT CHARSET=utf8 COMMENT='List applications in amaas Support per list.' AUTO_INCREMENT=728 ;

--
-- Dumping data for table `amaas`
--

INSERT INTO `amaas` (`id`, `application_id`, `source_id`, `category`) VALUES
(1, 6, 1, NULL),
(2, 8, 1, NULL),
(3, 9, 1, NULL),
(4, 11, 1, NULL),
(5, 12, 1, NULL),
(6, 13, 1, NULL),
(7, 14, 1, NULL),
(8, 15, 1, NULL),
(9, 16, 1, NULL),
(10, 17, 1, NULL),
(11, 19, 1, NULL),
(12, 21, 1, NULL),
(13, 23, 1, NULL),
(14, 24, 1, NULL),
(15, 25, 1, NULL),
(16, 26, 1, NULL),
(17, 28, 1, NULL),
(18, 30, 1, NULL),
(19, 31, 1, NULL),
(20, 34, 1, NULL),
(21, 42, 1, NULL),
(22, 46, 1, NULL),
(23, 47, 1, NULL),
(24, 48, 1, NULL),
(25, 49, 1, NULL),
(26, 52, 1, NULL),
(27, 53, 1, NULL),
(28, 54, 1, NULL),
(29, 55, 1, NULL),
(30, 58, 1, NULL),
(31, 61, 1, NULL),
(32, 62, 1, NULL),
(33, 63, 1, NULL),
(34, 66, 1, NULL),
(35, 67, 1, NULL),
(36, 68, 1, NULL),
(37, 69, 1, NULL),
(38, 70, 1, NULL),
(39, 71, 1, NULL),
(40, 74, 1, NULL),
(41, 79, 1, NULL),
(42, 80, 1, NULL),
(43, 81, 1, NULL),
(44, 82, 1, NULL),
(45, 83, 1, NULL),
(46, 85, 1, NULL),
(47, 89, 1, NULL),
(48, 90, 1, NULL),
(49, 91, 1, NULL),
(50, 94, 1, NULL),
(51, 96, 1, NULL),
(52, 97, 1, NULL),
(53, 99, 1, NULL),
(54, 100, 1, NULL),
(55, 101, 1, NULL),
(56, 104, 1, NULL),
(57, 106, 1, NULL),
(58, 107, 1, NULL),
(59, 108, 1, NULL),
(60, 110, 1, NULL),
(61, 111, 1, NULL),
(62, 112, 1, NULL),
(63, 113, 1, NULL),
(64, 114, 1, NULL),
(65, 116, 1, NULL),
(66, 118, 1, NULL),
(67, 119, 1, NULL),
(68, 121, 1, NULL),
(69, 124, 1, NULL),
(70, 125, 1, NULL),
(71, 129, 1, NULL),
(72, 131, 1, NULL),
(73, 132, 1, NULL),
(74, 134, 1, NULL),
(75, 135, 1, NULL),
(76, 137, 1, NULL),
(77, 138, 1, NULL),
(78, 139, 1, NULL),
(79, 140, 1, NULL),
(80, 142, 1, NULL),
(81, 144, 1, NULL),
(82, 145, 1, NULL),
(83, 146, 1, NULL),
(84, 147, 1, NULL),
(85, 148, 1, NULL),
(86, 149, 1, NULL),
(87, 153, 1, NULL),
(88, 154, 1, NULL),
(89, 157, 1, NULL),
(90, 161, 1, NULL),
(91, 162, 1, NULL),
(92, 163, 1, NULL),
(93, 164, 1, NULL),
(94, 165, 1, NULL),
(95, 167, 1, NULL),
(96, 170, 1, NULL),
(97, 175, 1, NULL),
(98, 176, 1, NULL),
(99, 177, 1, NULL),
(100, 178, 1, NULL),
(101, 179, 1, NULL),
(102, 181, 1, NULL),
(103, 182, 1, NULL),
(104, 183, 1, NULL),
(105, 185, 1, NULL),
(106, 187, 1, NULL),
(107, 188, 1, NULL),
(108, 192, 1, NULL),
(109, 193, 1, NULL),
(110, 198, 1, NULL),
(111, 202, 1, NULL),
(112, 206, 1, NULL),
(113, 207, 1, NULL),
(114, 213, 1, NULL),
(115, 218, 1, NULL),
(116, 223, 1, NULL),
(117, 230, 1, NULL),
(118, 231, 1, NULL),
(119, 232, 1, NULL),
(120, 233, 1, NULL),
(121, 235, 1, NULL),
(122, 236, 1, NULL),
(123, 238, 1, NULL),
(124, 240, 1, NULL),
(125, 241, 1, NULL),
(126, 242, 1, NULL),
(127, 249, 1, NULL),
(128, 251, 1, NULL),
(129, 252, 1, NULL),
(130, 254, 1, NULL),
(131, 255, 1, NULL),
(132, 256, 1, NULL),
(133, 257, 1, NULL),
(134, 260, 1, NULL),
(135, 262, 1, NULL),
(136, 263, 1, NULL),
(137, 264, 1, NULL),
(138, 265, 1, NULL),
(139, 266, 1, NULL),
(140, 267, 1, NULL),
(141, 268, 1, NULL),
(142, 274, 1, NULL),
(143, 276, 1, NULL),
(144, 277, 1, NULL),
(145, 278, 1, NULL),
(146, 279, 1, NULL),
(147, 280, 1, NULL),
(148, 282, 1, NULL),
(149, 285, 1, NULL),
(150, 286, 1, NULL),
(151, 287, 1, NULL),
(152, 288, 1, NULL),
(153, 289, 1, NULL),
(154, 290, 1, NULL),
(155, 291, 1, NULL),
(156, 292, 1, NULL),
(157, 294, 1, NULL),
(158, 296, 1, NULL),
(159, 298, 1, NULL),
(160, 300, 1, NULL),
(161, 301, 1, NULL),
(162, 302, 1, NULL),
(163, 303, 1, NULL),
(164, 304, 1, NULL),
(165, 305, 1, NULL),
(166, 306, 1, NULL),
(167, 307, 1, NULL),
(168, 309, 1, NULL),
(169, 315, 1, NULL),
(170, 316, 1, NULL),
(171, 317, 1, NULL),
(172, 319, 1, NULL),
(173, 322, 1, NULL),
(174, 323, 1, NULL),
(175, 324, 1, NULL),
(176, 328, 1, NULL),
(177, 331, 1, NULL),
(178, 332, 1, NULL),
(179, 333, 1, NULL),
(180, 334, 1, NULL),
(181, 336, 1, NULL),
(182, 337, 1, NULL),
(183, 338, 1, NULL),
(184, 342, 1, NULL),
(185, 343, 1, NULL),
(186, 344, 1, NULL),
(187, 345, 1, NULL),
(188, 346, 1, NULL),
(189, 347, 1, NULL),
(190, 351, 1, NULL),
(191, 352, 1, NULL),
(192, 354, 1, NULL),
(193, 356, 1, NULL),
(194, 361, 1, NULL),
(195, 362, 1, NULL),
(196, 365, 1, NULL),
(197, 367, 1, NULL),
(198, 369, 1, NULL),
(199, 371, 1, NULL),
(200, 373, 1, NULL),
(201, 376, 1, NULL),
(202, 377, 1, NULL),
(203, 379, 1, NULL),
(204, 385, 1, NULL),
(205, 389, 1, NULL),
(206, 512, 1, NULL),
(207, 513, 1, NULL),
(208, 514, 1, NULL),
(209, 515, 1, NULL),
(210, 516, 1, NULL),
(211, 517, 1, NULL),
(212, 518, 1, NULL),
(213, 519, 1, NULL),
(214, 520, 1, NULL),
(215, 521, 1, NULL),
(216, 522, 1, NULL),
(217, 523, 1, NULL),
(218, 524, 1, NULL),
(219, 525, 1, NULL),
(220, 526, 1, NULL),
(221, 527, 1, NULL),
(222, 528, 1, NULL),
(223, 529, 1, NULL),
(256, 6, 2, NULL),
(257, 8, 2, NULL),
(258, 9, 2, NULL),
(259, 11, 2, NULL),
(260, 12, 2, NULL),
(261, 13, 2, NULL),
(262, 14, 2, NULL),
(263, 15, 2, NULL),
(264, 16, 2, NULL),
(265, 17, 2, NULL),
(266, 19, 2, NULL),
(267, 21, 2, NULL),
(268, 22, 2, NULL),
(269, 23, 2, NULL),
(270, 24, 2, NULL),
(271, 25, 2, NULL),
(272, 26, 2, NULL),
(273, 30, 2, NULL),
(274, 34, 2, NULL),
(275, 38, 2, NULL),
(276, 42, 2, NULL),
(277, 46, 2, NULL),
(278, 47, 2, NULL),
(279, 48, 2, NULL),
(280, 50, 2, NULL),
(281, 52, 2, NULL),
(282, 53, 2, NULL),
(283, 54, 2, NULL),
(284, 55, 2, NULL),
(285, 56, 2, NULL),
(286, 58, 2, NULL),
(287, 60, 2, NULL),
(288, 61, 2, NULL),
(289, 62, 2, NULL),
(290, 63, 2, NULL),
(291, 66, 2, NULL),
(292, 67, 2, NULL),
(293, 68, 2, NULL),
(294, 69, 2, NULL),
(295, 70, 2, NULL),
(296, 71, 2, NULL),
(297, 73, 2, NULL),
(298, 74, 2, NULL),
(299, 79, 2, NULL),
(300, 80, 2, NULL),
(301, 81, 2, NULL),
(302, 82, 2, NULL),
(303, 83, 2, NULL),
(304, 85, 2, NULL),
(305, 89, 2, NULL),
(306, 90, 2, NULL),
(307, 91, 2, NULL),
(308, 94, 2, NULL),
(309, 96, 2, NULL),
(310, 97, 2, NULL),
(311, 100, 2, NULL),
(312, 101, 2, NULL),
(313, 104, 2, NULL),
(314, 106, 2, NULL),
(315, 107, 2, NULL),
(316, 108, 2, NULL),
(317, 110, 2, NULL),
(318, 111, 2, NULL),
(319, 112, 2, NULL),
(320, 113, 2, NULL),
(321, 114, 2, NULL),
(322, 116, 2, NULL),
(323, 118, 2, NULL),
(324, 119, 2, NULL),
(325, 121, 2, NULL),
(326, 124, 2, NULL),
(327, 125, 2, NULL),
(328, 129, 2, NULL),
(329, 130, 2, NULL),
(330, 131, 2, NULL),
(331, 132, 2, NULL),
(332, 134, 2, NULL),
(333, 135, 2, NULL),
(334, 137, 2, NULL),
(335, 138, 2, NULL),
(336, 139, 2, NULL),
(337, 140, 2, NULL),
(338, 142, 2, NULL),
(339, 144, 2, NULL),
(340, 145, 2, NULL),
(341, 146, 2, NULL),
(342, 147, 2, NULL),
(343, 148, 2, NULL),
(344, 149, 2, NULL),
(345, 153, 2, NULL),
(346, 154, 2, NULL),
(347, 157, 2, NULL),
(348, 160, 2, NULL),
(349, 161, 2, NULL),
(350, 162, 2, NULL),
(351, 163, 2, NULL),
(352, 164, 2, NULL),
(353, 165, 2, NULL),
(354, 167, 2, NULL),
(355, 170, 2, NULL),
(356, 171, 2, NULL),
(357, 175, 2, NULL),
(358, 176, 2, NULL),
(359, 177, 2, NULL),
(360, 178, 2, NULL),
(361, 179, 2, NULL),
(362, 181, 2, NULL),
(363, 182, 2, NULL),
(364, 183, 2, NULL),
(365, 185, 2, NULL),
(366, 187, 2, NULL),
(367, 188, 2, NULL),
(368, 192, 2, NULL),
(369, 193, 2, NULL),
(370, 198, 2, NULL),
(371, 202, 2, NULL),
(372, 206, 2, NULL),
(373, 207, 2, NULL),
(374, 213, 2, NULL),
(375, 218, 2, NULL),
(376, 230, 2, NULL),
(377, 231, 2, NULL),
(378, 232, 2, NULL),
(379, 233, 2, NULL),
(380, 235, 2, NULL),
(381, 236, 2, NULL),
(382, 238, 2, NULL),
(383, 239, 2, NULL),
(384, 240, 2, NULL),
(385, 241, 2, NULL),
(386, 242, 2, NULL),
(387, 249, 2, NULL),
(388, 252, 2, NULL),
(389, 253, 2, NULL),
(390, 254, 2, NULL),
(391, 255, 2, NULL),
(392, 256, 2, NULL),
(393, 260, 2, NULL),
(394, 262, 2, NULL),
(395, 263, 2, NULL),
(396, 264, 2, NULL),
(397, 265, 2, NULL),
(398, 266, 2, NULL),
(399, 267, 2, NULL),
(400, 268, 2, NULL),
(401, 274, 2, NULL),
(402, 276, 2, NULL),
(403, 277, 2, NULL),
(404, 278, 2, NULL),
(405, 279, 2, NULL),
(406, 280, 2, NULL),
(407, 282, 2, NULL),
(408, 285, 2, NULL),
(409, 286, 2, NULL),
(410, 287, 2, NULL),
(411, 288, 2, NULL),
(412, 289, 2, NULL),
(413, 290, 2, NULL),
(414, 291, 2, NULL),
(415, 292, 2, NULL),
(416, 294, 2, NULL),
(417, 296, 2, NULL),
(418, 298, 2, NULL),
(419, 300, 2, NULL),
(420, 301, 2, NULL),
(421, 302, 2, NULL),
(422, 303, 2, NULL),
(423, 304, 2, NULL),
(424, 305, 2, NULL),
(425, 306, 2, NULL),
(426, 307, 2, NULL),
(427, 309, 2, NULL),
(428, 315, 2, NULL),
(429, 316, 2, NULL),
(430, 317, 2, NULL),
(431, 319, 2, NULL),
(432, 322, 2, NULL),
(433, 323, 2, NULL),
(434, 324, 2, NULL),
(435, 328, 2, NULL),
(436, 331, 2, NULL),
(437, 332, 2, NULL),
(438, 333, 2, NULL),
(439, 334, 2, NULL),
(440, 335, 2, NULL),
(441, 336, 2, NULL),
(442, 337, 2, NULL),
(443, 338, 2, NULL),
(444, 341, 2, NULL),
(445, 342, 2, NULL),
(446, 343, 2, NULL),
(447, 344, 2, NULL),
(448, 345, 2, NULL),
(449, 346, 2, NULL),
(450, 347, 2, NULL),
(451, 351, 2, NULL),
(452, 352, 2, NULL),
(453, 354, 2, NULL),
(454, 356, 2, NULL),
(455, 359, 2, NULL),
(456, 361, 2, NULL),
(457, 362, 2, NULL),
(458, 365, 2, NULL),
(459, 367, 2, NULL),
(460, 369, 2, NULL),
(461, 371, 2, NULL),
(462, 373, 2, NULL),
(463, 376, 2, NULL),
(464, 377, 2, NULL),
(465, 379, 2, NULL),
(466, 385, 2, NULL),
(467, 389, 2, NULL),
(468, 515, 2, NULL),
(469, 517, 2, NULL),
(470, 520, 2, NULL),
(471, 522, 2, NULL),
(472, 528, 2, NULL),
(511, 6, 3, 'URL'),
(512, 8, 3, 'URL'),
(513, 9, 3, 'URL'),
(514, 11, 3, 'URL'),
(515, 12, 3, 'URL'),
(516, 13, 3, 'URL'),
(517, 14, 3, 'URL'),
(518, 15, 3, 'URL'),
(519, 16, 3, 'URL'),
(520, 17, 3, 'URL'),
(521, 19, 3, 'URL'),
(522, 21, 3, 'Client/Server'),
(523, 23, 3, 'URL'),
(524, 24, 3, 'URL'),
(525, 25, 3, 'URL'),
(526, 26, 3, 'URL'),
(527, 30, 3, 'URL'),
(528, 34, 3, 'URL'),
(529, 38, 3, 'Client/Server'),
(530, 42, 3, 'URL'),
(531, 46, 3, 'URL'),
(532, 47, 3, 'URL'),
(533, 48, 3, 'URL'),
(534, 50, 3, 'URL'),
(535, 52, 3, 'URL'),
(536, 53, 3, 'Client/Server'),
(537, 54, 3, 'URL'),
(538, 55, 3, 'URL'),
(539, 56, 3, 'Mainframe Applicatie'),
(540, 58, 3, 'URL'),
(541, 60, 3, 'Client/Server'),
(542, 61, 3, 'Mainframe Applicatie'),
(543, 62, 3, 'URL'),
(544, 63, 3, 'Client/Server'),
(545, 66, 3, 'Client/Server'),
(546, 67, 3, 'URL'),
(547, 68, 3, 'URL'),
(548, 69, 3, 'URL'),
(549, 70, 3, 'URL'),
(550, 71, 3, 'Client/Server'),
(551, 73, 3, 'URL'),
(552, 74, 3, 'URL'),
(553, 79, 3, 'Client/Server'),
(554, 80, 3, 'URL'),
(555, 81, 3, 'URL'),
(556, 82, 3, 'URL'),
(557, 83, 3, 'URL'),
(558, 85, 3, 'URL'),
(559, 89, 3, 'URL'),
(560, 90, 3, 'URL'),
(561, 91, 3, 'Client/Server'),
(562, 94, 3, 'URL'),
(563, 96, 3, 'URL'),
(564, 97, 3, 'URL'),
(565, 100, 3, 'URL'),
(566, 101, 3, 'Client/Server'),
(567, 104, 3, 'URL'),
(568, 106, 3, 'URL'),
(569, 107, 3, 'URL'),
(570, 108, 3, 'URL'),
(571, 110, 3, 'URL'),
(572, 111, 3, 'URL'),
(573, 112, 3, 'Client/Server'),
(574, 113, 3, 'URL'),
(575, 114, 3, 'URL'),
(576, 116, 3, 'URL'),
(577, 118, 3, 'URL'),
(578, 119, 3, 'URL'),
(579, 121, 3, 'URL'),
(580, 124, 3, 'Client/Server'),
(581, 125, 3, 'URL'),
(582, 129, 3, 'URL'),
(583, 130, 3, 'URL'),
(584, 131, 3, 'Nog geen Categorie'),
(585, 132, 3, 'URL'),
(586, 134, 3, 'URL'),
(587, 135, 3, 'URL'),
(588, 137, 3, 'URL'),
(589, 138, 3, 'URL'),
(590, 139, 3, 'URL'),
(591, 140, 3, 'URL'),
(592, 142, 3, 'URL'),
(593, 144, 3, 'URL'),
(594, 145, 3, 'URL'),
(595, 146, 3, 'URL'),
(596, 147, 3, 'URL'),
(597, 148, 3, 'URL'),
(598, 149, 3, 'URL'),
(599, 153, 3, 'URL'),
(600, 154, 3, 'URL'),
(601, 157, 3, 'Client/Server'),
(602, 160, 3, 'URL'),
(603, 161, 3, 'URL'),
(604, 162, 3, 'URL'),
(605, 163, 3, 'URL'),
(606, 164, 3, 'Mainframe Applicatie'),
(607, 165, 3, 'URL'),
(608, 167, 3, 'Client/Server'),
(609, 170, 3, 'Client/Server'),
(610, 171, 3, 'Nog geen Categorie'),
(611, 175, 3, 'Mainframe Applicatie'),
(612, 176, 3, 'Nog geen Categorie'),
(613, 177, 3, 'URL'),
(614, 178, 3, 'Client/Server'),
(615, 179, 3, 'URL'),
(616, 181, 3, 'URL'),
(617, 182, 3, 'URL'),
(618, 183, 3, 'URL'),
(619, 185, 3, 'URL'),
(620, 187, 3, 'URL'),
(621, 188, 3, 'URL'),
(622, 192, 3, 'Mainframe Applicatie'),
(623, 193, 3, 'URL'),
(624, 198, 3, 'Client/Server'),
(625, 202, 3, 'URL'),
(626, 206, 3, 'URL'),
(627, 207, 3, 'URL'),
(628, 213, 3, 'URL'),
(629, 218, 3, 'URL'),
(630, 230, 3, 'URL'),
(631, 231, 3, 'Client/Server'),
(632, 232, 3, 'URL'),
(633, 233, 3, 'URL'),
(634, 235, 3, 'URL'),
(635, 236, 3, 'Client/Server'),
(636, 238, 3, 'URL'),
(637, 239, 3, 'Client/Server'),
(638, 240, 3, 'URL'),
(639, 241, 3, 'URL'),
(640, 242, 3, 'URL'),
(641, 249, 3, 'URL'),
(642, 252, 3, 'URL'),
(643, 253, 3, 'URL'),
(644, 254, 3, 'URL'),
(645, 255, 3, 'URL'),
(646, 256, 3, 'Client/Server'),
(647, 260, 3, 'URL'),
(648, 262, 3, 'URL'),
(649, 263, 3, 'URL'),
(650, 264, 3, 'Mainframe Applicatie'),
(651, 265, 3, 'URL'),
(652, 266, 3, 'URL'),
(653, 267, 3, 'URL'),
(654, 268, 3, 'Client/Server'),
(655, 274, 3, 'URL'),
(656, 276, 3, 'Client/Server'),
(657, 277, 3, 'Client/Server'),
(658, 278, 3, 'URL'),
(659, 279, 3, 'URL'),
(660, 280, 3, 'URL'),
(661, 282, 3, 'URL'),
(662, 285, 3, 'URL'),
(663, 286, 3, 'URL'),
(664, 287, 3, 'URL'),
(665, 288, 3, 'URL'),
(666, 289, 3, 'URL'),
(667, 290, 3, 'Client/Server'),
(668, 291, 3, 'URL'),
(669, 292, 3, 'URL'),
(670, 294, 3, 'URL'),
(671, 296, 3, 'URL'),
(672, 298, 3, 'Mainframe Applicatie'),
(673, 300, 3, 'Client/Server'),
(674, 301, 3, 'Client/Server'),
(675, 302, 3, 'URL'),
(676, 303, 3, 'Client/Server'),
(677, 304, 3, 'URL'),
(678, 305, 3, 'URL'),
(679, 306, 3, 'URL'),
(680, 307, 3, 'URL'),
(681, 309, 3, 'URL'),
(682, 315, 3, 'Batchverwerking'),
(683, 316, 3, 'URL'),
(684, 317, 3, 'URL'),
(685, 319, 3, 'URL'),
(686, 322, 3, 'URL'),
(687, 323, 3, 'URL'),
(688, 324, 3, 'URL'),
(689, 328, 3, 'Client/Server'),
(690, 331, 3, 'URL'),
(691, 332, 3, 'URL'),
(692, 333, 3, 'URL'),
(693, 334, 3, 'Client/Server'),
(694, 335, 3, 'Client/Server'),
(695, 336, 3, 'URL'),
(696, 337, 3, 'URL'),
(697, 338, 3, 'Client/Server'),
(698, 341, 3, 'URL'),
(699, 342, 3, 'URL'),
(700, 343, 3, 'URL'),
(701, 344, 3, 'URL'),
(702, 345, 3, 'URL'),
(703, 346, 3, 'URL'),
(704, 347, 3, 'URL'),
(705, 351, 3, 'Client/Server'),
(706, 352, 3, 'URL'),
(707, 354, 3, 'URL'),
(708, 356, 3, 'URL'),
(709, 359, 3, 'URL'),
(710, 361, 3, 'URL'),
(711, 362, 3, 'URL'),
(712, 365, 3, 'URL'),
(713, 367, 3, 'URL'),
(714, 369, 3, 'URL'),
(715, 371, 3, 'URL'),
(716, 373, 3, 'URL'),
(717, 376, 3, 'URL'),
(718, 377, 3, 'URL'),
(719, 379, 3, 'URL'),
(720, 385, 3, 'Client/Server'),
(721, 389, 3, 'URL'),
(722, 512, 3, 'URL'),
(723, 515, 3, 'Nog geen Categorie'),
(724, 517, 3, 'URL'),
(725, 520, 3, 'Client/Server'),
(726, 522, 3, 'URL'),
(727, 528, 3, 'URL');

-- --------------------------------------------------------

--
-- Table structure for table `application`
--

CREATE TABLE IF NOT EXISTS `application` (
  `id` int(11) NOT NULL AUTO_INCREMENT COMMENT 'Unique reference of the record',
  `number` varchar(45) NOT NULL COMMENT 'Application number (a string!)',
  `name` varchar(255) NOT NULL COMMENT 'Application name',
  `cmdb_id` int(11) DEFAULT NULL COMMENT 'CMDB ID Number.',
  PRIMARY KEY (`id`)
) ENGINE=InnoDB  DEFAULT CHARSET=utf8 COMMENT='Application related data.' AUTO_INCREMENT=530 ;

--
-- Dumping data for table `application`
--

INSERT INTO `application` (`id`, `number`, `name`, `cmdb_id`) VALUES
(1, '90003', 'APEX_WORKSPACE_WVG', 1881),
(2, '90911', 'APEX_WORKSPACE_ONDERWIJS_VORMING', 2081),
(3, '90001', 'APEX_WORKSPACE_HB_RRT', 1821),
(4, '90908', 'APEX_WORKSPACE_ONDERWIJS', 1964),
(5, '00024', 'BEGROTINGGEG.', 43),
(6, '60271', 'BEHEER MARITIEME WERKEN', 2121),
(7, '00560', 'CAD AWZ', 86),
(8, '30233', 'CERTIFICATEN AANVRAAG TOEPASSING O&V (CAT)', 1561),
(9, '60223', 'CENTAURUS', 92),
(10, '40226', 'CJSM IEDEREENKANZETELEN', 2411),
(11, '30218', 'DATAWAREHOUSE ONDERWIJS &amp; VORMING', 111),
(12, '81008', 'DDC-DWH', 117),
(13, '00314', 'DB PATRIMONIUM', 114),
(14, '40008', 'DOMINO', 138),
(15, '60242', 'EDELTA', 152),
(16, '50210', 'EPB FRONT OFFICE (Energieprestatiedatabank)', 175),
(17, '60241', 'MOWDWH', 344),
(18, '81025', 'NAVISION', 2021),
(19, '10217', 'SECRETARIE_VR_DOCBASE (DORIS2)', 432),
(20, '00118', 'PERSONEELSSYST', 393),
(21, '00120', 'PROMOTE', 406),
(22, '00205', 'QMF-MILIEUDATABA', 409),
(23, '10226', 'TEAM_IV (SharePoint Team site IV)', 469),
(24, '60232', 'Sharepoint Team site LNE ANB', 1381),
(25, '60239', 'SPW', 444),
(26, '20057', 'VIP MAGDA', 515),
(27, '30235', 'TOETSEN VOOR SCHOLEN', 2381),
(28, '30043', 'VERGRIJZING', 497),
(29, '40245', 'THULOZO - VOORZIENINGEN', 2917),
(30, '10244', 'VLAAMSE INFOLIJN DWH', 2261),
(31, '00036', 'WEDDENSYSTEEM', 559),
(32, '10245', 'WAPENTRANSPORT', 2402),
(33, '60280', 'WBL WIKI', 2651),
(34, '50234', 'WS10 AWAP', 575),
(35, '20093', 'WEGWIJS', 2622),
(36, '81021', 'WIKI-TOEKOMSTVISIE', 566),
(37, '50224', 'WSE_WCM_DOCBASE', 574),
(38, '50259', 'AO CRM KRIS', 2201),
(39, '90909', 'APEX_WORKSPACE_ONDERWIJS_AKOV', 2001),
(40, '90019', 'APEX_WORKSPACE_HB_CMDB', 2501),
(41, '30006', 'BEREKENING BEDRIJFSVOORHEFFING', 63),
(42, '10014', 'BIBIS', 71),
(43, '00276', 'BEHEER MATERIEEL', 50),
(44, '20104', 'BEHEERTOOL DRUKKERIJ', 2821),
(45, '00598', 'ARCHIEF', 25),
(46, '81005', 'ARIBA', 28),
(47, '10237', 'BTO BOOKINGS', 1642),
(48, '70202', 'CJSM_DOCBASE', 96),
(49, '50247', 'DAC EN GESCO (EASYPAY)', 821),
(50, '20092', 'DIGITAAL LOKET - MIJN BINNENLAND', 2541),
(51, '30012', 'EDISON REMEDY', 156),
(52, '50246', 'EP-PLUS', 961),
(53, '60245', 'EPC BACK OFFICE', 721),
(54, '60211', 'EROOM_MOW', 182),
(55, '50220', 'ECOLOGIEPREMIES VIA CALL', 177),
(56, '00011', 'EPD', 178),
(57, '20072', 'ELISA_DOCBASE', 170),
(58, '60222', 'GEO_DOCBASE', 212),
(59, '60277', 'FLOODWATCH', 2401),
(60, '50264', 'FLUX', 2602),
(61, '00020', 'LEERLINGTELLING', 309),
(62, '20060', 'INTERFLEX', 260),
(63, '00231', 'HOLV', 233),
(64, '81030', 'HP CAE', 2461),
(65, '40237', 'GROENDAALHEYDE', 2843),
(66, '10241', 'GIDSEN TOERISME VLAANDEREN', 1981),
(67, '50213', 'KMO PORTEFEUILLE', 302),
(68, '60200', 'KIM_DOCBASE', 298),
(69, '00162', 'JURIS', 290),
(70, '30224', 'JIRA OV', 621),
(71, '10238', 'MAGAZIJNBEHEER TOERISME VLAANDEREN', 1661),
(72, '50266', 'LMN II', 2742),
(73, '30234', 'ONDERWIJSPORTAAL', 2161),
(74, '00023', 'ONTSLUITING INST LL', 365),
(75, '40251', 'OPON', 2912),
(76, '50216', 'SBW', 424),
(77, '60141', 'RIS', 413),
(78, '00123', 'SCHULDBEHEER FL', 429),
(79, '50254', 'SAS DWH', 1501),
(80, '60270', 'PLANGEO', 2003),
(81, '60263', 'SHAREPOINT VEA TEAM SITE', 1563),
(82, '10236', 'SHAREPOINT TVL TEAM SITE KOMSA', 1562),
(83, '60262', 'SHAREPOINT WATLAB', 1541),
(84, '30065', 'SIM UITSTAPPLAN', 436),
(85, '50228', 'TEAM_EWI (SharePoint site EWI)', 467),
(86, '40211.01', 'Sharepoint Open site WVG Zorginspectie', 1282),
(87, '20070.02', 'Sharepoint Team site FB', 1327),
(88, '40211.02', 'Sharepoint Team Modular site WVG Zorginspectie', 1281),
(89, '10230', 'STR8 (Siebel)', 453),
(90, '10232', 'TELEFOONGIDS VLAAMSE OVERHEID (TGV2)', 701),
(91, '10242', 'TEWERKSTELLING TOERISME VLAANDEREN', 1982),
(92, '50258', 'SUMO-WSE', 2141),
(93, '00585', 'TAKSDB ONDERWIJSPERSONEEL', 462),
(94, '60275', 'VERKEERSBORDENDATABANK (VKB)', 2301),
(95, '40256', 'THULOZO - BURGER', 2916),
(96, '01133', 'VERGUNNINGENREGISTER', 498),
(97, '10234', 'VLIS', 1021),
(98, '30038', 'ZENDINGEN', 581),
(99, '60101', 'WILDBEHEERSEENH', 567),
(100, '50218', 'AEO-INKOM', 7),
(101, '50051', 'ABATTOIR', 4),
(102, '90004', 'APEX_WORKSPACE_HB_WA', 1901),
(103, '90005', 'APEX_WORKSPACE_MOW_PL', 1961),
(104, '60233', 'ATO_DOCBASE', 31),
(105, '60003', 'ARAN', 19),
(106, '20075', 'BZ_DOCBASE', 83),
(107, '00344', 'BRYGGJA', 78),
(108, '30201', 'DIGITAAL AANVRAAG FORMULIER (DAF)', 127),
(109, '50201', 'DIOXINE', 132),
(110, '30213', 'DHO STUDENTENPORTAAL', 124),
(111, '81013', 'EIB_DOCBASE', 165),
(112, '20042', 'DWH APS', 148),
(113, '60234', 'EPC WEBSERVICE NOTARISSEN', 176),
(114, '50214', 'ESF 2007-2013', 183),
(115, '50267', 'ERS', 2861),
(116, '60247', 'EPM', 862),
(117, '00122', 'FRED', 199),
(118, '50251', 'eSUBSIDIELOKET \Z TWP', 1004),
(119, '60240', 'FAST', 191),
(120, '00587', 'INFRASTRUCT.SYST', 252),
(121, '00325', 'IBIS', 246),
(122, '20088', 'INTELLIGENTE SCANNING', 2282),
(123, '40253', 'INTEROPON', 2918),
(124, '00327', 'HYDRA', 240),
(125, '20041', 'GISD', 217),
(126, '40241', 'GKBPLUS', 2903),
(127, '00215', 'HUIS PREMIES OUD', 236),
(128, '20085', 'KIS (KLANTEN INFORMATIE SYSTEEM)', 1741),
(129, '60267', 'MISTER', 1701),
(130, '50268', 'MERCURIUS CRM', 2881),
(131, '20087', 'MAGDA GEO', 1801),
(132, '60268', 'MATADOR', 1702),
(133, '20043', 'OPVOLGING BELEIDSINDICATOREN DATAWAREHOUSE', 374),
(134, '30200', 'ONDERWIJS_DOCBASE', 362),
(135, '00112', 'NADIA', 348),
(136, '20095', 'NEOPOST FRANKEEROMGEVING', 2642),
(137, '10003.2', 'NIEUWSBERICHTEN', 353),
(138, '00969', 'RWO GIS', 421),
(139, '50244', 'QUOVIS 2010', 781),
(140, '60252', 'POSTREGISTRATIE', 942),
(141, '60123', 'PROJECTSUBS SOC', 405),
(142, '81009', 'SLA-ENGINE', 438),
(143, '30048', 'SOCFLAN', 441),
(144, '60228', 'TEAM_MOW (Sharepoint MOW)', 472),
(145, '30068', 'STUDIETOELAGEN BO', 457),
(146, '10024', 'TELEFOONGIDS VL (TGV)', 477),
(147, '30219', 'V-EPD_DOCBASE', 494),
(148, '10011', 'VLIOM-MANDATENDB', 526),
(149, '60224', 'WINTERDIENST EXPLOITATIE', 569),
(150, '50221', 'AO_DOCBASE', 16),
(151, '90020', 'APEX_WORKSPACE_AFM3', 2781),
(152, '20103', 'BOS MOD - BESTEL EN OPVOLGING SYSTEEM', 2650),
(153, '00219', 'BREDERO', 76),
(154, '20089', 'BEGROTINGSHANDBOEK', 2422),
(155, '40240', 'CAMERAMANAGER', 2902),
(156, '00015', 'CLB-ARTS', 264),
(157, '00394', 'DATA WAREHOUSE MIS', 110),
(158, '10243', 'CRM SYSTEEM TVL', 2241),
(159, '30239', 'CO-SCHOOL', 2385),
(160, '30246', 'DIGIS', 2761),
(161, '50229', 'DIGIBIB (LV_Docbase)', 321),
(162, '50257', 'ASA (DEP LV MUG)', 2041),
(163, '50242', 'DIGIBIB', 126),
(164, '30208', 'DHO', 123),
(165, '50217', 'EFRO', 164),
(166, '40249', 'DWHFLOW', 2910),
(167, '60231', 'EPB BACK OFFICE', 174),
(168, '50018', 'EXACT', 187),
(169, '81010', 'IDM_ACM_SSO', 250),
(170, '00111', 'INA', 251),
(171, '60266', 'GISKUST', 1681),
(172, '40250', 'GIBALIE', 2911),
(173, '01006', 'K3', 361),
(174, '10215', 'LABORA', 305),
(175, '00188', 'MILIEU VERGUNNIN', 337),
(176, '00947', 'MILIEU-INSPECTIE', 339),
(177, '50252', 'LMN', 1355),
(178, '10227', 'MAESTRO', 323),
(179, '20008', 'ORAFIN', 380),
(180, '50262', 'OPROEPEN WERK EN SOCIALE ECONOMIE (OWSE)', 2441),
(181, '40216', 'OGJ2', 358),
(182, '00255', 'SCHADE WEGEN', 425),
(183, '10224', 'TEAM_DAR (SharePoint site DAR)', 465),
(184, '30238', 'SIDIN', 2384),
(185, '10225', 'PUBLIEK_DAR (Sharepoint Publieke site DAR SVR)', 407),
(186, '10235', 'SHAREPOINT KABINETTEN', 1360),
(187, '30210', 'TEAM_OV (SharePoint Team site OV)', 473),
(188, '40214', 'TEAM_CJSM (SharePoint CJSM-VRM)', 464),
(189, '81015.02', 'Sharepoint Team site HB', 1359),
(190, '40211.08', 'Sharepoint Team site WVG Zorg en Gezondheid', 1343),
(191, '00029', 'STAT. JAARBOEKEN', 449),
(192, '00034', 'TOELAGEN', 486),
(193, '81001', 'VOPS', 529),
(194, '20068', 'WebIDM-voor-WebEDISON', 537),
(195, '00359', 'WEB PUBLICATIES', 538),
(196, '81034', 'WEBIDM3', 2921),
(197, '40220', 'WEBSITES CJSM', 2101),
(198, '50241', 'AO_DWH_MIS', 10),
(199, '90000', 'APEX_WORKSPACE_BEHEER', 1841),
(200, '90002', 'APEX_WORKSPACE_AFM', 1842),
(201, '90006', 'APEX_WORKSPACE_MOW_PL_GEN', 1962),
(202, '81022', 'APPLICATIE MONITORING PLATFORM (AMP)', 1141),
(203, '90017', 'APEX_WORKSPACE_MOW_ATO', 2304),
(204, '90014', 'APEX_WORKSPACE_SAR', 2307),
(205, '00117', 'FS', 201),
(206, '20073', 'FB_DOCBASE', 192),
(207, '20067', 'FCH', 193),
(208, '50043', 'EWT DATA WAREHOUSE', 186),
(209, '60282', 'EXPERTBASE', 2801),
(210, '40255', 'INTERCAP', 2915),
(211, '20039', 'GESCHILLEN', 215),
(212, '40248', 'GILOG', 2909),
(213, '60253', 'LEGAL SUITE', 1042),
(214, '60110', 'LISTPRO', 314),
(215, '60269', 'LATIS', 1781),
(216, '20036', 'LEEGSTAND BEDRIJFSRUIMTEN', 307),
(217, '20003', 'LEEGSTAND WONINGEN', 308),
(218, '20083', 'KBI', 1441),
(219, '50269', 'KICTAPPS', 2941),
(220, '30247', 'MDM (MASTER DATA MANAGEMENT)', 2862),
(221, '60227', 'MT_CEL_MI_DOCBASE', 345),
(222, '10020', 'MUURKRANT', 347),
(223, '50206', 'NAVO - 2', 350),
(224, '40254', 'NIEUWSBRIEF WELZIJN &amp; SAMENLEVING', 2914),
(225, '40252', 'ODELO', 2913),
(226, '30237', 'PLANNINGIAVA', 2383),
(227, '30035', 'SOCLINK (EEG)', 442),
(228, '40211.05', 'Sharepoint Publieke site WVG', 1286),
(229, '40211.04', 'Sharepoint Open site WVG', 1285),
(230, '50231', 'TEAM_WSE (SharePoint site WSE)', 475),
(231, '30207', 'STUDIETOELAGEN_SCANNING', 458),
(232, '10012', 'TAALADVIES', 461),
(233, '10233', 'TOEGANKELIJK VLAANDEREN', 981),
(234, '50265', 'VLAO GIS', 2621),
(235, '60249', 'WEGENDATABANK', 1121),
(236, '10212', 'WAPENLICENTIES', 533),
(237, '60217', 'VLOMIS', 1601),
(238, '20051', 'VLIMPERS/FLAMINGO', 524),
(239, '40219', 'ZG RAPPORTERINGSOMGEVING', 2061),
(240, '50236', 'WS10 ELECTRONISCH INSPECTIEDOSSIER', 577),
(241, '50024', 'WSE_DOCBASE', 573),
(242, '60246', 'WISKI', 861),
(243, '90007', 'APEX_WORKSPACE_MOW_PLOEG', 1963),
(244, '90015', 'APEX_WORKSPACE_CJSM', 2308),
(245, '90016', 'APEX_WORKSPACE_MOW_ITO', 2303),
(246, '40215', 'BOEKHOUDPAKET', 74),
(247, '81031', 'BIZZDESIGN', 2481),
(248, '20027', 'BECODA', 40),
(249, '10228', 'BZDWH', 84),
(250, '00308', 'CARIS ZEEKAARTEN', 88),
(251, '50255', 'CDB (CONTACTEN DATABASE)', 1742),
(252, '10229', 'DAR_DOCBASE', 109),
(253, '10239', 'CRM BRAVO', 1743),
(254, '81018', 'CMDB2', 100),
(255, '30231', 'DAVINCI', 1421),
(256, '20077', 'DTP (Digitaal Teken Platform)', 147),
(257, '30049', 'DETACHERINGEN', 122),
(258, '00012', 'ELEK. SCHOOLDOSS', 167),
(259, '00131', 'ELISA', 169),
(260, '10013', 'GEDV GRONDW HOF', 205),
(261, '60219', 'FINLOG HELPDESK', 195),
(262, '10247', 'INFOLIJN TELETOLK', 2404),
(263, '50211', 'INKOM MIDDLEWARE', 222),
(264, '00217', 'HUIS TOEL NIEUW', 237),
(265, '00286', 'HISTORIA', 230),
(266, '40212', 'GOS', 221),
(267, '60066', 'GRONDOVERSCHOT', 226),
(268, '00147', 'MOBGIS', 343),
(269, '81023', 'MANAGED FILE TRANSFER (MFT)', 1721),
(270, '40242', 'LOGIS - DEEL KLANTEN', 2904),
(271, '40243', 'LOGIS - DEEL LOGISTIEK', 2905),
(272, '40221', 'OPERA', 2221),
(273, '40246', 'BEVRIJ', 2907),
(274, '60250', 'BATHYMETRISCH GRID', 801),
(275, '00260', 'CADSTAR', 87),
(276, '40217', 'CJSM MIS', 352),
(277, '10038', 'CMS GEN ASSETS', 101),
(278, '50208', 'DBS-ABB', 115),
(279, '81007', 'DDC-DMS', 116),
(280, '30232', 'DISCIMUS', 1422),
(281, '81004', 'DIGITAL WORKFLOW (SERVICE CENTER)', 129),
(282, '30228', 'DHO REKENMOTOR', 722),
(283, '30042', 'EDULEX', 161),
(284, '60272', 'ELMO', 2162),
(285, '60276', 'GEOLOKET ONGEVALLEN', 2302),
(286, '81024', 'IPDC PRODUCTENCATALOGUS', 1921),
(287, '10246', 'INFOLIJN DEPARTEMENTELE SITE', 2403),
(288, '10220', 'IPUBLISH INT', 278),
(289, '60256', 'IRG', 1181),
(290, '60243', 'LIMS-WL', 601),
(291, '50001', 'MIA', 336),
(292, '00369', 'MERCATOR', 335),
(293, '30236', 'MEXREGISTER', 2382),
(294, '60261', 'MOW APEX', 1521),
(295, '40236', 'MICADO', 2842),
(296, '60251', 'MADAME', 921),
(297, '00218', 'MELANIE', 331),
(298, '00022', 'OMKADERING', 359),
(299, '40210', 'SCRFT', 431),
(300, '50249', 'RAPPORTERING TEWERKSTELLINGSPROGRAMMAS', 1002),
(301, '10219', 'SECRETARIE_VR_SCANNING', 433),
(302, '40211', 'SHAREPOINT_WVG (SharePoint sites WVG)', 435),
(303, '00132', 'VDVU - ELVIRE', 493),
(304, '10007', 'VLAAMSE CODEX', 518),
(305, '81020', 'WEBIDM2', 541),
(306, '60264', 'WEBSITES WATLAB', 1581),
(307, '30067', 'WEBEDISON', 540),
(308, '40206', 'VPR', 530),
(309, '30221', 'WWJW', 578),
(310, '81017', 'WIKI-ICT', 565),
(311, '90021', 'APEX_WORKSPACE_VAZG_OP', 3041),
(312, '90010', 'APEX_WORKSPACE_E-IB_INTERN', 2002),
(313, '90011', 'APEX_WORKSPACE_AWV', 2306),
(314, '90013', 'APEX_WORKSPACE_ONDERWIJS_WEETULEX', 2305),
(315, '20084', 'BBC-DR', 1621),
(316, '20044', 'APS WEBSITE', 18),
(317, '00125', 'ARCHIBUS', 24),
(318, '40247', 'CAP', 2908),
(319, '00351', 'DOV', 142),
(320, '11601', 'DOCUMENTUM GEMEENSCHAPPELIJK', 723),
(321, '30248', 'DHO2', 3001),
(322, '60244', 'DENK', 663),
(323, '10037', 'ELEKTRONISCH BESTELLOKET VAN PUBLICATIES (EBL)', 168),
(324, '60257', 'GEOPORTAAL MOBILITEIT (GEOMOB)', 1201),
(325, '60283', 'FIETS', 2961),
(326, '00019', 'INSCHR.LEERLING', 255),
(327, '60218', 'HYDROGRAFISCHE PEILINGEN', 244),
(328, '00390', 'GKB', 218),
(329, '40234', 'GSA_CJSM (GOOGLE SEARCH)', 2741),
(330, '30223', 'HATS', 228),
(331, '10028', 'IV (PORTAALSITE FLANDERS)', 397),
(332, '30230', 'LEER EN ERVARINGSDATABANK (LED)', 841),
(333, '81014', 'JIRA', 286),
(334, '00386', 'JEUGDBIJSTAND', 285),
(335, '81029', 'MFT PLATFORM', 2386),
(336, '20061', 'MANDATENBEHEER', 326),
(337, '60254', 'MAGPLUS', 1101),
(338, '60138', 'MARGO - MONITORING AIRPORT REGIONAL GENERAL ORGANIZATION', 328),
(339, '60225', 'OPV BELEIDSBRIEF', 373),
(340, '30037', 'ONDERWIJSAANBOD', 454),
(341, '60281', 'MOW DATAROOM', 2721),
(342, '60248', 'RWO APEX', 681),
(343, '50243', 'SBW Prestatiestaten', 741),
(344, '40204', 'ORKA', 382),
(345, '10223', 'TEAM_BZ', 463),
(346, '60229', 'TEAM_LV (Sharepoint LV)', 1350),
(347, '60230', 'TEAM_RWO (SharePoint site RWO)', 474),
(348, '40211.07', 'Sharepoint Team Judo site WVG', 1284),
(349, '30045', 'TELEFOONGIDS ONDERWIJS', 476),
(350, '00031', 'STUDIETOELAGEN', 456),
(351, '00586', 'TVO TRUGVORD.OND', 492),
(352, '10026', 'VLAAMSE INFOLIJN (PORTAAL)', 519),
(353, '40244', 'VIPA WAARBORGAPPLICATIE (VWA)', 2906),
(354, '30226', 'SCM SUBVERSION', 842),
(355, '06003', 'VISVERLOVEN', 517),
(356, '60075', 'VLIMPERS', 523),
(357, '60265', 'VOORSPELLINGSSYSTEEM KUST EN SCHELDE', 1641),
(358, '30225', 'WATCHDOC', 761),
(359, '81033', 'VO-DCB (DIGITAAL CERTIFICATENBEHEER)', 2562),
(360, '50263', 'WSE PRODUCTXPRESS', 2601),
(361, '30227', 'ADOBE LIFECYCLE PRIL', 881),
(362, '00257', 'ANALINDA', 15),
(363, '90012', 'APEX_WORKSPACE_MOW_DATAROOM', 2082),
(364, '90018', 'APEX_WORKSPACE_AWV-WK', 2341),
(365, '40213', 'CIB (CENTRAAL IDENTIFICATIEBESTAND)', 94),
(366, '30251', 'CORSA', 3081),
(367, '30209', 'CREON', 107),
(368, '10240', 'COMMUNICATIE JAARVERSLAG (JACOM)', 1861),
(369, '00264', 'DELTA', 120),
(370, '30056', 'ELECT.LEEROMGEV.', 166),
(371, '50059', 'ECOLOGIEPREMIES', 151),
(372, '30249', 'EPLUSLINK', 3042),
(373, '60235', 'EPACT', 173),
(374, '20105', 'FMIS', 3101),
(375, '40235', 'FAUNUS', 2841),
(376, '50041', 'GROEIPREMIES VIA CALL', 274),
(377, '10218', 'IPUBLISH', 277),
(378, '30211', 'LLP-LINK', 315),
(379, '10214', 'OESO', 356),
(380, '60279', 'PORTAAL WATERINFO', 2561),
(381, '81015.01', 'Sharepoint Open site HB', 1358),
(382, '20007', 'VERVOER', 505),
(383, '00906', 'WEB-PUBLICATIES AAAD', 543),
(384, '60094', 'WEBSITE WONEN', 557),
(385, '50052', 'VMS', 527),
(386, '60274', 'VOBIP HUISVESTING', 2181),
(387, '60273', 'YAMI', 2163),
(388, '40239', 'WVG''S WIE-IS-WIE', 2901),
(389, '81012', 'WONDER', 571),
(390, '50261', 'WSE - MANDATENBEVRAGING', 2418),
(512, '30229', 'STUDIETOELAGEN WEBFORMULIER', NULL),
(513, '00060', 'IRIS 2', NULL),
(514, '00232', 'INVENTAR', NULL),
(515, '00244', 'BEHEER VERBINTEN', NULL),
(516, '00259', 'VERA-VERKEERSTELLING', NULL),
(517, '00333', 'GEOSYS', NULL),
(518, '00955', 'PEILPUTTEN STORT', NULL),
(519, '01009', 'RISICOBEDRIJVEN', NULL),
(520, '10210', 'TRADOS (VERTAALSYSTEEM)', NULL),
(521, '20049', 'VFP', NULL),
(522, '20058', 'FLAMINGO-ORAFIN', NULL),
(523, '20082', 'BZ_SCANNING', NULL),
(524, '50239', 'FRIS RESEARCH PORTAL', NULL),
(525, '50248', 'PURE', NULL),
(526, '50253', 'DYNAMISCHE WEBSERVICE TOOL', NULL),
(527, '50260', 'LOD', NULL),
(528, '60096', 'ASFALTMENGSEL', NULL),
(529, '60213', 'BEHEER BAGGERWERKEN', NULL);

-- --------------------------------------------------------

--
-- Table structure for table `req_internet_whitelist`
--

CREATE TABLE IF NOT EXISTS `req_internet_whitelist` (
  `id` int(11) NOT NULL AUTO_INCREMENT COMMENT 'Unique reference of the record',
  `server` varchar(500) NOT NULL COMMENT 'Servername that is requested for forward proxy whitelist',
  `port` int(11) NOT NULL COMMENT 'Port (default 80)',
  `source_id` int(11) NOT NULL COMMENT 'Links to the source of the information.',
  PRIMARY KEY (`id`),
  KEY `source_id` (`source_id`)
) ENGINE=InnoDB  DEFAULT CHARSET=utf8 COMMENT='Maintains the requests to Internet Whitelisting' AUTO_INCREMENT=4 ;

--
-- Dumping data for table `req_internet_whitelist`
--

INSERT INTO `req_internet_whitelist` (`id`, `server`, `port`, `source_id`) VALUES
(1, 'codex.vlaanderen.be', 80, 9),
(2, 'vormingbegroting.fenb.be', 80, 9),
(3, 'vom.eu.hpbpaas.com', 80, 10);

-- --------------------------------------------------------

--
-- Table structure for table `req_network_path`
--

CREATE TABLE IF NOT EXISTS `req_network_path` (
  `id` int(11) NOT NULL AUTO_INCREMENT COMMENT 'Unique reference of the record',
  `ip_address` varchar(20) NOT NULL,
  `port` int(11) NOT NULL,
  `source_id` int(11) DEFAULT NULL COMMENT 'Link to the source of this information.',
  PRIMARY KEY (`id`),
  KEY `source_id` (`source_id`)
) ENGINE=InnoDB  DEFAULT CHARSET=utf8 COMMENT='Consolidates all requests to op network paths from Sitescope' AUTO_INCREMENT=186 ;

--
-- Dumping data for table `req_network_path`
--

INSERT INTO `req_network_path` (`id`, `ip_address`, `port`, `source_id`) VALUES
(1, '10.1.110.167', 80, 6),
(2, '10.1.110.168', 80, 6),
(3, '10.1.110.227', 80, 6),
(4, '10.1.110.228', 80, 6),
(5, '10.1.120.99', 80, 6),
(6, '10.1.185.55', 80, 6),
(7, '10.1.237.106', 80, 6),
(8, '10.1.237.123', 80, 6),
(9, '10.129.38.9', 80, 6),
(10, '10.22.15.66', 80, 6),
(11, '10.22.19.56', 80, 6),
(12, '10.22.19.59', 8080, 6),
(13, '10.22.19.63', 8080, 6),
(14, '10.22.19.65', 80, 6),
(15, '10.22.19.67', 8080, 6),
(16, '10.22.19.68', 80, 6),
(17, '10.22.19.69', 8080, 6),
(18, '10.22.19.71', 80, 6),
(19, '10.22.19.76', 8080, 6),
(20, '10.22.19.77', 80, 6),
(21, '10.22.2.129', 80, 6),
(22, '10.22.2.130', 80, 6),
(23, '10.22.2.131', 80, 6),
(24, '10.22.2.147', 80, 6),
(25, '10.22.2.151', 80, 6),
(26, '10.22.2.152', 80, 6),
(27, '10.22.2.154', 80, 6),
(28, '10.22.2.157', 80, 6),
(29, '10.22.2.179', 80, 6),
(30, '10.22.2.36', 80, 6),
(31, '10.22.2.51', 8080, 6),
(32, '10.22.25.130', 80, 6),
(33, '10.22.4.131', 80, 6),
(34, '10.22.4.160', 80, 6),
(35, '10.22.66.110', 80, 6),
(36, '10.22.66.23', 80, 6),
(37, '10.22.66.26', 80, 6),
(38, '10.22.74.100', 80, 6),
(39, '10.22.74.100', 443, 6),
(40, '10.22.74.104', 80, 6),
(41, '10.22.74.108', 80, 6),
(42, '10.22.74.108', 443, 6),
(43, '10.22.74.109', 80, 6),
(44, '10.22.74.4', 8000, 6),
(45, '10.22.75.184', 80, 6),
(46, '10.22.75.46', 80, 6),
(47, '10.22.75.47', 80, 6),
(48, '10.22.77.26', 80, 6),
(49, '10.22.77.7', 443, 6),
(50, '10.22.77.9', 80, 6),
(51, '10.22.79.11', 80, 6),
(52, '10.22.79.30', 80, 6),
(53, '10.22.79.33', 80, 6),
(54, '10.22.79.41', 80, 6),
(55, '10.22.80.17', 80, 6),
(56, '10.22.82.13', 80, 6),
(57, '10.22.85.163', 8080, 6),
(58, '10.22.87.181', 80, 6),
(59, '10.22.87.181', 8099, 6),
(60, '10.22.87.182', 80, 6),
(61, '10.22.87.184', 80, 6),
(62, '10.22.87.5', 80, 6),
(63, '10.23.224.117', 80, 6),
(64, '10.23.224.28', 80, 6),
(65, '10.23.228.120', 80, 6),
(66, '10.23.228.20', 80, 6),
(67, '10.23.228.28', 80, 6),
(68, '10.23.232.84', 8080, 6),
(69, '10.23.38.57', 80, 6),
(70, '10.40.103.20', 80, 6),
(71, '10.40.118.5', 80, 6),
(72, '10.40.120.4', 80, 6),
(73, '10.40.120.4', 443, 6),
(74, '149.250.246.77', 80, 6),
(75, '185.13.43.233', 80, 6),
(76, '188.93.103.99', 80, 6),
(77, '198.18.132.42', 80, 6),
(78, '198.18.96.1', 80, 6),
(79, '198.18.96.18', 80, 6),
(80, '198.18.96.18', 443, 6),
(81, '31.193.179.142', 80, 6),
(82, '85.255.206.104', 80, 6),
(83, '88.151.246.211', 80, 6),
(84, '10.1.226.121', 80, 11),
(85, '10.22.19.57', 80, 11),
(86, '10.22.19.66', 80, 11),
(87, '10.22.2.173', 80, 11),
(88, '10.22.66.108', 80, 11),
(89, '10.22.79.1', 80, 11),
(90, '10.22.79.12', 80, 11),
(91, '10.22.81.130', 80, 11),
(92, '10.22.81.142', 80, 11),
(93, '10.22.96.6', 80, 11),
(94, '10.23.224.102', 80, 11),
(95, '10.23.224.229', 80, 11),
(96, '10.23.224.84', 80, 11),
(97, '10.40.108.26', 80, 11),
(98, '198.19.2.65', 80, 11),
(99, '10.23.236.52', 80, 12),
(100, '10.22.2.52', 80, 12),
(101, '10.23.224.244', 80, 12),
(102, '10.23.224.133', 80, 12),
(103, '10.23.224.164', 80, 12),
(104, '10.22.77.28', 80, 12),
(105, '10.23.224.36', 80, 12),
(106, '10.22.85.15', 80, 12),
(107, '10.23.224.150', 80, 12),
(108, '10.23.224.154', 80, 12),
(109, '10.23.224.149', 80, 12),
(110, '10.22.82.15', 80, 12),
(111, '10.22.10.9', 80, 12),
(112, '10.22.66.13', 80, 12),
(113, '10.22.2.2', 80, 12),
(114, '10.22.96.1', 80, 12),
(115, '10.23.224.76', 80, 12),
(116, '10.22.2.27', 80, 12),
(117, '10.23.224.151', 80, 12),
(118, '10.23.224.152', 80, 12),
(119, '10.23.225.4', 80, 12),
(120, '10.23.224.55', 80, 12),
(121, '10.22.81.196', 80, 12),
(122, '10.23.224.153', 80, 12),
(123, '10.22.96.5', 80, 12),
(124, '10.22.75.47', 80, 12),
(125, '10.22.2.22', 80, 12),
(126, '10.22.82.17', 80, 12),
(127, '10.22.75.53', 80, 12),
(128, '10.22.85.5', 80, 12),
(129, '10.22.82.19', 80, 12),
(130, '10.22.85.21', 80, 12),
(131, '10.22.81.203', 80, 12),
(132, '10.22.77.37', 80, 12),
(133, '10.22.77.37', 80, 12),
(134, '10.22.77.37', 80, 12),
(135, '10.129.39.1', 80, 12),
(136, '10.22.24.16', 80, 12),
(137, '10.22.24.147', 80, 12),
(138, '10.22.77.11', 80, 12),
(139, '10.22.77.12', 80, 12),
(140, '10.22.77.13', 80, 12),
(141, '10.22.77.14', 80, 12),
(142, '10.22.77.15', 80, 12),
(143, '10.22.77.16', 80, 12),
(144, '10.22.77.18', 80, 12),
(145, '10.22.77.19', 80, 12),
(146, '10.22.77.20', 80, 12),
(147, '10.22.77.22', 80, 12),
(148, '10.22.77.23', 80, 12),
(149, '10.22.77.25', 80, 12),
(150, '10.22.77.35', 80, 12),
(151, '10.22.77.39', 80, 12),
(152, '10.22.77.41', 80, 12),
(153, '10.22.77.50', 80, 12),
(154, '10.22.77.51', 80, 12),
(155, '10.22.77.52', 80, 12),
(156, '10.22.77.53', 80, 12),
(157, '10.22.77.55', 80, 12),
(158, '10.22.77.56', 80, 12),
(159, '10.22.77.59', 80, 12),
(160, '10.22.77.61', 80, 12),
(161, '10.22.77.62', 80, 12),
(162, '10.22.77.64', 80, 12),
(163, '10.22.77.65', 80, 12),
(164, '10.22.77.66', 80, 12),
(165, '10.22.77.70', 80, 12),
(166, '10.22.77.71', 80, 12),
(167, '10.22.77.72', 80, 12),
(168, '10.22.77.73', 80, 12),
(169, '10.22.2.148', 80, 12),
(170, '10.22.75.82', 80, 12),
(171, '10.22.2.50', 80, 12),
(172, '10.22.66.11', 80, 12),
(173, '10.22.74.82', 80, 12),
(174, '10.22.2.174', 80, 12),
(175, '10.23.228.36', 80, 12),
(176, '10.22.77.9', 80, 12),
(177, '10.22.77.9', 80, 12),
(178, '10.22.77.9', 80, 12),
(179, '10.22.77.9', 80, 12),
(180, '10.22.77.9', 80, 12),
(181, '10.22.10.17', 80, 12),
(182, '10.22.77.20', 80, 12),
(183, '10.22.77.49', 80, 12),
(184, '10.22.77.49', 80, 12),
(185, '10.22.79.17', 80, 12);

-- --------------------------------------------------------

--
-- Table structure for table `req_revproxy_tx`
--

CREATE TABLE IF NOT EXISTS `req_revproxy_tx` (
  `id` int(11) NOT NULL AUTO_INCREMENT COMMENT 'Unique reference of the record',
  `server` varchar(500) NOT NULL COMMENT 'Server name in reverse proxy. Can contain path information.',
  `ip_address` varchar(20) NOT NULL,
  `port` int(11) NOT NULL,
  `source_id` int(11) DEFAULT NULL COMMENT 'Link to the source of the information',
  PRIMARY KEY (`id`),
  KEY `source_id` (`source_id`)
) ENGINE=InnoDB  DEFAULT CHARSET=utf8 COMMENT='Maintains the translations on the reverse proxy.' AUTO_INCREMENT=229 ;

--
-- Dumping data for table `req_revproxy_tx`
--

INSERT INTO `req_revproxy_tx` (`id`, `server`, `ip_address`, `port`, `source_id`) VALUES
(114, 'bryggja.vlaanderen.be', '10.23.236.52', 80, 7),
(115, 'centaurus.vlaanderen.be', '10.22.2.52', 80, 7),
(116, 'daf.vlaanderen.be', '10.23.224.244', 80, 7),
(117, 'davinci-mon-etio.vlaanderen.be', '10.23.224.133', 80, 7),
(118, 'domino.vlaanderen.be', '10.23.224.164', 80, 7),
(119, 'ebl.vlaanderen.be', '10.22.77.28', 80, 7),
(120, 'edelta.vlaanderen.be', '10.23.224.36', 80, 7),
(121, 'efro2007-2013.vlaanderen.be', '10.22.85.15', 80, 7),
(122, 'ep.vlaanderen.be', '10.23.224.150', 80, 7),
(123, 'epcall.vlaanderen.be', '10.23.224.154', 80, 7),
(124, 'epplus.vlaanderen.be', '10.23.224.149', 80, 7),
(125, 'eroom-mow.vlaanderen.be', '10.22.82.15', 80, 7),
(126, 'esf.vlaanderen.be', '10.22.10.9', 80, 7),
(127, 'fin.vlaanderen.be', '10.22.66.13', 80, 7),
(128, 'geomob.vlaanderen.be/geomob/ongevallen/', '10.22.2.1', 8080, 7),
(129, 'geomob.vlaanderen.be/gwcong/', '10.22.2.1', 8081, 7),
(130, 'geomob.vlaanderen.be/geomob/agiv/', '10.23.224.76', 80, 7),
(131, 'geomob.vlaanderen.be/locatorservices/', '10.23.224.76', 80, 7),
(132, 'geomob.vlaanderen.be/geomob/gewestweg/', '10.23.224.76', 80, 7),
(133, 'geomob.vlaanderen.be/geomob/', '10.23.224.76', 80, 7),
(134, 'geomob.vlaanderen.be/geomob/verkeersborden/', '10.22.96.1', 8081, 7),
(135, 'geomob.vlaanderen.be/geoserver/', '10.22.2.2', 8080, 7),
(136, 'geomob.vlaanderen.be/wpsserver/', '10.22.2.2', 8081, 7),
(137, 'geomob.vlaanderen.be/gwc/', '10.23.224.76', 82, 7),
(138, 'geomob.vlaanderen.be/geoserver01/', '10.22.96.2', 8087, 7),
(139, 'geomob.vlaanderen.be/wpsserver01/', '10.22.96.3', 8089, 7),
(140, 'geomob.vlaanderen.be/geomob/agiv/', '10.23.224.76', 82, 7),
(141, 'gos.vlaanderen.be', '10.22.2.27', 80, 7),
(142, 'gp.vlaanderen.be', '10.23.224.151', 80, 7),
(143, 'inkom06.vlaanderen.be', '10.23.224.152', 80, 7),
(144, 'irg.vlaanderen.be', '10.23.225.4', 80, 7),
(145, 'led-mon.vlaanderen.be', '10.23.224.55', 80, 7),
(146, 'mandatenbeheer.vlaanderen.be', '10.22.81.196', 80, 7),
(147, 'op.vlaanderen.be', '10.23.224.153', 80, 7),
(148, 'productencatalogus.vlaanderen.be', '10.22.96.5', 80, 7),
(149, 'sbw.vlaanderen.be', '10.22.75.47', 80, 7),
(150, 'studentenportaal.vlaanderen.be', '10.22.2.22', 80, 7),
(151, 'toevla.vlaanderen.be', '10.22.82.17', 80, 7),
(152, 'twp.vlaanderen.be', '10.22.75.53', 80, 7),
(153, 'vliomvo.vlaanderen.be', '10.22.85.5', 80, 7),
(154, 'vlis.vlaanderen.be', '10.22.82.19', 80, 7),
(155, 'webedison.vlaanderen.be', '10.22.85.21', 80, 7),
(156, 'www.energieprestatiedatabank.be', '10.22.81.203', 80, 7),
(157, 'www.flanders.be', '10.22.77.37', 80, 7),
(158, 'www.teletolk.be', '10.22.77.37', 80, 7),
(159, 'www.vlaamseinfolijn.be', '10.22.77.37', 80, 7),
(160, 'www.watlab.be', '10.129.39.1', 80, 7),
(161, 'apps.awv.vonet.be/pno-webservice', '10.22.77.11', 8080, 7),
(162, 'apps.awv.vonet.be/pno', '10.22.77.11', 8080, 7),
(163, 'apps.awv.vonet.be/wegendatabank', '10.22.77.12', 8080, 7),
(164, 'apps.awv.vonet.be/wms', '10.22.77.13', 8080, 7),
(165, 'apps.awv.vonet.be/geoserver', '10.22.77.13', 8080, 7),
(166, 'apps.awv.vonet.be/geowebcache', '10.22.77.13', 8080, 7),
(167, 'apps.awv.vonet.be/featureserver', '10.22.77.14', 8080, 7),
(168, 'apps.awv.vonet.be/exportservice', '10.22.77.15', 8080, 7),
(169, 'apps.awv.vonet.be/locatorservices', '10.22.77.15', 8080, 7),
(170, 'apps.awv.vonet.be/styleservice', '10.22.77.15', 8080, 7),
(171, 'apps.awv.vonet.be/birt', '10.22.77.15', 8080, 7),
(172, 'apps.awv.vonet.be/tilemapserver', '10.22.77.16', 8080, 7),
(173, 'apps.awv.vonet.be/geoloket', '10.22.77.15', 8080, 7),
(174, 'apps.awv.vonet.be/tms', '10.22.77.16', 80, 7),
(175, 'apps.awv.vonet.be/postregistratie', '10.22.77.18', 80, 7),
(176, 'apps.awv.vonet.be/planklassement', '10.22.77.22', 8080, 7),
(177, 'apps.awv.vonet.be/werf', '10.22.77.19', 8080, 7),
(178, 'apps.awv.vonet.be/routing', '10.22.77.20', 8080, 7),
(179, 'apps.awv.vonet.be/magplus', '10.22.77.23', 80, 7),
(180, 'apps.awv.vonet.be/magplusbirt', '10.22.77.23', 8080, 7),
(181, 'apps.awv.vonet.be/servo', '10.22.77.25', 80, 7),
(182, 'apps.awv.vonet.be/servobirt', '10.22.77.25', 8080, 7),
(183, 'apps.awv.vonet.be/denk', '10.22.24.16', 8080, 7),
(184, 'apps.awv.vonet.be/pentaho-birt', '10.22.24.147', 8080, 7),
(185, 'apps.awv.vonet.be/pentaho-style', '10.22.24.147', 8080, 7),
(186, 'apps.awv.vonet.be/pentaho', '10.22.24.147', 8080, 7),
(187, 'apps.awv.vonet.be/kabelnet', '10.22.77.39', 8080, 7),
(188, 'apps.awv.vonet.be/denk-api', '10.22.24.16', 9273, 7),
(189, 'apps.awv.vonet.be/inspecties', '10.22.77.41', 8080, 7),
(190, 'apps.awv.vonet.be/tablethomepage', '10.22.77.35', 80, 7),
(191, 'apps.awv.vonet.be/prx2-elastic-transport', '10.22.77.53', 9300, 7),
(192, 'apps.awv.vonet.be/prx2-elastic-http', '10.22.77.53', 9200, 7),
(193, 'apps.awv.vonet.be/prx2', '10.22.77.53', 8080, 7),
(194, 'apps.awv.vonet.be/districtcenter-service', '10.22.77.50', 8080, 7),
(195, 'apps.awv.vonet.be/districtcenter', '10.22.77.51', 80, 7),
(196, 'apps.awv.vonet.be/docgen', '10.22.77.52', 8080, 7),
(197, 'apps.awv.vonet.be/historia4', '10.22.77.70', 8080, 7),
(198, 'apps.awv.vonet.be/historia', '10.22.77.71', 8080, 7),
(199, 'apps.awv.vonet.be/gm', '10.22.77.64', 8080, 7),
(200, 'apps.awv.vonet.be/geolatte-nosqlfs', '10.22.77.65', 8080, 7),
(201, 'apps.awv.vonet.be/dataloader', '10.22.77.66', 8080, 7),
(202, 'apps.awv.vonet.be/winterdienst', '10.22.77.55', 8080, 7),
(203, 'apps.awv.vonet.be/locatieservices/rest/locatie/adres', '10.22.77.56', 8080, 7),
(204, 'apps.awv.vonet.be/locatieservices/rest/locatie/xy/via/adres', '10.22.77.56', 8080, 7),
(205, 'apps.awv.vonet.be/locatieservices/rest/locatie/crab', '10.22.77.56', 8080, 7),
(206, 'apps.awv.vonet.be/locatieservices/rest/locatie/cyclomedia', '10.22.77.59', 8080, 7),
(207, 'apps.awv.vonet.be/locatieservices', '10.22.77.61', 8080, 7),
(208, 'apps.awv.vonet.be/wegendatabank', '10.22.77.62', 8080, 7),
(209, 'apps.awv.vonet.be/elisa', '10.22.77.72', 8080, 7),
(210, 'apps.awv.vonet.be/locatiezoeker', '10.22.77.73', 8080, 7),
(211, 'cmdb2.vonet.be', '10.22.2.148', 80, 7),
(212, 'dov-intra.vonet.be', '10.22.75.82', 80, 7),
(213, 'gebruikersbeheer.vonet.be', '10.22.2.50', 80, 7),
(214, 'Koepel.vonet.be', '10.22.66.11', 80, 7),
(215, 'lmn.vonet.be', '10.22.74.82', 8080, 7),
(216, 'spw.vonet.be', '10.22.2.174', 8080, 7),
(217, 'stlweb.vonet.be', '10.23.228.36', 80, 7),
(218, 'team10.vonet.be', '10.22.77.9', 80, 7),
(219, 'teamdar.vonet.be', '10.22.77.9', 80, 7),
(220, 'teamlne.vonet.be', '10.22.77.9', 80, 7),
(221, 'teamrwo.vonet.be', '10.22.77.9', 80, 7),
(222, 'teamwvg.vonet.be', '10.22.77.9', 80, 7),
(223, 'tgvtest.vonet.be', '10.22.10.17', 80, 7),
(224, 'vlimpers-hr.vonet.be', '10.22.77.20', 80, 7),
(225, 'vobip-bi.vonet.be', '10.22.77.49', 80, 7),
(226, 'vops.vonet.be', '10.22.79.17', 80, 7),
(227, 'www.vlaanderen.be', '10.22.77.37', 80, 8),
(228, 'www4.vlaanderen.be', '10.22.66.26', 80, 8);

-- --------------------------------------------------------

--
-- Table structure for table `source`
--

CREATE TABLE IF NOT EXISTS `source` (
  `id` int(11) NOT NULL AUTO_INCREMENT,
  `description` varchar(4000) DEFAULT NULL COMMENT 'Description of the source of information.',
  PRIMARY KEY (`id`)
) ENGINE=InnoDB  DEFAULT CHARSET=utf8 COMMENT='Consolidation of the different sources where information is collected. This allows to trace back where the information came from. \nA source of information is something delivered / imposed upon the monitoring team. Currently the monthly AMAAS list is a source of information. Compare with status table, where workflow states per record / URLs are managed.' AUTO_INCREMENT=14 ;

--
-- Dumping data for table `source`
--

INSERT INTO `source` (`id`, `description`) VALUES
(1, 'Initiele AmaaS Lijst (BAFO)'),
(2, 'AmaaS v2 (Initial List Guy)'),
(3, 'AmaaS v3 (Update Guy) (mail from Guy D''Haenens, 26/03/2015 - 12:46, ''Status URL Monitoring'' '),
(4, 'Guy-Dirk Comparison.xlsx, tab URLMaster150313'),
(5, 'ACD BSM URL2IP mapping v2.xlsx, tab ''SLA URLs'''),
(6, 'Mail to Wim De Rick, 30/01/2015 - 10:22, ''RE: acd bsm'''),
(7, 'Mail from Derek Bras, 17/03/15, ''Re: acm bsm'''),
(8, 'Mail from Derek Bras, 27/03/15 14:34, ''Re: acm bsm2'),
(9, 'Mail to Wouter Godefroy, 27/03/15 - 14:01, ''Re: Forward Proxy Whitelist for Sitescope Server'''),
(10, 'Mail to Wouter Godefroy, 04/03/15 - 15:19, ''Forward Proxy Whitelist for Sitescope Server'''),
(11, 'Mail to Wim De Rick, 27/03/2015 - 14:06, ''Netwerk paden voor directe monitoring'''),
(12, 'Mail to Wim De Rick, 10/03/2015 - 17:19, ''Re: acd bsm'''),
(13, 'Additional URLs from AmaaS v3');

-- --------------------------------------------------------

--
-- Table structure for table `status`
--

CREATE TABLE IF NOT EXISTS `status` (
  `id` int(11) NOT NULL AUTO_INCREMENT COMMENT 'Unique reference of the record.',
  `description` varchar(2000) DEFAULT NULL COMMENT 'Description of the workflow status.',
  PRIMARY KEY (`id`)
) ENGINE=InnoDB  DEFAULT CHARSET=utf8 COMMENT='Overview of the workflow states.' AUTO_INCREMENT=4 ;

--
-- Dumping data for table `status`
--

INSERT INTO `status` (`id`, `description`) VALUES
(1, 'Request to get server to IP translation from Reverse Proxy'),
(2, 'Request to Open Network Path to Application Server'),
(3, 'Request to whitelist server on Internet Firewall');

-- --------------------------------------------------------

--
-- Table structure for table `url`
--

CREATE TABLE IF NOT EXISTS `url` (
  `id` int(11) NOT NULL AUTO_INCREMENT COMMENT 'Unique reference for the record.',
  `application_id` int(11) NOT NULL COMMENT 'Link to the application for the URL.',
  `source_id` int(11) DEFAULT NULL COMMENT 'Link to the source where we collected this information.',
  `url` varchar(1000) NOT NULL COMMENT 'Full url that needs to be monitored.',
  `purpose` varchar(45) DEFAULT NULL COMMENT 'Monitoring Purpose of the URL. Options are: SLA, Project, Service',
  `startdate` date DEFAULT NULL COMMENT 'Start date when the URL is active',
  `enddate` date DEFAULT NULL COMMENT 'End date of the activity of the URL.',
  `network_category` varchar(45) DEFAULT NULL COMMENT 'The network category can be:\n- direct monitoring\n- DNS ',
  `url2dns_id` int(11) DEFAULT NULL COMMENT 'URL to DNS IP translation.',
  `url2appl_ip_id` int(11) DEFAULT NULL COMMENT 'Link to the IP Address and port where the application is listening to the URL.',
  `acm` varchar(45) DEFAULT NULL COMMENT 'ACM Status. This can be:\n- none: no ACM authentication required\n- reverse proxy: ACM is set-up using reverse proxy\n- saml: ACM is set-up using SAML authentication\n- unknown: no ACM specific information is known.',
  PRIMARY KEY (`id`),
  KEY `url_application_fk_idx` (`application_id`),
  KEY `url_source_fk_idx` (`source_id`),
  KEY `url_dns_fk_idx` (`url2dns_id`),
  KEY `url_appl_ip_fk_idx` (`url2appl_ip_id`)
) ENGINE=InnoDB  DEFAULT CHARSET=utf8 COMMENT='URLs that are monitored for the application.' AUTO_INCREMENT=262 ;

--
-- Dumping data for table `url`
--

INSERT INTO `url` (`id`, `application_id`, `source_id`, `url`, `purpose`, `startdate`, `enddate`, `network_category`, `url2dns_id`, `url2appl_ip_id`, `acm`) VALUES
(1, 6, 4, 'http://beheermaritiemewerken.vlaanderen.be/MT.Baggerwerken.Web/nl/Account/LogOn', 'SLA', '2015-02-01', NULL, 'Direct', 111, 55, NULL),
(2, 8, 4, 'http://certificatenbeheer.vlaanderen.be', 'SLA', '2015-02-01', NULL, 'Direct', 41, 22, NULL),
(3, 9, 4, 'http://centaurus.vlaanderen.be/', 'SLA', '2015-02-01', NULL, 'Direct', 92, 78, NULL),
(4, 14, 4, 'http://domino.vlaanderen.be', 'SLA', '2015-02-01', NULL, 'Direct', 62, 79, NULL),
(5, 15, 4, 'http://edelta.vlaanderen.be/edelta/start?0', 'SLA', '2015-02-01', NULL, 'Direct', 99, 80, NULL),
(6, 19, 4, 'http://secretarie-vr-dms.vlaanderen.be/', 'SLA', '2015-02-01', NULL, 'Direct', 112, 56, NULL),
(7, 25, 4, 'http://spw.vonet.be/spw-web/logon.htm', 'SLA', '2015-02-01', NULL, 'Direct', 96, 81, NULL),
(8, 42, 4, 'http://bibis-int.vlaanderen.be', 'SLA', '2015-02-01', NULL, 'Direct', 16, 13, NULL),
(9, 48, 4, 'http://cjsm-dms.vlaanderen.be', 'SLA', '2015-02-01', NULL, 'Direct', 44, 24, NULL),
(10, 52, 4, 'http://epplus.vlaanderen.be/epplus/ond/overzicht.do?command=init', 'SLA', '2015-02-01', NULL, 'Direct', 83, 82, NULL),
(11, 54, 4, 'http://eroom-mow.vlaanderen.be', 'SLA', '2015-02-01', NULL, 'Direct', 90, 83, NULL),
(12, 55, 4, 'http://epcall.vlaanderen.be/epcall/ond/overzicht.do?command=init', 'SLA', '2015-02-01', NULL, 'Direct', 78, 84, NULL),
(13, 58, 4, 'http://geo_ap.rwo.vlaanderen.be/', 'SLA', '2015-02-01', NULL, 'Direct', 91, 43, NULL),
(14, 62, 4, 'http://bru000center81m.vlaanderen.be/WebClient/index.jsp', 'SLA', '2015-02-01', NULL, 'Direct', 39, 20, NULL),
(15, 68, 4, 'http://kim-dms.vlaanderen.be:8080', 'SLA', '2015-02-01', NULL, 'Direct', 89, 67, NULL),
(16, 70, 4, 'http://jira.ond.vlaanderen.be', 'SLA', '2015-02-01', NULL, 'Direct', 53, 28, NULL),
(17, 89, 4, 'http://siebel81.cpvi.vonet.be/epublicsector_nld', 'SLA', '2015-02-01', NULL, 'Direct', 29, 18, NULL),
(18, 94, 4, 'http://geomob.vlaanderen.be/', 'SLA', '2015-02-01', NULL, 'Direct', 105, NULL, NULL),
(19, 100, 4, 'http://inkom06.vlaanderen.be/foto/index.html', 'SLA', '2015-02-01', NULL, 'Direct', 77, 85, NULL),
(20, 104, 4, 'http://ato-dms.vlaanderen.be', 'SLA', '2015-02-01', NULL, 'Direct', 95, 44, NULL),
(21, 106, 4, 'http://bz-dms.vlaanderen.be/', 'SLA', '2015-02-01', NULL, 'Direct', 40, 21, NULL),
(22, 107, 4, 'http://bryggja.vlaanderen.be/bryggia/index', 'SLA', '2015-02-01', NULL, 'Direct', 6, 86, NULL),
(23, 108, 4, 'http://daf.vlaanderen.be/daf/public/logon.do', 'SLA', '2015-02-01', NULL, 'Direct', 50, 87, NULL),
(24, 111, 4, 'http://eib-dms.vlaanderen.be/', 'SLA', '2015-02-01', NULL, 'Direct', 118, 60, NULL),
(25, 114, 4, 'http://esf.vlaanderen.be', 'SLA', '2015-02-01', NULL, 'Direct', 75, 88, NULL),
(26, 116, 4, 'http://epm.vlaanderen.be', 'SLA', '2015-02-01', NULL, 'Direct', 100, 47, NULL),
(27, 119, 4, 'http://awv.vlaanderen.be/fast/', 'SLA', '2015-02-01', NULL, 'Direct', 97, 45, NULL),
(28, 121, 4, 'http://ibis.vlaanderen.be', 'SLA', '2015-02-01', NULL, 'Direct', 5, 6, NULL),
(29, 125, 4, 'http://huso.vlaanderen.be', 'SLA', '2015-02-01', NULL, 'Direct', 98, 46, NULL),
(30, 129, 4, 'http://mister.vlaanderen.be/', 'SLA', '2015-02-01', NULL, 'Direct', 109, 53, NULL),
(31, 130, 4, 'http://mercurius-ws.vonet.be', 'SLA', '2015-02-01', NULL, 'Direct', 106, 51, NULL),
(32, 134, 4, 'http://onderwijs-dms.vlaanderen.be:8080', 'SLA', '2015-02-01', NULL, 'Direct', 49, 68, NULL),
(33, 135, 4, 'http://nadia-burger.vlaanderen.be/nadia/', 'SLA', '2015-02-01', NULL, 'Direct', 1, 4, NULL),
(34, 138, 4, 'http://geo-dms.vlaanderen.be:8080', 'SLA', '2015-02-01', NULL, 'Direct', 9, 69, NULL),
(35, 139, 4, 'http://quovis.vlaanderen.be', 'SLA', '2015-02-01', NULL, 'Direct', 82, 41, NULL),
(36, 140, 4, 'http://apps.awv.vonet.be/prx2/index.html', 'SLA', '2015-02-01', NULL, 'Direct', 4, NULL, NULL),
(37, 145, 4, 'http://stlweb.vonet.be/stl/', 'SLA', '2015-02-01', NULL, 'Direct', 48, 89, NULL),
(38, 149, 4, 'http://apps.awv.vonet.be/winterdienst/', 'SLA', '2015-02-01', NULL, 'Direct', 4, NULL, NULL),
(39, 153, 4, 'http://bredero.vlaanderen.be/bredero2/wicket/login', 'SLA', '2015-02-01', NULL, 'Direct', 3, 5, NULL),
(40, 161, 4, 'http://lv-dms.vlaanderen.be:8080/webtop/', 'SLA', '2015-02-01', NULL, 'Direct', 79, 70, NULL),
(41, 163, 4, 'http://lv-dms.vlaanderen.be:8080/digibib/', 'SLA', '2015-02-01', NULL, NULL, NULL, NULL, NULL),
(42, 165, 4, 'http://efro2007-2013.vlaanderen.be/efro/index.jsp', 'SLA', '2015-02-01', NULL, 'Direct', 76, 90, NULL),
(43, 177, 4, 'http://lmn.vonet.be', 'SLA', '2015-02-01', NULL, 'Direct', 85, 91, NULL),
(44, 179, 4, 'http://orafin.vlaanderen.be:8000/OA_HTML/RF.jsp?function_id=28804', 'SLA', '2015-02-01', NULL, 'Direct', 37, 74, NULL),
(45, 202, 4, 'http://bsm.vlaanderen.be/bsm', 'SLA', '2015-02-01', NULL, 'Direct', 122, 62, NULL),
(46, 206, 4, 'http://fb-dms.vlaanderen.be', 'SLA', '2015-02-01', NULL, 'Direct', 43, 23, NULL),
(47, 213, 4, 'http://10.22.80.17/legalsuite/main', 'SLA', '2015-02-01', NULL, 'Direct', 103, 50, NULL),
(48, 232, 4, 'http://databanktaaladvies.vlaanderen.be/', 'SLA', '2015-02-01', NULL, 'Direct', 14, 11, NULL),
(49, 235, 4, 'http://apps.awv.vonet.be/wegendatabank/happy.html', 'SLA', '2015-02-01', NULL, 'Direct', 4, NULL, NULL),
(50, 242, 4, 'http://apps.awv.vonet.be/pno-webservice/happy.html', 'SLA', '2015-02-01', NULL, 'Direct', 4, NULL, NULL),
(51, 252, 4, 'http://dar-dms.vlaanderen.be:8080', 'SLA', '2015-02-01', NULL, 'Direct', 28, 71, NULL),
(52, 254, 4, 'http://cmdb2.vonet.be', 'SLA', '2015-02-01', NULL, 'Direct', 120, 92, NULL),
(53, 260, 4, 'http://gedingvoering.vonet.be/', 'SLA', '2015-02-01', NULL, 'Direct', 15, 12, NULL),
(54, 263, 4, 'http://livelink1.vlaanderen.be/livelink/', 'SLA', '2015-02-01', NULL, 'Direct', 73, 38, NULL),
(55, 265, 4, 'http://apps.awv.vonet.be/historia/servlet/Historia', 'SLA', '2015-02-01', NULL, 'Direct', 4, NULL, NULL),
(56, 266, 4, 'http://gos.vlaanderen.be', 'SLA', '2015-02-01', NULL, 'Direct', 65, 93, NULL),
(57, 278, 4, 'http://bru000center38m.ewbl.vlaanderen.be/routing', 'SLA', '2015-02-01', NULL, 'Direct', 71, 37, NULL),
(58, 279, 4, 'http://ddc-dms.vlaanderen.be', 'SLA', '2015-02-01', NULL, 'Direct', 60, 32, NULL),
(59, 280, 4, 'http://discimus-app-jm.vlaanderen.be/discimus/webapp/isbeschikbaar?1', 'SLA', '2015-02-01', NULL, 'Direct', 61, 33, NULL),
(60, 282, 4, 'http://rekenmotorho.vlaanderen.be/rekenmotor/login.jsp', 'SLA', '2015-02-01', NULL, 'Direct', 56, 30, NULL),
(61, 286, 4, 'http://productencatalogus.vlaanderen.be', 'SLA', '2015-02-01', NULL, 'Direct', 124, 94, NULL),
(62, 288, 4, 'http://fin.vlaanderen.be', 'SLA', '2015-02-01', NULL, 'Direct', 23, 95, NULL),
(63, 289, 4, 'http://irg.vlaanderen.be/irg/startpagina', 'SLA', '2015-02-01', NULL, 'Direct', 104, 96, NULL),
(64, 291, 4, 'http://mia.vlaanderen.be', 'SLA', '2015-02-01', NULL, 'Direct', 67, 36, NULL),
(65, 292, 4, 'http://mercator2.vlaanderen.be/', 'SLA', '2015-02-01', NULL, 'Direct', 8, 7, NULL),
(66, 296, 4, 'http://madame.vlaanderen.be/', 'SLA', '2015-02-01', NULL, 'Direct', 102, 49, NULL),
(67, 304, 4, 'http://codex.vlaanderen.be', 'SLA', '2015-02-01', NULL, 'Internet', 12, 76, NULL),
(68, 316, 4, 'http://aps.vlaanderen.be', 'SLA', '2015-02-01', NULL, 'Direct', 38, 19, NULL),
(69, 319, 4, 'http://dov-intra.vonet.be/dov/DOVInternet', 'SLA', '2015-02-01', NULL, 'Direct', 7, 97, NULL),
(70, 322, 4, 'http://apps.awv.vonet.be/denk/', 'SLA', '2015-02-01', NULL, 'Direct', 4, NULL, NULL),
(71, 323, 4, 'http://ebl.vlaanderen.be/', 'SLA', '2015-02-01', NULL, 'Direct', 19, 98, NULL),
(72, 324, 4, 'http://geomob.vlaanderen.be', 'SLA', '2015-02-01', NULL, 'Direct', 105, NULL, NULL),
(73, 336, 4, 'http://mandatenbeheer.vlaanderen.be', 'SLA', '2015-02-01', NULL, 'Direct', 42, 99, NULL),
(74, 337, 4, 'http://apps.awv.vonet.be/magplus/aanmelden', 'SLA', '2015-02-01', NULL, 'Direct', 4, NULL, NULL),
(75, 341, 4, 'http://dataroommow.vonet.be', 'SLA', '2015-02-01', NULL, 'Direct', 46, 26, NULL),
(76, 342, 4, 'http://s128154.vlaanderen.be/pls/apex', 'SLA', '2015-02-01', NULL, 'Direct', 101, 48, NULL),
(77, 343, 4, 'http://sbw.vlaanderen.be', 'SLA', '2015-02-01', NULL, 'Direct', 81, 100, NULL),
(78, 344, 4, 'http://orka.vlaanderen.be', 'SLA', '2015-02-01', NULL, 'Direct', 63, 34, NULL),
(79, 347, 4, 'http://teamrwo.vonet.be', 'SLA', '2015-02-01', NULL, 'Direct', 93, 101, NULL),
(80, 354, 4, 'http://subversion-dev.ov.vlaanderen.be/svn', 'SLA', '2015-02-01', NULL, 'Direct', 54, 29, NULL),
(81, 359, 4, 'http://certificaten-ov.vlaanderen.be/crmt/login?0', 'SLA', '2015-02-01', NULL, NULL, NULL, NULL, NULL),
(82, 365, 4, 'http://cib.vlaanderen.be', 'SLA', '2015-02-01', NULL, 'Direct', 66, 35, NULL),
(83, 376, 4, 'http://gp.vlaanderen.be/investeringssteun/overzicht.do', 'SLA', '2015-02-01', NULL, 'Direct', 69, 102, NULL),
(84, 377, 4, 'http://Koepel.vonet.be', 'SLA', '2015-02-01', NULL, 'Direct', 22, 103, NULL),
(85, 379, 4, 'http://oeso.vlaanderen.be/os/showLogon.do', 'SLA', '2015-02-01', NULL, 'Direct', 20, 15, NULL),
(86, 12, 4, 'https://vobip-bi.vonet.be/cognos10-login/', 'SLA', '2015-02-01', NULL, 'Direct', 34, 104, NULL),
(87, 16, 4, 'http://www.energieprestatiedatabank.be', 'SLA', '2015-02-01', NULL, 'Direct', 72, 105, NULL),
(88, 17, 4, 'http://uv158920.vlaanderen.be:7001/console', 'SLA', '2015-02-01', NULL, 'Direct', 115, 58, NULL),
(89, 23, 4, 'https://team10.vonet.be/iv/div', 'SLA', '2015-02-01', NULL, 'Direct', 24, 106, NULL),
(90, 24, 4, 'https://teamlne.vonet.be', 'SLA', '2015-02-01', NULL, 'Direct', 94, 107, NULL),
(91, 30, 4, '', 'SLA', '2015-02-01', NULL, 'Direct', 34, 104, NULL),
(92, 34, 4, 'http://wse-prod-soa.vlaanderen.be/apps/awap', 'SLA', '2015-02-01', NULL, 'Direct', 80, 39, NULL),
(93, 50, 4, 'http://wv158905.vlaanderen.be/DocRoom', 'SLA', '2015-02-01', NULL, 'Direct', 123, 63, NULL),
(94, 67, 4, 'https://op.vlaanderen.be/op/test/happy.do', 'SLA', '2015-02-01', NULL, 'Direct', 74, 108, NULL),
(95, 81, 4, 'https://team10.vonet.be/sites/vea', 'SLA', '2015-02-01', NULL, 'Direct', 24, 106, NULL),
(96, 83, 4, 'http://wlportaal.vlaanderen.be', 'SLA', '2015-02-01', NULL, 'Direct', 107, 52, NULL),
(97, 85, 4, 'https://team10.vonet.be/sites/dewi', 'SLA', '2015-02-01', NULL, 'Direct', 24, 106, NULL),
(98, 90, 4, 'http://tgvtest.vonet.be', 'SLA', '2015-02-01', NULL, 'Direct', 30, 109, NULL),
(99, 96, 4, 'http://vergunningenregister.vlaanderen.be/vergunning/', 'SLA', '2015-02-01', NULL, 'Direct', 10, 8, NULL),
(100, 97, 4, 'https://vlis.vlaanderen.be', 'SLA', '2015-02-01', NULL, 'Direct', 32, 110, NULL),
(101, 110, 4, 'https://studentenportaal.vlaanderen.be/dho-portaal/start.do', 'SLA', '2015-02-01', NULL, 'Direct', 51, 111, NULL),
(102, 118, 4, 'http://twp.vlaanderen.be', 'SLA', '2015-02-01', NULL, 'Direct', 84, 112, NULL),
(103, 132, 4, 'http://wm162456.vlaanderen.be/matador/', 'SLA', '2015-02-01', NULL, 'Direct', 110, 54, NULL),
(104, 137, 4, 'http://www.vlaanderen.be/nieuwsberichten', 'SLA', '2015-02-01', NULL, 'Direct', 11, 9, NULL),
(105, 142, 4, 'https://apexprod.vonet.be/ddc/f?p=101', 'SLA', '2015-02-01', NULL, 'Direct', 21, 1, NULL),
(106, 144, 4, 'https://team10.vonet.be/sites/mow', 'SLA', '2015-02-01', NULL, 'Direct', 24, 106, NULL),
(107, 146, 4, 'http://tgv.vlaanderen.be', 'SLA', '2015-02-01', NULL, 'Direct', 17, 14, NULL),
(108, 147, 4, 'http://vepd-dms.vlaanderen.be', 'SLA', '2015-02-01', NULL, 'Direct', 52, 27, NULL),
(109, 148, 4, 'http://vliomvo.vlaanderen.be', 'SLA', '2015-02-01', NULL, 'Direct', 13, 113, NULL),
(110, 154, 4, 'http://vormingbegroting.fenb.be', 'SLA', '2015-02-01', NULL, 'Direct', 45, 25, NULL),
(111, 162, 4, 'http://wap000008v.vlaanderen.be/ASADataLayer_logging/DataLayer.asmx', 'SLA', '2015-02-01', NULL, 'Direct', 86, 42, NULL),
(112, 183, 4, 'https://teamdar.vonet.be', 'SLA', '2015-02-01', NULL, 'Direct', 25, 114, NULL),
(113, 185, 4, 'http://www4.vlaanderen.be/dar/svr/Pages/default.aspx', 'SLA', '2015-02-01', NULL, 'Direct', 26, 16, NULL),
(114, 187, 4, 'https://team10.vonet.be/ov/onderwijsenvorming', 'SLA', '2015-02-01', NULL, 'Direct', 24, 106, NULL),
(115, 188, 4, 'https://team10.vonet.be/sites/cjsm', 'SLA', '2015-02-01', NULL, 'Direct', 24, 106, NULL),
(116, 193, 4, 'http://vops.vonet.be/', 'SLA', '2015-02-01', NULL, 'Direct', 114, 115, NULL),
(117, 230, 4, 'https://team10.vonet.be/sites/WSEdepartement', 'SLA', '2015-02-01', NULL, 'Direct', 24, 106, NULL),
(118, 233, 4, 'http://toevla.vlaanderen.be/publiek/nl/register/start', 'SLA', '2015-02-01', NULL, 'Direct', 31, 116, NULL),
(119, 238, 4, 'http://vlimpers-flamingo.vonet.be/VLHDEPRD/signon.html', 'SLA', '2015-02-01', NULL, 'Direct', 116, NULL, NULL),
(120, 240, 4, 'http://wse-prod-soa.vlaanderen.be/apps/inspectie/faces/app/startpagina.jspx', 'SLA', '2015-02-01', NULL, 'Direct', 80, 39, NULL),
(121, 241, 4, 'http://wse-dms.vlaanderen.be:8080', 'SLA', '2015-02-01', NULL, 'Direct', 68, 72, NULL),
(122, 249, 4, 'http://vobippubliek.vlaanderen.be/cognos10/', 'SLA', '2015-02-01', NULL, 'Direct', 27, 17, NULL),
(123, 253, 4, 'https://vom.eu.hpbpaas.com/', 'SLA', '2015-02-01', NULL, 'Internet', 33, 77, NULL),
(124, 255, 4, 'https://davinci-mon-etio.vlaanderen.be/davinci-mon/', 'SLA', '2015-02-01', NULL, 'Direct', 59, 117, NULL),
(125, 262, 4, 'http://www.teletolk.be', 'SLA', '2015-02-01', NULL, 'Direct', 36, 118, NULL),
(126, 269, 4, 'https://drop.vlaanderen.be', 'SLA', '2015-02-01', NULL, 'Direct', 87, 2, NULL),
(127, 287, 4, 'http://www.vlaamseinfolijn.be', 'SLA', '2015-02-01', NULL, 'Direct', 35, 119, NULL),
(128, 294, 4, 'http://uv158920.vlaanderen.be/pls/apex', 'SLA', '2015-02-01', NULL, 'Direct', 113, 57, NULL),
(129, 302, 4, 'http://teamwvg.vonet.be', 'SLA', '2015-02-01', NULL, 'Direct', 64, 120, NULL),
(130, 305, 4, 'https://gebruikersbeheer.vonet.be/webIdmVOBeheer/pages/monitoring.jsf', 'SLA', '2015-02-01', NULL, 'Direct', 121, 121, NULL),
(131, 306, 4, 'http://www.watlab.be/nl', 'SLA', '2015-02-01', NULL, 'Direct', 108, 122, NULL),
(132, 307, 4, 'https://webedison.vlaanderen.be/edisonmon/checkAll.do', 'SLA', '2015-02-01', NULL, 'Direct', 47, 123, NULL),
(133, 317, 4, 'http://www.facilipunt.be', 'SLA', '2015-02-01', NULL, 'Internet', 2, 75, NULL),
(134, 331, 4, 'http://www.flanders.be', 'SLA', '2015-02-01', NULL, 'Direct', 18, 124, NULL),
(135, 332, 4, 'https://led-mon.vlaanderen.be', 'SLA', '2015-02-01', NULL, 'Direct', 58, 125, NULL),
(136, 333, 4, 'http://wpnjira.vlaanderen.be/', 'SLA', '2015-02-01', NULL, 'Direct', 119, 61, NULL),
(137, 335, 4, 'https://mft.vlaanderen.be', 'SLA', '2015-02-01', NULL, NULL, NULL, NULL, NULL),
(138, 345, 4, 'https://team10.vonet.be/bz/eib', 'SLA', '2015-02-01', NULL, 'Direct', 24, 106, NULL),
(139, 346, 4, 'https://team10.vonet.be/sites/lv', 'SLA', '2015-02-01', NULL, 'Direct', 24, 106, NULL),
(140, 352, 4, 'http://www.vlaanderen.be', 'SLA', '2015-02-01', NULL, 'Direct', 11, 9, NULL),
(141, 356, 4, 'http://vlimpers-hr.vonet.be/psp/HRPROD/EMPLOYEE/HRMS/?cmd=login', 'SLA', '2015-02-01', NULL, 'Direct', 88, 126, NULL),
(142, 361, 4, 'http://v158747.vlaanderen.be:8080/adminui/login.faces', 'SLA', '2015-02-01', NULL, 'Direct', 55, 73, NULL),
(143, 371, 4, 'https://ep.vlaanderen.be/ecologiesteun/overzicht.do', 'SLA', '2015-02-01', NULL, 'Direct', 70, 127, NULL),
(144, 389, 4, 'http://wonder.vlaanderen.be/', 'SLA', '2015-02-01', NULL, 'Direct', 117, 59, NULL),
(256, 512, 5, 'http://www.ond.vlaanderen.be/studietoelagen/contact/vraagformulier.htm', 'SLA', '2015-01-02', NULL, 'Direct', 57, 31, NULL),
(257, 285, 5, 'https://geomob.vlaanderen.be/', 'SLA', '2015-01-02', NULL, 'Direct', 105, NULL, NULL),
(258, 46, 13, 'http://ariba.vonet.be', 'SLA', '0000-00-00', NULL, NULL, NULL, NULL, NULL),
(259, 47, 13, 'http://bto.vlaanderen.be', 'SLA', '0000-00-00', NULL, NULL, NULL, NULL, NULL),
(260, 181, 13, 'http://ogj2.vlaanderen.be/ogj2', 'SLA', '0000-00-00', NULL, NULL, NULL, NULL, NULL),
(261, 373, 13, 'https://cs.vonet.be', 'SLA', '0000-00-00', NULL, NULL, NULL, NULL, NULL);

-- --------------------------------------------------------

--
-- Table structure for table `url2appl_ip`
--

CREATE TABLE IF NOT EXISTS `url2appl_ip` (
  `id` int(11) NOT NULL AUTO_INCREMENT COMMENT 'Unique reference for the record.',
  `server` varchar(500) NOT NULL COMMENT 'Note that the servername can include part of the path as part of the Reverse proxy translation.',
  `ip_address` varchar(15) NOT NULL COMMENT 'IP Address for the server after Reverse Proxy translation',
  `port` int(11) DEFAULT NULL COMMENT 'Port number as part of the translation.',
  `req_network_path_id` int(11) DEFAULT NULL COMMENT 'Link to request to open network path',
  `source_id` int(11) DEFAULT NULL COMMENT 'Link to the source of the information',
  PRIMARY KEY (`id`),
  KEY `request_network_path_id` (`req_network_path_id`),
  KEY `source_id` (`source_id`)
) ENGINE=InnoDB  DEFAULT CHARSET=utf8 COMMENT='URL to Application Server IP Address translation. This is how the direct connection to the application server needs to be established. \nFor Reverse proxy translation, it is the URL portion and the port as it is defined on the reverse proxy.' AUTO_INCREMENT=191 ;

--
-- Dumping data for table `url2appl_ip`
--

INSERT INTO `url2appl_ip` (`id`, `server`, `ip_address`, `port`, `req_network_path_id`, `source_id`) VALUES
(1, 'apexprod.vonet.be', '10.23.224.229', 443, NULL, 5),
(2, 'drop.vlaanderen.be', '10.40.108.26', 443, NULL, 5),
(4, 'nadia-burger.vlaanderen.be', '10.1.110.167', 80, 1, 5),
(5, 'bredero.vlaanderen.be', '10.22.2.131', 80, 23, 5),
(6, 'ibis.vlaanderen.Be', '10.23.228.20', 80, 66, 5),
(7, 'mercator2.vlaanderen.be', '10.1.120.99', 80, 5, 5),
(8, 'vergunningenregister.vlaanderen.be', '10.22.2.129', 80, 21, 5),
(9, 'www.vlaanderen.be', '10.40.103.20', 80, 70, 5),
(11, 'databanktaaladvies.vlaanderen.be', '10.22.87.182', 80, 60, 5),
(12, 'gedingvoering.vonet.be', '10.22.75.184', 80, 45, 5),
(13, 'bibis-int.vlaanderen.be', '10.1.110.228', 80, 4, 5),
(14, 'tgv.vlaanderen.be ', '10.1.237.106', 80, 7, 5),
(15, 'oeso.vlaanderen.be', '10.22.2.147', 80, 24, 5),
(16, 'www4.vlaanderen.be', '10.40.103.20', 80, 70, 5),
(17, 'vobippubliek.vlaanderen.be', '10.22.15.66', 80, 10, 5),
(18, 'siebel81.cpvi.vonet.be', '198.18.132.42', 80, 77, 5),
(19, 'aps.vlaanderen.be', '10.1.226.121', 80, 84, 5),
(20, 'bru000center81m.vlaanderen.be', '10.22.79.1', 80, 89, 5),
(21, 'bz-dms.vlaanderen.be', '10.22.19.73', 80, NULL, 5),
(22, 'certificaten-ov.vlaanderen.be', '10.22.2.173', 80, 87, 5),
(23, 'fb-dms.vlaanderen.be', '10.22.19.68', 80, 16, 5),
(24, 'cjsm-dms.vlaanderen.be', '10.22.19.57', 80, 85, 5),
(25, 'vormingbegroting.fenb.be', '149.250.246.77', 80, 74, 5),
(26, 'dataroommow.vonet.be', '198.19.2.65', 80, 98, 5),
(27, 'vepd-dms.vlaanderen.be', '10.22.77.26', 80, 48, 5),
(28, 'jira.ond.vlaanderen.be', '10.22.2.157', 80, 28, 5),
(29, 'subversion-dev.ov.vlaanderen.be', '10.22.74.104', 80, 40, 5),
(30, 'rekenmotorho.vlaanderen.be', '10.23.228.28', 80, 67, 5),
(31, 'www.ond.vlaanderen.be', '10.22.74.109', 80, 43, 5),
(32, 'ddc-dms.vlaanderen.be', '10.22.19.74', 80, NULL, 5),
(33, 'discimus-app-jm.vlaanderen.be', '10.23.224.102', 80, 94, 5),
(34, 'orka.vlaanderen.be', '10.22.79.33', 80, 53, 5),
(35, 'cib.vlaanderen.be', '10.22.4.160', 80, 34, 5),
(36, 'mia.vlaanderen.be', '10.22.79.30', 80, 52, 5),
(37, 'bru000center38m.ewbl.vlaanderen.be', '10.22.79.11', 80, 51, 5),
(38, 'livelink1.vlaanderen.be', '10.23.228.120', 80, 65, 5),
(39, 'wse-prod-soa.vlaanderen.be', '10.22.75.46', 80, 46, 5),
(40, 'wse-prod-soa.vlaanderen.be', '10.22.75.46', 80, 46, 5),
(41, 'quovis.vlaanderen.be', '10.22.66.23', 80, 36, 5),
(42, 'wap000008v.vlaanderen.be', '10.22.82.13', 80, 56, 5),
(43, 'geo-dms.vlaanderen.be:8080', '10.22.19.63', 80, NULL, 5),
(44, 'ato-dms.vlaanderen.be', '10.22.19.65', 80, 14, 5),
(45, 'awv.vlaanderen.be', '10.23.224.28', 80, 64, 5),
(46, 'huso.vlaanderen.be', '10.22.81.142', 80, 92, 5),
(47, 'epm.vlaanderen.be', '10.22.66.110', 80, 35, 5),
(48, 's128154.vlaanderen.be', '10.1.185.55', 80, 6, 5),
(49, 'madame.vlaanderen.be', '10.22.74.108', 80, 41, 5),
(50, '10.22.80.17', '10.22.80.17', 80, 55, 5),
(51, 'mercurius-ws.vonet.be', '10.22.79.12', 80, 90, 5),
(52, 'wlportaal.vlaanderen.be', '10.129.38.9', 80, 9, 5),
(53, 'mister.vlaanderen.be', '10.22.74.100', 80, 38, 5),
(54, 'wm162456.vlaanderen.be', '10.22.74.108', 80, 41, 5),
(55, 'beheermaritiemewerken.vlaanderen.be', '10.22.66.110', 80, 35, 5),
(56, 'secretarie-vr-dms.vlaanderen.be', '10.22.19.66', 80, 86, 5),
(57, 'uv158920.vlaanderen.be', '10.23.224.84', 80, 96, 5),
(58, 'uv158920-oob.vlaanderen.be:7001', '10.56.40.134', 80, NULL, 5),
(59, 'wonder.vlaanderen.be', '10.22.96.6', 80, 93, 5),
(60, 'eib-dms.vlaanderen.be', '10.22.19.56', 80, 11, 5),
(61, 'wpnjira.vlaanderen.be', '10.22.81.130', 80, 91, 5),
(62, 'bsm.vlaanderen.be', '10.22.25.130', 80, 32, 5),
(63, 'wv158905.vlaanderen.be', '10.22.66.108', 80, 88, 5),
(67, 'kim-dms.vlaanderen.be:8080', '10.22.19.76', 8080, 19, 5),
(68, 'onderwijs-dms.vlaanderen.be:8080', '10.22.85.163', 8080, 57, 5),
(69, 'geo_ap.rwo.vlaanderen.be', '10.22.87.181', 8080, NULL, 5),
(70, 'lv-dms.vlaanderen.be:8080', '10.22.19.67', 8080, 15, 5),
(71, 'dar-dms.vlaanderen.be:8080', '10.22.19.69', 8080, 17, 5),
(72, 'wse-dms.vlaanderen.be:8080', '10.22.19.59', 8080, 12, 5),
(73, 'v158747.vlaanderen.be:8080', '10.23.232.84', 8080, 68, 5),
(74, 'orafin.vlaanderen.be:8000', '10.22.74.4', 8000, 44, 5),
(75, 'www.facilipunt.be', '217.19.237.54', 80, NULL, 5),
(76, 'codex.vlaanderen.be', '85.255.206.104', 80, 82, 5),
(77, 'vom.eu.hpbpaas.com', '206.164.211.140', 80, NULL, 5),
(78, 'centaurus.vlaanderen.be', '10.22.2.52', 80, 100, 7),
(79, 'domino.vlaanderen.be', '10.23.224.164', 80, 103, 7),
(80, 'edelta.vlaanderen.be', '10.23.224.36', 80, 105, 7),
(81, 'spw.vonet.be', '10.22.2.174', 8080, NULL, 7),
(82, 'epplus.vlaanderen.be', '10.23.224.149', 80, 109, 7),
(83, 'eroom-mow.vlaanderen.be', '10.22.82.15', 80, 110, 7),
(84, 'epcall.vlaanderen.be', '10.23.224.154', 80, 108, 7),
(85, 'inkom06.vlaanderen.be', '10.23.224.152', 80, 118, 7),
(86, 'bryggja.vlaanderen.be', '10.23.236.52', 80, 99, 7),
(87, 'daf.vlaanderen.be', '10.23.224.244', 80, 101, 7),
(88, 'esf.vlaanderen.be', '10.22.10.9', 80, 111, 7),
(89, 'stlweb.vonet.be', '10.23.228.36', 80, 175, 7),
(90, 'efro2007-2013.vlaanderen.be', '10.22.85.15', 80, 106, 7),
(91, 'lmn.vonet.be', '10.22.74.82', 8080, NULL, 7),
(92, 'cmdb2.vonet.be', '10.22.2.148', 80, 169, 7),
(93, 'gos.vlaanderen.be', '10.22.2.27', 80, 116, 7),
(94, 'productencatalogus.vlaanderen.be', '10.22.96.5', 80, 123, 7),
(95, 'fin.vlaanderen.be', '10.22.66.13', 80, 112, 7),
(96, 'irg.vlaanderen.be', '10.23.225.4', 80, 119, 7),
(97, 'dov-intra.vonet.be', '10.22.75.82', 80, 170, 7),
(98, 'ebl.vlaanderen.be', '10.22.77.28', 80, 104, 7),
(99, 'mandatenbeheer.vlaanderen.be', '10.22.81.196', 80, 121, 7),
(100, 'sbw.vlaanderen.be', '10.22.75.47', 80, 47, 7),
(101, 'teamrwo.vonet.be', '10.22.77.9', 80, 50, 7),
(102, 'gp.vlaanderen.be', '10.23.224.151', 80, 117, 7),
(103, 'Koepel.vonet.be', '10.22.66.11', 80, 172, 7),
(104, 'vobip-bi.vonet.be', '10.22.77.49', 80, 183, 7),
(105, 'www.energieprestatiedatabank.be', '10.22.81.203', 80, 131, 7),
(106, 'team10.vonet.be', '10.22.77.9', 80, 50, 7),
(107, 'teamlne.vonet.be', '10.22.77.9', 80, 50, 7),
(108, 'op.vlaanderen.be', '10.23.224.153', 80, 122, 7),
(109, 'tgvtest.vonet.be', '10.22.10.17', 80, 181, 7),
(110, 'vlis.vlaanderen.be', '10.22.82.19', 80, 129, 7),
(111, 'studentenportaal.vlaanderen.be', '10.22.2.22', 80, 125, 7),
(112, 'twp.vlaanderen.be', '10.22.75.53', 80, 127, 7),
(113, 'vliomvo.vlaanderen.be', '10.22.85.5', 80, 128, 7),
(114, 'teamdar.vonet.be', '10.22.77.9', 80, 50, 7),
(115, 'vops.vonet.be', '10.22.79.17', 80, 185, 7),
(116, 'toevla.vlaanderen.be', '10.22.82.17', 80, 126, 7),
(117, 'davinci-mon-etio.vlaanderen.be', '10.23.224.133', 80, 102, 7),
(118, 'www.teletolk.be', '10.22.77.37', 80, 132, 7),
(119, 'www.vlaamseinfolijn.be', '10.22.77.37', 80, 132, 7),
(120, 'teamwvg.vonet.be', '10.22.77.9', 80, 50, 7),
(121, 'gebruikersbeheer.vonet.be', '10.22.2.50', 80, 171, 7),
(122, 'www.watlab.be', '10.129.39.1', 80, 135, 7),
(123, 'webedison.vlaanderen.be', '10.22.85.21', 80, 130, 7),
(124, 'www.flanders.be', '10.22.77.37', 80, 132, 7),
(125, 'led-mon.vlaanderen.be', '10.23.224.55', 80, 120, 7),
(126, 'vlimpers-hr.vonet.be', '10.22.77.20', 80, 146, 7),
(127, 'ep.vlaanderen.be', '10.23.224.150', 80, 107, 7),
(128, 'geomob.vlaanderen.be/geomob/ongevallen/', '10.22.2.1', 8080, NULL, 7),
(129, 'geomob.vlaanderen.be/gwcong/', '10.22.2.1', 8081, NULL, 7),
(130, 'geomob.vlaanderen.be/geomob/agiv/', '10.23.224.76', 80, 115, 7),
(131, 'geomob.vlaanderen.be/locatorservices/', '10.23.224.76', 80, 115, 7),
(132, 'geomob.vlaanderen.be/geomob/gewestweg/', '10.23.224.76', 80, 115, 7),
(133, 'geomob.vlaanderen.be/geomob/', '10.23.224.76', 80, 115, 7),
(134, 'geomob.vlaanderen.be/geomob/verkeersborden/', '10.22.96.1', 8081, NULL, 7),
(135, 'geomob.vlaanderen.be/geoserver/', '10.22.2.2', 8080, NULL, 7),
(136, 'geomob.vlaanderen.be/wpsserver/', '10.22.2.2', 8081, NULL, 7),
(137, 'geomob.vlaanderen.be/gwc/', '10.23.224.76', 82, NULL, 7),
(138, 'geomob.vlaanderen.be/geoserver01/', '10.22.96.2', 8087, NULL, 7),
(139, 'geomob.vlaanderen.be/wpsserver01/', '10.22.96.3', 8089, NULL, 7),
(140, 'geomob.vlaanderen.be/geomob/agiv/', '10.23.224.76', 82, NULL, 7),
(141, 'apps.awv.vonet.be/pno-webservice', '10.22.77.11', 8080, NULL, 7),
(142, 'apps.awv.vonet.be/pno', '10.22.77.11', 8080, NULL, 7),
(143, 'apps.awv.vonet.be/wegendatabank', '10.22.77.12', 8080, NULL, 7),
(144, 'apps.awv.vonet.be/wms', '10.22.77.13', 8080, NULL, 7),
(145, 'apps.awv.vonet.be/geoserver', '10.22.77.13', 8080, NULL, 7),
(146, 'apps.awv.vonet.be/geowebcache', '10.22.77.13', 8080, NULL, 7),
(147, 'apps.awv.vonet.be/featureserver', '10.22.77.14', 8080, NULL, 7),
(148, 'apps.awv.vonet.be/exportservice', '10.22.77.15', 8080, NULL, 7),
(149, 'apps.awv.vonet.be/locatorservices', '10.22.77.15', 8080, NULL, 7),
(150, 'apps.awv.vonet.be/styleservice', '10.22.77.15', 8080, NULL, 7),
(151, 'apps.awv.vonet.be/birt', '10.22.77.15', 8080, NULL, 7),
(152, 'apps.awv.vonet.be/tilemapserver', '10.22.77.16', 8080, NULL, 7),
(153, 'apps.awv.vonet.be/geoloket', '10.22.77.15', 8080, NULL, 7),
(154, 'apps.awv.vonet.be/tms', '10.22.77.16', 80, 143, 7),
(155, 'apps.awv.vonet.be/postregistratie', '10.22.77.18', 80, 144, 7),
(156, 'apps.awv.vonet.be/planklassement', '10.22.77.22', 8080, NULL, 7),
(157, 'apps.awv.vonet.be/werf', '10.22.77.19', 8080, NULL, 7),
(158, 'apps.awv.vonet.be/routing', '10.22.77.20', 8080, NULL, 7),
(159, 'apps.awv.vonet.be/magplus', '10.22.77.23', 80, 148, 7),
(160, 'apps.awv.vonet.be/magplusbirt', '10.22.77.23', 8080, NULL, 7),
(161, 'apps.awv.vonet.be/servo', '10.22.77.25', 80, 149, 7),
(162, 'apps.awv.vonet.be/servobirt', '10.22.77.25', 8080, NULL, 7),
(163, 'apps.awv.vonet.be/denk', '10.22.24.16', 8080, NULL, 7),
(164, 'apps.awv.vonet.be/pentaho-birt', '10.22.24.147', 8080, NULL, 7),
(165, 'apps.awv.vonet.be/pentaho-style', '10.22.24.147', 8080, NULL, 7),
(166, 'apps.awv.vonet.be/pentaho', '10.22.24.147', 8080, NULL, 7),
(167, 'apps.awv.vonet.be/kabelnet', '10.22.77.39', 8080, NULL, 7),
(168, 'apps.awv.vonet.be/denk-api', '10.22.24.16', 9273, NULL, 7),
(169, 'apps.awv.vonet.be/inspecties', '10.22.77.41', 8080, NULL, 7),
(170, 'apps.awv.vonet.be/tablethomepage', '10.22.77.35', 80, 150, 7),
(171, 'apps.awv.vonet.be/prx2-elastic-transport', '10.22.77.53', 9300, NULL, 7),
(172, 'apps.awv.vonet.be/prx2-elastic-http', '10.22.77.53', 9200, NULL, 7),
(173, 'apps.awv.vonet.be/prx2', '10.22.77.53', 8080, NULL, 7),
(174, 'apps.awv.vonet.be/districtcenter-service', '10.22.77.50', 8080, NULL, 7),
(175, 'apps.awv.vonet.be/districtcenter', '10.22.77.51', 80, 154, 7),
(176, 'apps.awv.vonet.be/docgen', '10.22.77.52', 8080, NULL, 7),
(177, 'apps.awv.vonet.be/historia4', '10.22.77.70', 8080, NULL, 7),
(178, 'apps.awv.vonet.be/historia', '10.22.77.71', 8080, NULL, 7),
(179, 'apps.awv.vonet.be/gm', '10.22.77.64', 8080, NULL, 7),
(180, 'apps.awv.vonet.be/geolatte-nosqlfs', '10.22.77.65', 8080, NULL, 7),
(181, 'apps.awv.vonet.be/dataloader', '10.22.77.66', 8080, NULL, 7),
(182, 'apps.awv.vonet.be/winterdienst', '10.22.77.55', 8080, NULL, 7),
(183, 'apps.awv.vonet.be/locatieservices/rest/locatie/adres', '10.22.77.56', 8080, NULL, 7),
(184, 'apps.awv.vonet.be/locatieservices/rest/locatie/xy/via/adres', '10.22.77.56', 8080, NULL, 7),
(185, 'apps.awv.vonet.be/locatieservices/rest/locatie/crab', '10.22.77.56', 8080, NULL, 7),
(186, 'apps.awv.vonet.be/locatieservices/rest/locatie/cyclomedia', '10.22.77.59', 8080, NULL, 7),
(187, 'apps.awv.vonet.be/locatieservices', '10.22.77.61', 8080, NULL, 7),
(188, 'apps.awv.vonet.be/wegendatabank', '10.22.77.62', 8080, NULL, 7),
(189, 'apps.awv.vonet.be/elisa', '10.22.77.72', 8080, NULL, 7),
(190, 'apps.awv.vonet.be/locatiezoeker', '10.22.77.73', 8080, NULL, 7);

-- --------------------------------------------------------

--
-- Table structure for table `url2dns`
--

CREATE TABLE IF NOT EXISTS `url2dns` (
  `id` int(11) NOT NULL AUTO_INCREMENT COMMENT 'Unique reference of the record',
  `servername` varchar(500) NOT NULL COMMENT 'Server portion of the URL.',
  `ip_address` varchar(20) NOT NULL COMMENT 'DNS IP Address for this servername.',
  `category` varchar(50) DEFAULT NULL COMMENT 'Category of the translation. This can include: Direct, Internet, Reverse Proxy',
  `req_revproxy_tx_id` int(11) DEFAULT NULL COMMENT 'Link to request Rev Proxy translation',
  `req_internet_whitelist_id` int(11) DEFAULT NULL COMMENT 'Link to Request for Internet whitelist.',
  `source_id` int(11) DEFAULT NULL COMMENT 'Link to the Source where the information can be found.',
  PRIMARY KEY (`id`),
  KEY `req_internet_whitelist_id` (`req_internet_whitelist_id`),
  KEY `source_id` (`source_id`),
  KEY `req_revproxy_tx_id` (`req_revproxy_tx_id`)
) ENGINE=InnoDB  DEFAULT CHARSET=utf8 COMMENT='URL to DNS translation on Vo network. This information should be overlapping with network_category in url table.' AUTO_INCREMENT=125 ;

--
-- Dumping data for table `url2dns`
--

INSERT INTO `url2dns` (`id`, `servername`, `ip_address`, `category`, `req_revproxy_tx_id`, `req_internet_whitelist_id`, `source_id`) VALUES
(1, 'nadia-burger.vlaanderen.be', '10.1.110.167', 'Direct', NULL, NULL, 5),
(2, 'www.facilipunt.be', '217.19.237.54', 'Internet', NULL, NULL, 5),
(3, 'bredero.vlaanderen.be', '10.22.2.131', 'Direct', NULL, NULL, 5),
(4, 'apps.awv.vonet.be', '198.18.96.18', 'Reverse Proxy', NULL, NULL, 5),
(5, 'ibis.vlaanderen.Be', '10.23.228.20', 'Direct', NULL, NULL, 5),
(6, 'bryggja.vlaanderen.be', '10.40.120.4', 'Reverse Proxy', 114, NULL, 5),
(7, 'dov-intra.vonet.be', '198.18.96.18', 'Reverse Proxy', 212, NULL, 5),
(8, 'mercator2.vlaanderen.be', '10.1.120.99', 'Direct', NULL, NULL, 5),
(9, 'geo_ap.rwo.vlaanderen.be', '10.22.87.181', 'Direct', NULL, NULL, 5),
(10, 'vergunningenregister.vlaanderen.be', '10.22.2.129', 'Direct', NULL, NULL, 5),
(11, 'www.vlaanderen.be', '10.40.103.20', 'Direct', NULL, NULL, 5),
(12, 'codex.vlaanderen.be', '85.255.206.104', 'Internet', NULL, 1, 5),
(13, 'vliomvo.vlaanderen.be', '10.40.120.4', 'Reverse Proxy', 153, NULL, 5),
(14, 'databanktaaladvies.vlaanderen.be', '10.22.87.182', 'Direct', NULL, NULL, 5),
(15, 'gedingvoering.vonet.be', '10.22.75.184', 'Direct', NULL, NULL, 5),
(16, 'bibis-int.vlaanderen.be', '10.1.110.228', 'Direct', NULL, NULL, 5),
(17, 'tgv.vlaanderen.be ', '10.1.237.106', 'Direct', NULL, NULL, 5),
(18, 'www.flanders.be', '10.40.120.4', 'Reverse Proxy', 157, NULL, 5),
(19, 'ebl.vlaanderen.be', '10.40.120.4', 'Reverse Proxy', 119, NULL, 5),
(20, 'oeso.vlaanderen.be', '10.22.2.147', 'Direct', NULL, NULL, 5),
(21, 'apexprod.vonet.be', '10.23.224.229', 'Direct', NULL, NULL, 5),
(22, 'Koepel.vonet.be', '198.18.96.18', 'Reverse Proxy', 214, NULL, 5),
(23, 'fin.vlaanderen.be', '10.40.120.4', 'Reverse Proxy', 127, NULL, 5),
(24, 'team10.vonet.be', '198.18.96.18', 'Reverse Proxy', 218, NULL, 5),
(25, 'teamdar.vonet.be', '198.18.96.18', 'Reverse Proxy', 219, NULL, 5),
(26, 'www4.vlaanderen.be', '10.40.103.20', 'Direct', NULL, NULL, 5),
(27, 'vobippubliek.vlaanderen.be', '10.22.15.66', 'Direct', NULL, NULL, 5),
(28, 'dar-dms.vlaanderen.be:8080', '10.22.19.69', 'Direct', NULL, NULL, 5),
(29, 'siebel81.cpvi.vonet.be', '198.18.132.42', 'Direct', NULL, NULL, 5),
(30, 'tgvtest.vonet.be', '198.18.96.18', 'Reverse Proxy', 223, NULL, 5),
(31, 'toevla.vlaanderen.be', '10.40.120.4', 'Reverse Proxy', 151, NULL, 5),
(32, 'vlis.vlaanderen.be', '10.40.120.4', 'Reverse Proxy', 154, NULL, 5),
(33, 'vom.eu.hpbpaas.com', '206.164.211.140', 'Internet', NULL, 3, 5),
(34, 'vobip-bi.vonet.be', '198.18.96.18', 'Reverse Proxy', 225, NULL, 5),
(35, 'www.vlaamseinfolijn.be', '10.40.120.4', 'Reverse Proxy', 159, NULL, 5),
(36, 'www.teletolk.be', '10.40.120.4', 'Reverse Proxy', 158, NULL, 5),
(37, 'orafin.vlaanderen.be:8000', '10.22.74.4', 'Direct', NULL, NULL, 5),
(38, 'aps.vlaanderen.be', '10.1.226.121', 'Direct', NULL, NULL, 5),
(39, 'bru000center81m.vlaanderen.be', '10.22.79.1', 'Direct', NULL, NULL, 5),
(40, 'bz-dms.vlaanderen.be', '10.22.19.73', 'Direct', NULL, NULL, 5),
(41, 'certificaten-ov.vlaanderen.be', '10.22.2.173', 'Direct', NULL, NULL, 5),
(42, 'mandatenbeheer.vlaanderen.be', '10.40.120.4', 'Reverse Proxy', 146, NULL, 5),
(43, 'fb-dms.vlaanderen.be', '10.22.19.68', 'Direct', NULL, NULL, 5),
(44, 'cjsm-dms.vlaanderen.be', '10.22.19.57', 'Direct', NULL, NULL, 5),
(45, 'vormingbegroting.fenb.be', '149.250.246.77', 'Direct', NULL, NULL, 5),
(46, 'dataroommow.vonet.be', '198.19.2.65', 'Direct', NULL, NULL, 5),
(47, 'webedison.vlaanderen.be', '10.40.120.4', 'Reverse Proxy', 155, NULL, 5),
(48, 'stlweb.vonet.be', '198.18.96.18', 'Reverse Proxy', 217, NULL, 5),
(49, 'onderwijs-dms.vlaanderen.be:8080', '10.22.85.163', 'Direct', NULL, NULL, 5),
(50, 'daf.vlaanderen.be', '10.40.120.4', 'Reverse Proxy', 116, NULL, 5),
(51, 'studentenportaal.vlaanderen.be', '10.40.120.4', 'Reverse Proxy', 150, NULL, 5),
(52, 'vepd-dms.vlaanderen.be', '10.22.77.26', 'Direct', NULL, NULL, 5),
(53, 'jira.ond.vlaanderen.be', '10.22.2.157', 'Direct', NULL, NULL, 5),
(54, 'subversion-dev.ov.vlaanderen.be', '10.22.74.104', 'Direct', NULL, NULL, 5),
(55, 'v158747.vlaanderen.be:8080', '10.23.232.84', 'Direct', NULL, NULL, 5),
(56, 'rekenmotorho.vlaanderen.be', '10.23.228.28', 'Direct', NULL, NULL, 5),
(57, 'www.ond.vlaanderen.be', '10.22.74.109', 'Direct', NULL, NULL, 5),
(58, 'led-mon.vlaanderen.be', '10.40.120.4', 'Reverse Proxy', 145, NULL, 5),
(59, 'davinci-mon-etio.vlaanderen.be', '10.40.120.4', 'Reverse Proxy', 117, NULL, 5),
(60, 'ddc-dms.vlaanderen.be', '10.22.19.74', 'Direct', NULL, NULL, 5),
(61, 'discimus-app-jm.vlaanderen.be', '10.23.224.102', 'Direct', NULL, NULL, 5),
(62, 'domino.vlaanderen.be', '10.40.120.4', 'Reverse Proxy', 118, NULL, 5),
(63, 'orka.vlaanderen.be', '10.22.79.33', 'Direct', NULL, NULL, 5),
(64, 'teamwvg.vonet.be', '198.18.96.18', 'Reverse Proxy', 222, NULL, 5),
(65, 'gos.vlaanderen.be', '10.40.120.4', 'Reverse Proxy', 141, NULL, 5),
(66, 'cib.vlaanderen.be', '10.22.4.160', 'Direct', NULL, NULL, 5),
(67, 'mia.vlaanderen.be', '10.22.79.30', 'Direct', NULL, NULL, 5),
(68, 'wse-dms.vlaanderen.be:8080', '10.22.19.59', 'Direct', NULL, NULL, 5),
(69, 'gp.vlaanderen.be', '10.40.120.4', 'Reverse Proxy', 142, NULL, 5),
(70, 'ep.vlaanderen.be', '10.40.120.4', 'Reverse Proxy', 122, NULL, 5),
(71, 'bru000center38m.ewbl.vlaanderen.be', '10.22.79.11', 'Direct', NULL, NULL, 5),
(72, 'www.energieprestatiedatabank.be', '10.40.120.4', 'Reverse Proxy', 156, NULL, 5),
(73, 'livelink1.vlaanderen.be', '10.23.228.120', 'Direct', NULL, NULL, 5),
(74, 'op.vlaanderen.be', '10.40.120.4', 'Reverse Proxy', 147, NULL, 5),
(75, 'esf.vlaanderen.be', '10.40.120.4', 'Reverse Proxy', 126, NULL, 5),
(76, 'efro2007-2013.vlaanderen.be', '10.40.120.4', 'Reverse Proxy', 121, NULL, 5),
(77, 'inkom06.vlaanderen.be', '10.40.120.4', 'Reverse Proxy', 143, NULL, 5),
(78, 'epcall.vlaanderen.be', '10.40.120.4', 'Reverse Proxy', 123, NULL, 5),
(79, 'lv-dms.vlaanderen.be:8080', '10.22.19.67', 'Direct', NULL, NULL, 5),
(80, 'wse-prod-soa.vlaanderen.be', '10.22.75.46', 'Direct', NULL, NULL, 5),
(81, 'sbw.vlaanderen.be', '10.40.120.4', 'Reverse Proxy', 149, NULL, 5),
(82, 'quovis.vlaanderen.be', '10.22.66.23', 'Direct', NULL, NULL, 5),
(83, 'epplus.vlaanderen.be', '10.40.120.4', 'Reverse Proxy', 124, NULL, 5),
(84, 'twp.vlaanderen.be', '10.40.120.4', 'Reverse Proxy', 152, NULL, 5),
(85, 'lmn.vonet.be', '198.18.96.18', 'Reverse Proxy', 215, NULL, 5),
(86, 'wap000008v.vlaanderen.be', '10.22.82.13', 'Direct', NULL, NULL, 5),
(87, 'drop.vlaanderen.be', '10.40.108.26', 'Direct', NULL, NULL, 5),
(88, 'vlimpers-hr.vonet.be', '198.18.96.18', 'Reverse Proxy', 224, NULL, 5),
(89, 'kim-dms.vlaanderen.be:8080', '10.22.19.76', 'Direct', NULL, NULL, 5),
(90, 'eroom-mow.vlaanderen.be', '10.40.120.4', 'Reverse Proxy', 125, NULL, 5),
(91, 'geo-dms.vlaanderen.be:8080', '10.22.19.63', 'Direct', NULL, NULL, 5),
(92, 'centaurus.vlaanderen.be', '10.40.120.4', 'Reverse Proxy', 115, NULL, 5),
(93, 'teamrwo.vonet.be', '198.18.96.18', 'Reverse Proxy', 221, NULL, 5),
(94, 'teamlne.vonet.be', '198.18.96.18', 'Reverse Proxy', 220, NULL, 5),
(95, 'ato-dms.vlaanderen.be', '10.22.19.65', 'Direct', NULL, NULL, 5),
(96, 'spw.vonet.be', '198.18.96.18', 'Reverse Proxy', 216, NULL, 5),
(97, 'awv.vlaanderen.be', '10.23.224.28', 'Direct', NULL, NULL, 5),
(98, 'huso.vlaanderen.be', '10.22.81.142', 'Direct', NULL, NULL, 5),
(99, 'edelta.vlaanderen.be', '10.40.120.4', 'Reverse Proxy', 120, NULL, 5),
(100, 'epm.vlaanderen.be', '10.22.66.110', 'Direct', NULL, NULL, 5),
(101, 's128154.vlaanderen.be', '10.1.185.55', 'Direct', NULL, NULL, 5),
(102, 'madame.vlaanderen.be', '10.22.74.108', 'Direct', NULL, NULL, 5),
(103, '10.22.80.17', '10.22.80.17', 'Direct', NULL, NULL, 5),
(104, 'irg.vlaanderen.be', '10.40.120.4', 'Reverse Proxy', 144, NULL, 5),
(105, 'geomob.vlaanderen.be', '10.40.120.4', 'Reverse Proxy', NULL, NULL, 5),
(106, 'mercurius-ws.vonet.be', '10.22.79.12', 'Direct', NULL, NULL, 5),
(107, 'wlportaal.vlaanderen.be', '10.129.38.9', 'Direct', NULL, NULL, 5),
(108, 'www.watlab.be', '10.40.120.4', 'Reverse Proxy', 160, NULL, 5),
(109, 'mister.vlaanderen.be', '10.22.74.100', 'Direct', NULL, NULL, 5),
(110, 'wm162456.vlaanderen.be', '10.22.74.108', 'Direct', NULL, NULL, 5),
(111, 'beheermaritiemewerken.vlaanderen.be', '10.22.66.110', 'Direct', NULL, NULL, 5),
(112, 'secretarie-vr-dms.vlaanderen.be', '10.22.19.66', 'Direct', NULL, NULL, 5),
(113, 'uv158920.vlaanderen.be', '10.23.224.84', 'Direct', NULL, NULL, 5),
(114, 'vops.vonet.be', '198.18.96.18', 'Reverse Proxy', 226, NULL, 5),
(115, 'uv158920-oob.vlaanderen.be:7001', '10.56.40.134', 'Direct', NULL, NULL, 5),
(116, 'vlimpers-flamingo.vonet.be', '198.18.96.8', 'Reverse Proxy', NULL, NULL, 5),
(117, 'wonder.vlaanderen.be', '10.22.96.6', 'Direct', NULL, NULL, 5),
(118, 'eib-dms.vlaanderen.be', '10.22.19.56', 'Direct', NULL, NULL, 5),
(119, 'wpnjira.vlaanderen.be', '10.22.81.130', 'Direct', NULL, NULL, 5),
(120, 'cmdb2.vonet.be', '198.18.96.18', 'Reverse Proxy', 211, NULL, 5),
(121, 'gebruikersbeheer.vonet.be', '198.18.96.18', 'Reverse Proxy', 213, NULL, 5),
(122, 'bsm.vlaanderen.be', '10.22.25.130', 'Direct', NULL, NULL, 5),
(123, 'wv158905.vlaanderen.be', '10.22.66.108', 'Direct', NULL, NULL, 5),
(124, 'productencatalogus.vlaanderen.be', '10.40.120.4', 'Reverse Proxy', 148, NULL, 5);

-- --------------------------------------------------------

--
-- Table structure for table `workflow_status`
--

CREATE TABLE IF NOT EXISTS `workflow_status` (
  `id` int(11) NOT NULL AUTO_INCREMENT,
  `tablename` varchar(100) NOT NULL COMMENT 'Tablename for the record and the workflow status.',
  `record_id` int(11) DEFAULT NULL COMMENT 'Record ID for the status.',
  `status_id` int(11) DEFAULT NULL,
  `source_id` int(11) DEFAULT NULL COMMENT 'Refers to the source of the information.',
  PRIMARY KEY (`id`)
) ENGINE=InnoDB  DEFAULT CHARSET=utf8 COMMENT='This table collects the workflow status for the different requests and actions related to the URL.' AUTO_INCREMENT=52 ;

--
-- Dumping data for table `workflow_status`
--

INSERT INTO `workflow_status` (`id`, `tablename`, `record_id`, `status_id`, `source_id`) VALUES
(1, 'url2appl_ip', 4, 2, 6),
(2, 'url2appl_ip', 13, 2, 6),
(3, 'url2appl_ip', 7, 2, 6),
(4, 'url2appl_ip', 48, 2, 6),
(5, 'url2appl_ip', 14, 2, 6),
(6, 'url2appl_ip', 52, 2, 6),
(7, 'url2appl_ip', 17, 2, 6),
(8, 'url2appl_ip', 60, 2, 6),
(9, 'url2appl_ip', 72, 2, 6),
(10, 'url2appl_ip', 44, 2, 6),
(11, 'url2appl_ip', 70, 2, 6),
(12, 'url2appl_ip', 23, 2, 6),
(13, 'url2appl_ip', 71, 2, 6),
(14, 'url2appl_ip', 67, 2, 6),
(15, 'url2appl_ip', 8, 2, 6),
(16, 'url2appl_ip', 5, 2, 6),
(17, 'url2appl_ip', 15, 2, 6),
(18, 'url2appl_ip', 28, 2, 6),
(19, 'url2appl_ip', 62, 2, 6),
(20, 'url2appl_ip', 35, 2, 6),
(21, 'url2appl_ip', 47, 2, 6),
(22, 'url2appl_ip', 55, 2, 6),
(23, 'url2appl_ip', 41, 2, 6),
(24, 'url2appl_ip', 53, 2, 6),
(25, 'url2appl_ip', 29, 2, 6),
(26, 'url2appl_ip', 49, 2, 6),
(27, 'url2appl_ip', 54, 2, 6),
(28, 'url2appl_ip', 31, 2, 6),
(29, 'url2appl_ip', 74, 2, 6),
(30, 'url2appl_ip', 12, 2, 6),
(31, 'url2appl_ip', 39, 2, 6),
(32, 'url2appl_ip', 40, 2, 6),
(33, 'url2appl_ip', 27, 2, 6),
(34, 'url2appl_ip', 37, 2, 6),
(35, 'url2appl_ip', 36, 2, 6),
(36, 'url2appl_ip', 34, 2, 6),
(37, 'url2appl_ip', 50, 2, 6),
(38, 'url2appl_ip', 42, 2, 6),
(39, 'url2appl_ip', 68, 2, 6),
(40, 'url2appl_ip', 11, 2, 6),
(41, 'url2appl_ip', 45, 2, 6),
(42, 'url2appl_ip', 38, 2, 6),
(43, 'url2appl_ip', 6, 2, 6),
(44, 'url2appl_ip', 30, 2, 6),
(45, 'url2appl_ip', 73, 2, 6),
(46, 'url2appl_ip', 9, 2, 6),
(47, 'url2appl_ip', 10, 2, 6),
(48, 'url2appl_ip', 16, 2, 6),
(49, 'url2appl_ip', 25, 2, 6),
(50, 'url2appl_ip', 18, 2, 6),
(51, 'url2appl_ip', 76, 2, 6);

--
-- Constraints for dumped tables
--

--
-- Constraints for table `amaas`
--
ALTER TABLE `amaas`
  ADD CONSTRAINT `amaas_application_fk` FOREIGN KEY (`application_id`) REFERENCES `application` (`id`) ON DELETE NO ACTION ON UPDATE NO ACTION,
  ADD CONSTRAINT `amaas_source_fk` FOREIGN KEY (`source_id`) REFERENCES `source` (`id`) ON DELETE NO ACTION ON UPDATE NO ACTION;

--
-- Constraints for table `req_internet_whitelist`
--
ALTER TABLE `req_internet_whitelist`
  ADD CONSTRAINT `req_internet_whitelist_ibfk_1` FOREIGN KEY (`source_id`) REFERENCES `source` (`id`);

--
-- Constraints for table `req_network_path`
--
ALTER TABLE `req_network_path`
  ADD CONSTRAINT `req_network_path_ibfk_1` FOREIGN KEY (`source_id`) REFERENCES `source` (`id`);

--
-- Constraints for table `req_revproxy_tx`
--
ALTER TABLE `req_revproxy_tx`
  ADD CONSTRAINT `req_revproxy_tx_ibfk_1` FOREIGN KEY (`source_id`) REFERENCES `source` (`id`);

--
-- Constraints for table `url`
--
ALTER TABLE `url`
  ADD CONSTRAINT `url_application_fk` FOREIGN KEY (`application_id`) REFERENCES `application` (`id`) ON DELETE NO ACTION ON UPDATE NO ACTION,
  ADD CONSTRAINT `url_appl_ip_fk` FOREIGN KEY (`url2appl_ip_id`) REFERENCES `url2appl_ip` (`id`) ON DELETE NO ACTION ON UPDATE NO ACTION,
  ADD CONSTRAINT `url_dns_fk` FOREIGN KEY (`url2dns_id`) REFERENCES `url2dns` (`id`) ON DELETE NO ACTION ON UPDATE NO ACTION,
  ADD CONSTRAINT `url_source_fk` FOREIGN KEY (`source_id`) REFERENCES `source` (`id`) ON DELETE NO ACTION ON UPDATE NO ACTION;

--
-- Constraints for table `url2appl_ip`
--
ALTER TABLE `url2appl_ip`
  ADD CONSTRAINT `url2appl_ip_ibfk_1` FOREIGN KEY (`source_id`) REFERENCES `source` (`id`),
  ADD CONSTRAINT `url2appl_ip_ibfk_2` FOREIGN KEY (`req_network_path_id`) REFERENCES `req_network_path` (`id`);

--
-- Constraints for table `url2dns`
--
ALTER TABLE `url2dns`
  ADD CONSTRAINT `url2dns_ibfk_1` FOREIGN KEY (`source_id`) REFERENCES `source` (`id`),
  ADD CONSTRAINT `url2dns_ibfk_2` FOREIGN KEY (`req_internet_whitelist_id`) REFERENCES `req_internet_whitelist` (`id`),
  ADD CONSTRAINT `url2dns_ibfk_3` FOREIGN KEY (`req_revproxy_tx_id`) REFERENCES `req_revproxy_tx` (`id`);

/*!40101 SET CHARACTER_SET_CLIENT=@OLD_CHARACTER_SET_CLIENT */;
/*!40101 SET CHARACTER_SET_RESULTS=@OLD_CHARACTER_SET_RESULTS */;
/*!40101 SET COLLATION_CONNECTION=@OLD_COLLATION_CONNECTION */;
