-- phpMyAdmin SQL Dump
-- version 3.4.10.1
-- http://www.phpmyadmin.net
--
-- Host: localhost
-- Generation Time: May 05, 2015 at 12:52 PM
-- Server version: 5.5.22
-- PHP Version: 5.4.0

SET SQL_MODE="NO_AUTO_VALUE_ON_ZERO";
SET time_zone = "+00:00";


/*!40101 SET @OLD_CHARACTER_SET_CLIENT=@@CHARACTER_SET_CLIENT */;
/*!40101 SET @OLD_CHARACTER_SET_RESULTS=@@CHARACTER_SET_RESULTS */;
/*!40101 SET @OLD_COLLATION_CONNECTION=@@COLLATION_CONNECTION */;
/*!40101 SET NAMES utf8 */;

--
-- Database: `vo_appsmonitoring`
--

-- --------------------------------------------------------

--
-- Table structure for table `amaas`
--

CREATE TABLE IF NOT EXISTS `amaas` (
  `id` int(11) NOT NULL AUTO_INCREMENT COMMENT 'Unique reference of the record',
  `application_id` int(11) NOT NULL COMMENT 'Reference to the application.',
  `source_id` int(11) NOT NULL COMMENT 'Source List for this information',
  `category` varchar(255) DEFAULT NULL COMMENT 'Category for Availability Monitoring. Options are ''Mainframe'', ''URL'', ''Database'', ''Other''',
  PRIMARY KEY (`id`),
  KEY `amaas_application_fk_idx` (`application_id`),
  KEY `amaas_source_fk_idx` (`source_id`)
) ENGINE=InnoDB  DEFAULT CHARSET=utf8 COMMENT='List applications in amaas Support per list.' AUTO_INCREMENT=1725 ;

--
-- Dumping data for table `amaas`
--

INSERT INTO `amaas` (`id`, `application_id`, `source_id`, `category`) VALUES
(1, 6, 1, 'URL'),
(2, 8, 1, 'URL'),
(3, 9, 1, 'URL'),
(4, 11, 1, 'URL'),
(5, 12, 1, 'URL'),
(6, 13, 1, 'URL'),
(7, 14, 1, 'URL'),
(8, 15, 1, 'URL'),
(9, 16, 1, 'URL'),
(10, 17, 1, 'URL'),
(11, 19, 1, 'URL'),
(12, 21, 1, 'Client/Server'),
(13, 23, 1, 'URL'),
(14, 24, 1, 'URL'),
(15, 25, 1, 'URL'),
(16, 26, 1, 'URL'),
(17, 28, 1, NULL),
(18, 30, 1, 'URL'),
(19, 31, 1, NULL),
(20, 34, 1, 'URL'),
(21, 42, 1, 'URL'),
(22, 46, 1, 'URL'),
(23, 47, 1, 'URL'),
(24, 48, 1, 'URL'),
(25, 49, 1, NULL),
(26, 52, 1, 'URL'),
(27, 53, 1, 'Client/Server'),
(28, 54, 1, 'URL'),
(29, 55, 1, 'URL'),
(30, 58, 1, 'URL'),
(31, 61, 1, 'Mainframe'),
(32, 62, 1, 'URL'),
(33, 63, 1, 'Client/Server'),
(34, 66, 1, 'Client/Server'),
(35, 67, 1, 'URL'),
(36, 68, 1, 'URL'),
(37, 69, 1, 'URL'),
(38, 70, 1, 'URL'),
(39, 71, 1, 'Client/Server'),
(40, 74, 1, 'URL'),
(41, 79, 1, 'Client/Server'),
(42, 80, 1, 'URL'),
(43, 81, 1, 'URL'),
(44, 82, 1, 'URL'),
(45, 83, 1, 'URL'),
(46, 85, 1, 'URL'),
(47, 89, 1, 'URL'),
(48, 90, 1, 'URL'),
(49, 91, 1, 'Client/Server'),
(50, 94, 1, 'URL'),
(51, 96, 1, 'URL'),
(52, 97, 1, 'URL'),
(53, 99, 1, NULL),
(54, 100, 1, 'URL'),
(55, 101, 1, 'Client/Server'),
(56, 104, 1, 'URL'),
(57, 106, 1, 'URL'),
(58, 107, 1, 'URL'),
(59, 108, 1, 'URL'),
(60, 110, 1, 'URL'),
(61, 111, 1, 'URL'),
(62, 112, 1, 'Client/Server'),
(63, 113, 1, 'URL'),
(64, 114, 1, 'URL'),
(65, 116, 1, 'URL'),
(66, 118, 1, 'URL'),
(67, 119, 1, 'URL'),
(68, 121, 1, 'URL'),
(69, 124, 1, 'Client/Server'),
(70, 125, 1, 'URL'),
(71, 129, 1, 'URL'),
(72, 131, 1, 'Nog geen Categorie'),
(73, 132, 1, 'URL'),
(74, 134, 1, 'URL'),
(75, 135, 1, 'URL'),
(76, 137, 1, 'URL'),
(77, 138, 1, 'URL'),
(78, 139, 1, 'URL'),
(79, 140, 1, 'URL'),
(80, 142, 1, 'URL'),
(81, 144, 1, 'URL'),
(82, 145, 1, 'URL'),
(83, 146, 1, 'URL'),
(84, 147, 1, 'URL'),
(85, 148, 1, 'URL'),
(86, 149, 1, 'URL'),
(87, 153, 1, 'URL'),
(88, 154, 1, 'URL'),
(89, 157, 1, 'Client/Server'),
(90, 161, 1, 'URL'),
(91, 162, 1, 'URL'),
(92, 163, 1, 'URL'),
(93, 164, 1, 'Mainframe'),
(94, 165, 1, 'URL'),
(95, 167, 1, 'Client/Server'),
(96, 170, 1, 'Client/Server'),
(97, 175, 1, 'Mainframe'),
(98, 176, 1, 'Nog geen Categorie'),
(99, 177, 1, 'URL'),
(100, 178, 1, 'Client/Server'),
(101, 179, 1, 'URL'),
(102, 181, 1, 'URL'),
(103, 182, 1, 'URL'),
(104, 183, 1, 'URL'),
(105, 185, 1, 'URL'),
(106, 187, 1, 'URL'),
(107, 188, 1, 'URL'),
(108, 192, 1, 'Mainframe'),
(109, 193, 1, 'URL'),
(110, 198, 1, 'Client/Server'),
(111, 202, 1, 'URL'),
(112, 206, 1, 'URL'),
(113, 207, 1, 'URL'),
(114, 213, 1, 'URL'),
(115, 218, 1, 'URL'),
(116, 223, 1, NULL),
(117, 230, 1, 'URL'),
(118, 231, 1, 'Client/Server'),
(119, 232, 1, 'URL'),
(120, 233, 1, 'URL'),
(121, 235, 1, 'URL'),
(122, 236, 1, 'Client/Server'),
(123, 238, 1, 'URL'),
(124, 240, 1, 'URL'),
(125, 241, 1, 'URL'),
(126, 242, 1, 'URL'),
(127, 249, 1, 'URL'),
(128, 251, 1, NULL),
(129, 252, 1, 'URL'),
(130, 254, 1, 'URL'),
(131, 255, 1, 'URL'),
(132, 256, 1, 'Client/Server'),
(133, 257, 1, NULL),
(134, 260, 1, 'URL'),
(135, 262, 1, 'URL'),
(136, 263, 1, 'URL'),
(137, 264, 1, 'Mainframe'),
(138, 265, 1, 'URL'),
(139, 266, 1, 'URL'),
(140, 267, 1, 'URL'),
(141, 268, 1, 'Client/Server'),
(142, 274, 1, 'URL'),
(143, 276, 1, 'Client/Server'),
(144, 277, 1, 'Client/Server'),
(145, 278, 1, 'URL'),
(146, 279, 1, 'URL'),
(147, 280, 1, 'URL'),
(148, 282, 1, 'URL'),
(149, 285, 1, 'URL'),
(150, 286, 1, 'URL'),
(151, 287, 1, 'URL'),
(152, 288, 1, 'URL'),
(153, 289, 1, 'URL'),
(154, 290, 1, 'Client/Server'),
(155, 291, 1, 'URL'),
(156, 292, 1, 'URL'),
(157, 294, 1, 'URL'),
(158, 296, 1, 'URL'),
(159, 298, 1, 'Mainframe'),
(160, 300, 1, 'Client/Server'),
(161, 301, 1, 'Client/Server'),
(162, 302, 1, 'URL'),
(163, 303, 1, 'Client/Server'),
(164, 304, 1, 'URL'),
(165, 305, 1, 'URL'),
(166, 306, 1, 'URL'),
(167, 307, 1, 'URL'),
(168, 309, 1, 'URL'),
(169, 315, 1, 'Batchverwerking'),
(170, 316, 1, 'URL'),
(171, 317, 1, 'URL'),
(172, 319, 1, 'URL'),
(173, 322, 1, 'URL'),
(174, 323, 1, 'URL'),
(175, 324, 1, 'URL'),
(176, 328, 1, 'Client/Server'),
(177, 331, 1, 'URL'),
(178, 332, 1, 'URL'),
(179, 333, 1, 'URL'),
(180, 334, 1, 'Client/Server'),
(181, 336, 1, 'URL'),
(182, 337, 1, 'URL'),
(183, 338, 1, 'Client/Server'),
(184, 342, 1, 'URL'),
(185, 343, 1, 'URL'),
(186, 344, 1, 'URL'),
(187, 345, 1, 'URL'),
(188, 346, 1, 'URL'),
(189, 347, 1, 'URL'),
(190, 351, 1, 'Client/Server'),
(191, 352, 1, 'URL'),
(192, 354, 1, 'URL'),
(193, 356, 1, 'URL'),
(194, 361, 1, 'URL'),
(195, 362, 1, 'URL'),
(196, 365, 1, 'URL'),
(197, 367, 1, 'URL'),
(198, 369, 1, 'URL'),
(199, 371, 1, 'URL'),
(200, 373, 1, 'URL'),
(201, 376, 1, 'URL'),
(202, 377, 1, 'URL'),
(203, 379, 1, 'URL'),
(204, 385, 1, 'Client/Server'),
(205, 389, 1, 'URL'),
(206, 512, 1, 'URL'),
(207, 513, 1, NULL),
(208, 514, 1, NULL),
(209, 515, 1, 'Nog geen Categorie'),
(210, 516, 1, NULL),
(211, 517, 1, 'URL'),
(212, 518, 1, NULL),
(213, 519, 1, NULL),
(214, 520, 1, 'Client/Server'),
(215, 521, 1, NULL),
(216, 522, 1, 'URL'),
(217, 523, 1, NULL),
(218, 524, 1, NULL),
(219, 525, 1, NULL),
(220, 526, 1, NULL),
(221, 527, 1, NULL),
(222, 528, 1, 'URL'),
(223, 529, 1, NULL),
(256, 6, 2, 'URL'),
(257, 8, 2, 'URL'),
(258, 9, 2, 'URL'),
(259, 11, 2, 'URL'),
(260, 12, 2, 'URL'),
(261, 13, 2, 'URL'),
(262, 14, 2, 'URL'),
(263, 15, 2, 'URL'),
(264, 16, 2, 'URL'),
(265, 17, 2, 'URL'),
(266, 19, 2, 'URL'),
(267, 21, 2, 'Client/Server'),
(268, 22, 2, NULL),
(269, 23, 2, 'URL'),
(270, 24, 2, 'URL'),
(271, 25, 2, 'URL'),
(272, 26, 2, 'URL'),
(273, 30, 2, 'URL'),
(274, 34, 2, 'URL'),
(275, 38, 2, 'Client/Server'),
(276, 42, 2, 'URL'),
(277, 46, 2, 'URL'),
(278, 47, 2, 'URL'),
(279, 48, 2, 'URL'),
(280, 50, 2, 'URL'),
(281, 52, 2, 'URL'),
(282, 53, 2, 'Client/Server'),
(283, 54, 2, 'URL'),
(284, 55, 2, 'URL'),
(285, 56, 2, 'Mainframe'),
(286, 58, 2, 'URL'),
(287, 60, 2, 'Client/Server'),
(288, 61, 2, 'Mainframe'),
(289, 62, 2, 'URL'),
(290, 63, 2, 'Client/Server'),
(291, 66, 2, 'Client/Server'),
(292, 67, 2, 'URL'),
(293, 68, 2, 'URL'),
(294, 69, 2, 'URL'),
(295, 70, 2, 'URL'),
(296, 71, 2, 'Client/Server'),
(297, 73, 2, 'URL'),
(298, 74, 2, 'URL'),
(299, 79, 2, 'Client/Server'),
(300, 80, 2, 'URL'),
(301, 81, 2, 'URL'),
(302, 82, 2, 'URL'),
(303, 83, 2, 'URL'),
(304, 85, 2, 'URL'),
(305, 89, 2, 'URL'),
(306, 90, 2, 'URL'),
(307, 91, 2, 'Client/Server'),
(308, 94, 2, 'URL'),
(309, 96, 2, 'URL'),
(310, 97, 2, 'URL'),
(311, 100, 2, 'URL'),
(312, 101, 2, 'Client/Server'),
(313, 104, 2, 'URL'),
(314, 106, 2, 'URL'),
(315, 107, 2, 'URL'),
(316, 108, 2, 'URL'),
(317, 110, 2, 'URL'),
(318, 111, 2, 'URL'),
(319, 112, 2, 'Client/Server'),
(320, 113, 2, 'URL'),
(321, 114, 2, 'URL'),
(322, 116, 2, 'URL'),
(323, 118, 2, 'URL'),
(324, 119, 2, 'URL'),
(325, 121, 2, 'URL'),
(326, 124, 2, 'Client/Server'),
(327, 125, 2, 'URL'),
(328, 129, 2, 'URL'),
(329, 130, 2, 'URL'),
(330, 131, 2, 'Nog geen Categorie'),
(331, 132, 2, 'URL'),
(332, 134, 2, 'URL'),
(333, 135, 2, 'URL'),
(334, 137, 2, 'URL'),
(335, 138, 2, 'URL'),
(336, 139, 2, 'URL'),
(337, 140, 2, 'URL'),
(338, 142, 2, 'URL'),
(339, 144, 2, 'URL'),
(340, 145, 2, 'URL'),
(341, 146, 2, 'URL'),
(342, 147, 2, 'URL'),
(343, 148, 2, 'URL'),
(344, 149, 2, 'URL'),
(345, 153, 2, 'URL'),
(346, 154, 2, 'URL'),
(347, 157, 2, 'Client/Server'),
(348, 160, 2, 'URL'),
(349, 161, 2, 'URL'),
(350, 162, 2, 'URL'),
(351, 163, 2, 'URL'),
(352, 164, 2, 'Mainframe'),
(353, 165, 2, 'URL'),
(354, 167, 2, 'Client/Server'),
(355, 170, 2, 'Client/Server'),
(356, 171, 2, 'Nog geen Categorie'),
(357, 175, 2, 'Mainframe'),
(358, 176, 2, 'Nog geen Categorie'),
(359, 177, 2, 'URL'),
(360, 178, 2, 'Client/Server'),
(361, 179, 2, 'URL'),
(362, 181, 2, 'URL'),
(363, 182, 2, 'URL'),
(364, 183, 2, 'URL'),
(365, 185, 2, 'URL'),
(366, 187, 2, 'URL'),
(367, 188, 2, 'URL'),
(368, 192, 2, 'Mainframe'),
(369, 193, 2, 'URL'),
(370, 198, 2, 'Client/Server'),
(371, 202, 2, 'URL'),
(372, 206, 2, 'URL'),
(373, 207, 2, 'URL'),
(374, 213, 2, 'URL'),
(375, 218, 2, 'URL'),
(376, 230, 2, 'URL'),
(377, 231, 2, 'Client/Server'),
(378, 232, 2, 'URL'),
(379, 233, 2, 'URL'),
(380, 235, 2, 'URL'),
(381, 236, 2, 'Client/Server'),
(382, 238, 2, 'URL'),
(383, 239, 2, 'Client/Server'),
(384, 240, 2, 'URL'),
(385, 241, 2, 'URL'),
(386, 242, 2, 'URL'),
(387, 249, 2, 'URL'),
(388, 252, 2, 'URL'),
(389, 253, 2, 'URL'),
(390, 254, 2, 'URL'),
(391, 255, 2, 'URL'),
(392, 256, 2, 'Client/Server'),
(393, 260, 2, 'URL'),
(394, 262, 2, 'URL'),
(395, 263, 2, 'URL'),
(396, 264, 2, 'Mainframe'),
(397, 265, 2, 'URL'),
(398, 266, 2, 'URL'),
(399, 267, 2, 'URL'),
(400, 268, 2, 'Client/Server'),
(401, 274, 2, 'URL'),
(402, 276, 2, 'Client/Server'),
(403, 277, 2, 'Client/Server'),
(404, 278, 2, 'URL'),
(405, 279, 2, 'URL'),
(406, 280, 2, 'URL'),
(407, 282, 2, 'URL'),
(408, 285, 2, 'URL'),
(409, 286, 2, 'URL'),
(410, 287, 2, 'URL'),
(411, 288, 2, 'URL'),
(412, 289, 2, 'URL'),
(413, 290, 2, 'Client/Server'),
(414, 291, 2, 'URL'),
(415, 292, 2, 'URL'),
(416, 294, 2, 'URL'),
(417, 296, 2, 'URL'),
(418, 298, 2, 'Mainframe'),
(419, 300, 2, 'Client/Server'),
(420, 301, 2, 'Client/Server'),
(421, 302, 2, 'URL'),
(422, 303, 2, 'Client/Server'),
(423, 304, 2, 'URL'),
(424, 305, 2, 'URL'),
(425, 306, 2, 'URL'),
(426, 307, 2, 'URL'),
(427, 309, 2, 'URL'),
(428, 315, 2, 'Batchverwerking'),
(429, 316, 2, 'URL'),
(430, 317, 2, 'URL'),
(431, 319, 2, 'URL'),
(432, 322, 2, 'URL'),
(433, 323, 2, 'URL'),
(434, 324, 2, 'URL'),
(435, 328, 2, 'Client/Server'),
(436, 331, 2, 'URL'),
(437, 332, 2, 'URL'),
(438, 333, 2, 'URL'),
(439, 334, 2, 'Client/Server'),
(440, 335, 2, 'Client/Server'),
(441, 336, 2, 'URL'),
(442, 337, 2, 'URL'),
(443, 338, 2, 'Client/Server'),
(444, 341, 2, 'URL'),
(445, 342, 2, 'URL'),
(446, 343, 2, 'URL'),
(447, 344, 2, 'URL'),
(448, 345, 2, 'URL'),
(449, 346, 2, 'URL'),
(450, 347, 2, 'URL'),
(451, 351, 2, 'Client/Server'),
(452, 352, 2, 'URL'),
(453, 354, 2, 'URL'),
(454, 356, 2, 'URL'),
(455, 359, 2, 'URL'),
(456, 361, 2, 'URL'),
(457, 362, 2, 'URL'),
(458, 365, 2, 'URL'),
(459, 367, 2, 'URL'),
(460, 369, 2, 'URL'),
(461, 371, 2, 'URL'),
(462, 373, 2, 'URL'),
(463, 376, 2, 'URL'),
(464, 377, 2, 'URL'),
(465, 379, 2, 'URL'),
(466, 385, 2, 'Client/Server'),
(467, 389, 2, 'URL'),
(468, 515, 2, 'Nog geen Categorie'),
(469, 517, 2, 'URL'),
(470, 520, 2, 'Client/Server'),
(471, 522, 2, 'URL'),
(472, 528, 2, 'URL'),
(511, 6, 3, 'URL'),
(512, 8, 3, 'URL'),
(513, 9, 3, 'URL'),
(514, 11, 3, 'URL'),
(515, 12, 3, 'URL'),
(516, 13, 3, 'URL'),
(517, 14, 3, 'URL'),
(518, 15, 3, 'URL'),
(519, 16, 3, 'URL'),
(520, 17, 3, 'URL'),
(521, 19, 3, 'URL'),
(522, 21, 3, 'Client/Server'),
(523, 23, 3, 'URL'),
(524, 24, 3, 'URL'),
(525, 25, 3, 'URL'),
(526, 26, 3, 'URL'),
(527, 30, 3, 'URL'),
(528, 34, 3, 'URL'),
(529, 38, 3, 'Client/Server'),
(530, 42, 3, 'URL'),
(531, 46, 3, 'URL'),
(532, 47, 3, 'URL'),
(533, 48, 3, 'URL'),
(534, 50, 3, 'URL'),
(535, 52, 3, 'URL'),
(536, 53, 3, 'Client/Server'),
(537, 54, 3, 'URL'),
(538, 55, 3, 'URL'),
(539, 56, 3, 'Mainframe'),
(540, 58, 3, 'URL'),
(541, 60, 3, 'Client/Server'),
(542, 61, 3, 'Mainframe'),
(543, 62, 3, 'URL'),
(544, 63, 3, 'Client/Server'),
(545, 66, 3, 'Client/Server'),
(546, 67, 3, 'URL'),
(547, 68, 3, 'URL'),
(548, 69, 3, 'URL'),
(549, 70, 3, 'URL'),
(550, 71, 3, 'Client/Server'),
(551, 73, 3, 'URL'),
(552, 74, 3, 'URL'),
(553, 79, 3, 'Client/Server'),
(554, 80, 3, 'URL'),
(555, 81, 3, 'URL'),
(556, 82, 3, 'URL'),
(557, 83, 3, 'URL'),
(558, 85, 3, 'URL'),
(559, 89, 3, 'URL'),
(560, 90, 3, 'URL'),
(561, 91, 3, 'Client/Server'),
(562, 94, 3, 'URL'),
(563, 96, 3, 'URL'),
(564, 97, 3, 'URL'),
(565, 100, 3, 'URL'),
(566, 101, 3, 'Client/Server'),
(567, 104, 3, 'URL'),
(568, 106, 3, 'URL'),
(569, 107, 3, 'URL'),
(570, 108, 3, 'URL'),
(571, 110, 3, 'URL'),
(572, 111, 3, 'URL'),
(573, 112, 3, 'Client/Server'),
(574, 113, 3, 'URL'),
(575, 114, 3, 'URL'),
(576, 116, 3, 'URL'),
(577, 118, 3, 'URL'),
(578, 119, 3, 'URL'),
(579, 121, 3, 'URL'),
(580, 124, 3, 'Client/Server'),
(581, 125, 3, 'URL'),
(582, 129, 3, 'URL'),
(583, 130, 3, 'URL'),
(584, 131, 3, 'Nog geen Categorie'),
(585, 132, 3, 'URL'),
(586, 134, 3, 'URL'),
(587, 135, 3, 'URL'),
(588, 137, 3, 'URL'),
(589, 138, 3, 'URL'),
(590, 139, 3, 'URL'),
(591, 140, 3, 'URL'),
(592, 142, 3, 'URL'),
(593, 144, 3, 'URL'),
(594, 145, 3, 'URL'),
(595, 146, 3, 'URL'),
(596, 147, 3, 'URL'),
(597, 148, 3, 'URL'),
(598, 149, 3, 'URL'),
(599, 153, 3, 'URL'),
(600, 154, 3, 'URL'),
(601, 157, 3, 'Client/Server'),
(602, 160, 3, 'URL'),
(603, 161, 3, 'URL'),
(604, 162, 3, 'URL'),
(605, 163, 3, 'URL'),
(606, 164, 3, 'Mainframe'),
(607, 165, 3, 'URL'),
(608, 167, 3, 'Client/Server'),
(609, 170, 3, 'Client/Server'),
(610, 171, 3, 'Nog geen Categorie'),
(611, 175, 3, 'Mainframe'),
(612, 176, 3, 'Nog geen Categorie'),
(613, 177, 3, 'URL'),
(614, 178, 3, 'Client/Server'),
(615, 179, 3, 'URL'),
(616, 181, 3, 'URL'),
(617, 182, 3, 'URL'),
(618, 183, 3, 'URL'),
(619, 185, 3, 'URL'),
(620, 187, 3, 'URL'),
(621, 188, 3, 'URL'),
(622, 192, 3, 'Mainframe'),
(623, 193, 3, 'URL'),
(624, 198, 3, 'Client/Server'),
(625, 202, 3, 'URL'),
(626, 206, 3, 'URL'),
(627, 207, 3, 'URL'),
(628, 213, 3, 'URL'),
(629, 218, 3, 'URL'),
(630, 230, 3, 'URL'),
(631, 231, 3, 'Client/Server'),
(632, 232, 3, 'URL'),
(633, 233, 3, 'URL'),
(634, 235, 3, 'URL'),
(635, 236, 3, 'Client/Server'),
(636, 238, 3, 'URL'),
(637, 239, 3, 'Client/Server'),
(638, 240, 3, 'URL'),
(639, 241, 3, 'URL'),
(640, 242, 3, 'URL'),
(641, 249, 3, 'URL'),
(642, 252, 3, 'URL'),
(643, 253, 3, 'URL'),
(644, 254, 3, 'URL'),
(645, 255, 3, 'URL'),
(646, 256, 3, 'Client/Server'),
(647, 260, 3, 'URL'),
(648, 262, 3, 'URL'),
(649, 263, 3, 'URL'),
(650, 264, 3, 'Mainframe'),
(651, 265, 3, 'URL'),
(652, 266, 3, 'URL'),
(653, 267, 3, 'URL'),
(654, 268, 3, 'Client/Server'),
(655, 274, 3, 'URL'),
(656, 276, 3, 'Client/Server'),
(657, 277, 3, 'Client/Server'),
(658, 278, 3, 'URL'),
(659, 279, 3, 'URL'),
(660, 280, 3, 'URL'),
(661, 282, 3, 'URL'),
(662, 285, 3, 'URL'),
(663, 286, 3, 'URL'),
(664, 287, 3, 'URL'),
(665, 288, 3, 'URL'),
(666, 289, 3, 'URL'),
(667, 290, 3, 'Client/Server'),
(668, 291, 3, 'URL'),
(669, 292, 3, 'URL'),
(670, 294, 3, 'URL'),
(671, 296, 3, 'URL'),
(672, 298, 3, 'Mainframe'),
(673, 300, 3, 'Client/Server'),
(674, 301, 3, 'Client/Server'),
(675, 302, 3, 'URL'),
(676, 303, 3, 'Client/Server'),
(677, 304, 3, 'URL'),
(678, 305, 3, 'URL'),
(679, 306, 3, 'URL'),
(680, 307, 3, 'URL'),
(681, 309, 3, 'URL'),
(682, 315, 3, 'Batchverwerking'),
(683, 316, 3, 'URL'),
(684, 317, 3, 'URL'),
(685, 319, 3, 'URL'),
(686, 322, 3, 'URL'),
(687, 323, 3, 'URL'),
(688, 324, 3, 'URL'),
(689, 328, 3, 'Client/Server'),
(690, 331, 3, 'URL'),
(691, 332, 3, 'URL'),
(692, 333, 3, 'URL'),
(693, 334, 3, 'Client/Server'),
(694, 335, 3, 'Client/Server'),
(695, 336, 3, 'URL'),
(696, 337, 3, 'URL'),
(697, 338, 3, 'Client/Server'),
(698, 341, 3, 'URL'),
(699, 342, 3, 'URL'),
(700, 343, 3, 'URL'),
(701, 344, 3, 'URL'),
(702, 345, 3, 'URL'),
(703, 346, 3, 'URL'),
(704, 347, 3, 'URL'),
(705, 351, 3, 'Client/Server'),
(706, 352, 3, 'URL'),
(707, 354, 3, 'URL'),
(708, 356, 3, 'URL'),
(709, 359, 3, 'URL'),
(710, 361, 3, 'URL'),
(711, 362, 3, 'URL'),
(712, 365, 3, 'URL'),
(713, 367, 3, 'URL'),
(714, 369, 3, 'URL'),
(715, 371, 3, 'URL'),
(716, 373, 3, 'URL'),
(717, 376, 3, 'URL'),
(718, 377, 3, 'URL'),
(719, 379, 3, 'URL'),
(720, 385, 3, 'Client/Server'),
(721, 389, 3, 'URL'),
(722, 512, 3, 'URL'),
(723, 515, 3, 'Nog geen Categorie'),
(724, 517, 3, 'URL'),
(725, 520, 3, 'Client/Server'),
(726, 522, 3, 'URL'),
(727, 528, 3, 'URL'),
(728, 8, 14, 'URL'),
(729, 9, 14, 'URL'),
(730, 11, 14, 'URL'),
(731, 13, 14, 'URL'),
(732, 14, 14, 'URL'),
(733, 15, 14, 'URL'),
(734, 16, 14, 'URL'),
(735, 17, 14, 'URL'),
(736, 19, 14, 'URL'),
(737, 21, 14, 'Client/Server'),
(738, 23, 14, 'URL'),
(739, 24, 14, 'URL'),
(740, 25, 14, 'URL'),
(741, 26, 14, 'URL'),
(742, 30, 14, 'URL'),
(743, 31, 14, NULL),
(744, 34, 14, 'URL'),
(745, 42, 14, 'URL'),
(746, 47, 14, 'URL'),
(747, 52, 14, 'URL'),
(748, 53, 14, 'Client/Server'),
(749, 54, 14, 'URL'),
(750, 55, 14, 'URL'),
(751, 56, 14, 'Mainframe'),
(752, 58, 14, 'URL'),
(753, 60, 14, 'Client/Server'),
(754, 61, 14, 'Mainframe'),
(755, 62, 14, 'URL'),
(756, 63, 14, 'Client/Server'),
(757, 66, 14, 'Client/Server'),
(758, 67, 14, 'URL'),
(759, 68, 14, 'URL'),
(760, 69, 14, 'URL'),
(761, 70, 14, 'URL'),
(762, 71, 14, 'Client/Server'),
(763, 74, 14, 'URL'),
(764, 79, 14, 'Client/Server'),
(765, 85, 14, 'URL'),
(766, 89, 14, 'URL'),
(767, 90, 14, 'URL'),
(768, 91, 14, 'Client/Server'),
(769, 96, 14, 'URL'),
(770, 97, 14, 'URL'),
(771, 100, 14, 'URL'),
(772, 101, 14, 'Client/Server'),
(773, 104, 14, 'URL'),
(774, 106, 14, 'URL'),
(775, 107, 14, 'URL'),
(776, 108, 14, 'URL'),
(777, 110, 14, 'URL'),
(778, 112, 14, 'Client/Server'),
(779, 113, 14, 'URL'),
(780, 114, 14, 'URL'),
(781, 116, 14, 'URL'),
(782, 118, 14, 'URL'),
(783, 119, 14, 'URL'),
(784, 121, 14, 'URL'),
(785, 124, 14, 'Client/Server'),
(786, 125, 14, 'URL'),
(787, 130, 14, 'URL'),
(788, 134, 14, 'URL'),
(789, 135, 14, 'URL'),
(790, 137, 14, 'URL'),
(791, 138, 14, 'URL'),
(792, 139, 14, 'URL'),
(793, 140, 14, 'URL'),
(794, 145, 14, 'URL'),
(795, 146, 14, 'URL'),
(796, 147, 14, 'URL'),
(797, 148, 14, 'URL'),
(798, 149, 14, 'URL'),
(799, 153, 14, 'URL'),
(800, 154, 14, 'URL'),
(801, 157, 14, 'Client/Server'),
(802, 161, 14, 'URL'),
(803, 162, 14, 'URL'),
(804, 164, 14, 'Mainframe'),
(805, 165, 14, 'URL'),
(806, 167, 14, 'Client/Server'),
(807, 170, 14, 'Client/Server'),
(808, 177, 14, 'URL'),
(809, 178, 14, 'Client/Server'),
(810, 179, 14, 'URL'),
(811, 182, 14, 'URL'),
(812, 183, 14, 'URL'),
(813, 185, 14, 'URL'),
(814, 187, 14, 'URL'),
(815, 188, 14, 'URL'),
(816, 192, 14, 'Mainframe'),
(817, 198, 14, 'Client/Server'),
(818, 206, 14, 'URL'),
(819, 207, 14, 'URL'),
(820, 213, 14, 'URL'),
(821, 218, 14, 'URL'),
(822, 230, 14, 'URL'),
(823, 231, 14, 'Client/Server'),
(824, 232, 14, 'URL'),
(825, 233, 14, 'URL'),
(826, 235, 14, 'URL'),
(827, 236, 14, 'Client/Server'),
(828, 238, 14, 'URL'),
(829, 240, 14, 'URL'),
(830, 241, 14, 'URL'),
(831, 242, 14, 'URL'),
(832, 249, 14, 'URL'),
(833, 252, 14, 'URL'),
(834, 255, 14, 'URL'),
(835, 256, 14, 'Client/Server'),
(836, 260, 14, 'URL'),
(837, 262, 14, 'URL'),
(838, 263, 14, 'URL'),
(839, 265, 14, 'URL'),
(840, 266, 14, 'URL'),
(841, 267, 14, 'URL'),
(842, 268, 14, 'Client/Server'),
(843, 274, 14, 'URL'),
(844, 276, 14, 'Client/Server'),
(845, 277, 14, 'Client/Server'),
(846, 278, 14, 'URL'),
(847, 280, 14, 'URL'),
(848, 282, 14, 'URL'),
(849, 287, 14, 'URL'),
(850, 288, 14, 'URL'),
(851, 290, 14, 'Client/Server'),
(852, 291, 14, 'URL'),
(853, 292, 14, 'URL'),
(854, 296, 14, 'URL'),
(855, 298, 14, 'Mainframe'),
(856, 300, 14, 'Client/Server'),
(857, 301, 14, 'Client/Server'),
(858, 302, 14, 'URL'),
(859, 303, 14, 'Client/Server'),
(860, 304, 14, 'URL'),
(861, 307, 14, 'URL'),
(862, 309, 14, 'URL'),
(863, 315, 14, 'Batchverwerking'),
(864, 316, 14, 'URL'),
(865, 317, 14, 'URL'),
(866, 319, 14, 'URL'),
(867, 322, 14, 'URL'),
(868, 323, 14, 'URL'),
(869, 328, 14, 'Client/Server'),
(870, 331, 14, 'URL'),
(871, 332, 14, 'URL'),
(872, 336, 14, 'URL'),
(873, 338, 14, 'Client/Server'),
(874, 342, 14, 'URL'),
(875, 343, 14, 'URL'),
(876, 344, 14, 'URL'),
(877, 345, 14, 'URL'),
(878, 346, 14, 'URL'),
(879, 347, 14, 'URL'),
(880, 351, 14, 'Client/Server'),
(881, 352, 14, 'URL'),
(882, 354, 14, 'URL'),
(883, 356, 14, 'URL'),
(884, 361, 14, 'URL'),
(885, 362, 14, 'URL'),
(886, 365, 14, 'URL'),
(887, 367, 14, 'URL'),
(888, 369, 14, 'URL'),
(889, 371, 14, 'URL'),
(890, 376, 14, 'URL'),
(891, 377, 14, 'URL'),
(892, 379, 14, 'URL'),
(893, 385, 14, 'Client/Server'),
(894, 515, 14, 'Nog geen Categorie'),
(895, 517, 14, 'URL'),
(896, 520, 14, 'Client/Server'),
(897, 521, 14, NULL),
(898, 6, 14, 'URL'),
(899, 12, 14, 'URL'),
(900, 46, 14, 'URL'),
(901, 48, 14, 'URL'),
(902, 80, 14, 'URL'),
(903, 81, 14, 'URL'),
(904, 83, 14, 'URL'),
(905, 94, 14, 'URL'),
(906, 111, 14, 'URL'),
(907, 129, 14, 'URL'),
(908, 132, 14, 'URL'),
(909, 193, 14, 'URL'),
(910, 254, 14, 'URL'),
(911, 279, 14, 'URL'),
(912, 285, 14, 'URL'),
(913, 286, 14, 'URL'),
(914, 289, 14, 'URL'),
(915, 294, 14, 'URL'),
(916, 305, 14, 'URL'),
(917, 306, 14, 'URL'),
(918, 324, 14, 'URL'),
(919, 337, 14, 'URL'),
(920, 56, 24, 'Mainframe'),
(921, 61, 24, 'Mainframe'),
(922, 298, 24, 'Mainframe'),
(923, 74, 24, 'Mainframe'),
(924, 192, 24, 'Mainframe'),
(925, 31, 24, 'Mainframe'),
(926, 170, 24, 'Client/Server'),
(927, 135, 24, 'URL'),
(928, 21, 24, 'Client/Server'),
(929, 317, 24, 'URL'),
(930, 303, 24, 'Client/Server'),
(931, 268, 24, 'Client/Server'),
(932, 69, 24, 'URL'),
(933, 264, 24, 'Mainframe'),
(934, 153, 24, 'URL'),
(935, 63, 24, 'Client/Server'),
(936, 515, 24, 'Nog geen Categorie'),
(937, 182, 24, 'URL'),
(938, 362, 24, 'URL'),
(939, 369, 24, 'URL'),
(940, 265, 24, 'URL'),
(941, 13, 24, 'URL'),
(942, 121, 24, 'URL'),
(943, 124, 24, 'Client/Server'),
(944, 517, 24, 'URL'),
(945, 107, 24, 'URL'),
(946, 319, 24, 'URL'),
(947, 292, 24, 'URL'),
(948, 328, 24, 'Client/Server'),
(949, 157, 24, 'Client/Server'),
(950, 351, 24, 'Client/Server'),
(951, 138, 24, 'URL'),
(952, 96, 24, 'URL'),
(953, 137, 24, 'URL'),
(954, 304, 24, 'URL'),
(955, 148, 24, 'URL'),
(956, 232, 24, 'URL'),
(957, 260, 24, 'URL'),
(958, 42, 24, 'URL'),
(959, 146, 24, 'URL'),
(960, 352, 24, 'URL'),
(961, 331, 24, 'URL'),
(962, 323, 24, 'URL'),
(963, 277, 24, 'Client/Server'),
(964, 520, 24, 'Client/Server'),
(965, 236, 24, 'Client/Server'),
(966, 379, 24, 'URL'),
(967, 19, 24, 'URL'),
(968, 377, 24, 'URL'),
(969, 301, 24, 'Client/Server'),
(970, 288, 24, 'URL'),
(971, 345, 24, 'URL'),
(972, 183, 24, 'URL'),
(973, 185, 24, 'URL'),
(974, 23, 24, 'URL'),
(975, 178, 24, 'Client/Server'),
(976, 249, 24, 'URL'),
(977, 252, 24, 'URL'),
(978, 89, 24, 'URL'),
(979, 90, 24, 'URL'),
(980, 233, 24, 'URL'),
(981, 97, 24, 'URL'),
(982, 47, 24, 'URL'),
(983, 71, 24, 'Client/Server'),
(984, 253, 24, 'URL'),
(985, 66, 24, 'Client/Server'),
(986, 91, 24, 'Client/Server'),
(987, 30, 24, 'URL'),
(988, 287, 24, 'URL'),
(989, 262, 24, 'URL'),
(990, 179, 24, 'URL'),
(991, 125, 24, 'URL'),
(992, 112, 24, 'Client/Server'),
(993, 316, 24, 'URL'),
(994, 521, 24, 'Nog geen Categorie'),
(995, 238, 24, 'URL'),
(996, 26, 24, 'URL'),
(997, 62, 24, 'URL'),
(998, 336, 24, 'URL'),
(999, 207, 24, 'URL'),
(1000, 206, 24, 'URL'),
(1001, 106, 24, 'URL'),
(1002, 256, 24, 'Client/Server'),
(1003, 218, 24, 'URL'),
(1004, 315, 24, 'Batchverwerking'),
(1005, 131, 24, 'Nog geen Categorie'),
(1006, 154, 24, 'URL'),
(1007, 50, 24, 'URL'),
(1008, 307, 24, 'URL'),
(1009, 145, 24, 'URL'),
(1010, 134, 24, 'URL'),
(1011, 108, 24, 'URL'),
(1012, 231, 24, 'Client/Server'),
(1013, 164, 24, 'Mainframe'),
(1014, 367, 24, 'Mainframe'),
(1015, 187, 24, 'URL'),
(1016, 110, 24, 'URL'),
(1017, 11, 24, 'Mainframe'),
(1018, 147, 24, 'URL'),
(1019, 309, 24, 'URL'),
(1020, 70, 24, 'URL'),
(1021, 354, 24, 'URL'),
(1022, 361, 24, 'URL'),
(1023, 282, 24, 'URL'),
(1024, 332, 24, 'URL'),
(1025, 255, 24, 'URL'),
(1026, 280, 24, 'URL'),
(1027, 73, 24, 'URL'),
(1028, 160, 24, 'URL'),
(1029, 14, 24, 'URL'),
(1030, 344, 24, 'URL'),
(1031, 86, 24, 'URL'),
(1032, 266, 24, 'URL'),
(1033, 365, 24, 'URL'),
(1034, 188, 24, 'URL'),
(1035, 276, 24, 'Client/Server'),
(1036, 239, 24, 'Client/Server'),
(1037, 291, 24, 'URL'),
(1038, 241, 24, 'URL'),
(1039, 376, 24, 'URL'),
(1040, 101, 24, 'Client/Server'),
(1041, 385, 24, 'Client/Server'),
(1042, 371, 24, 'URL'),
(1043, 278, 24, 'URL'),
(1044, 16, 24, 'URL'),
(1045, 263, 24, 'URL'),
(1046, 67, 24, 'URL'),
(1047, 114, 24, 'URL'),
(1048, 165, 24, 'URL'),
(1049, 100, 24, 'URL'),
(1050, 55, 24, 'URL'),
(1051, 85, 24, 'URL'),
(1052, 161, 24, 'URL'),
(1053, 230, 24, 'URL'),
(1054, 34, 24, 'URL'),
(1055, 240, 24, 'URL'),
(1056, 198, 24, 'Client/Server'),
(1057, 343, 24, 'URL'),
(1058, 139, 24, 'URL'),
(1059, 52, 24, 'URL'),
(1060, 300, 24, 'Client/Server'),
(1061, 118, 24, 'URL'),
(1062, 177, 24, 'URL'),
(1063, 79, 24, 'Client/Server'),
(1064, 162, 24, 'URL'),
(1065, 92, 24, 'URL'),
(1066, 38, 24, 'Client/Server'),
(1067, 60, 24, 'Client/Server'),
(1068, 130, 24, 'URL'),
(1069, 267, 24, 'URL'),
(1070, 356, 24, 'URL'),
(1071, 338, 24, 'Client/Server'),
(1072, 68, 24, 'URL'),
(1073, 54, 24, 'URL'),
(1074, 58, 24, 'URL'),
(1075, 9, 24, 'URL'),
(1076, 149, 24, 'URL'),
(1077, 346, 24, 'URL'),
(1078, 347, 24, 'URL'),
(1079, 167, 24, 'Client/Server'),
(1080, 24, 24, 'URL'),
(1081, 104, 24, 'URL'),
(1082, 113, 24, 'URL'),
(1083, 25, 24, 'URL'),
(1084, 119, 24, 'URL'),
(1085, 17, 24, 'URL'),
(1086, 15, 24, 'URL'),
(1087, 290, 24, 'Client/Server'),
(1088, 322, 24, 'URL'),
(1089, 53, 24, 'Client/Server'),
(1090, 242, 24, 'URL'),
(1091, 116, 24, 'URL'),
(1092, 342, 24, 'URL'),
(1093, 235, 24, 'URL'),
(1094, 274, 24, 'URL'),
(1095, 296, 24, 'URL'),
(1096, 140, 24, 'URL'),
(1097, 213, 24, 'URL'),
(1098, 337, 24, 'URL'),
(1099, 289, 24, 'URL'),
(1100, 324, 24, 'URL'),
(1101, 294, 24, 'URL'),
(1102, 83, 24, 'URL'),
(1103, 81, 24, 'URL'),
(1104, 306, 24, 'URL'),
(1105, 171, 24, 'URL'),
(1106, 129, 24, 'URL'),
(1107, 132, 24, 'URL'),
(1108, 80, 24, 'URL'),
(1109, 6, 24, 'URL'),
(1110, 94, 24, 'URL'),
(1111, 285, 24, 'URL'),
(1112, 341, 24, 'URL'),
(1113, 48, 24, 'URL'),
(1114, 193, 24, 'URL'),
(1115, 46, 24, 'URL'),
(1116, 279, 24, 'URL'),
(1117, 12, 24, 'URL'),
(1118, 111, 24, 'URL'),
(1119, 254, 24, 'URL'),
(1120, 305, 24, 'URL'),
(1121, 286, 24, 'URL'),
(1122, 335, 24, 'Client/Server'),
(1123, 359, 24, 'URL'),
(1124, 56, 26, 'Mainframe'),
(1125, 61, 26, 'Mainframe'),
(1126, 298, 26, 'Mainframe'),
(1127, 74, 26, 'Mainframe'),
(1128, 192, 26, 'Mainframe'),
(1129, 31, 26, 'Mainframe'),
(1130, 170, 26, 'Nog geen categorie'),
(1131, 135, 26, 'URL'),
(1132, 317, 26, 'URL'),
(1133, 303, 26, 'Fileserver'),
(1134, 268, 26, 'Database'),
(1135, 69, 26, 'Database'),
(1136, 264, 26, 'Mainframe'),
(1137, 153, 26, 'URL'),
(1138, 63, 26, 'Database'),
(1139, 182, 26, 'Database'),
(1140, 362, 26, 'Database'),
(1141, 369, 26, 'Database'),
(1142, 265, 26, 'URL'),
(1143, 13, 26, 'Database'),
(1144, 121, 26, 'URL'),
(1145, 124, 26, 'Database'),
(1146, 517, 26, 'Nog geen categorie'),
(1147, 107, 26, 'URL'),
(1148, 319, 26, 'URL'),
(1149, 292, 26, 'URL'),
(1150, 328, 26, 'Database'),
(1151, 157, 26, 'URL'),
(1152, 351, 26, 'Database'),
(1153, 138, 26, 'URL'),
(1154, 96, 26, 'URL'),
(1155, 137, 26, 'URL'),
(1156, 304, 26, 'URL'),
(1157, 148, 26, 'URL'),
(1158, 232, 26, 'URL'),
(1159, 260, 26, 'URL'),
(1160, 42, 26, 'URL'),
(1161, 146, 26, 'URL'),
(1162, 352, 26, 'URL'),
(1163, 331, 26, 'URL'),
(1164, 323, 26, 'URL'),
(1165, 277, 26, 'URL'),
(1166, 520, 26, 'Nog geen categorie'),
(1167, 236, 26, 'Fileserver'),
(1168, 379, 26, 'URL'),
(1169, 19, 26, 'URL'),
(1170, 377, 26, 'URL'),
(1171, 301, 26, 'Nog geen categorie'),
(1172, 288, 26, 'URL'),
(1173, 345, 26, 'URL'),
(1174, 183, 26, 'URL'),
(1175, 185, 26, 'URL'),
(1176, 23, 26, 'URL'),
(1177, 178, 26, 'Fileserver'),
(1178, 249, 26, 'URL'),
(1179, 252, 26, 'URL'),
(1180, 89, 26, 'URL'),
(1181, 90, 26, 'URL'),
(1182, 233, 26, 'URL'),
(1183, 97, 26, 'URL'),
(1184, 47, 26, 'URL'),
(1185, 71, 26, 'URL'),
(1186, 253, 26, 'URL'),
(1187, 66, 26, 'Fileserver'),
(1188, 91, 26, 'Fileserver'),
(1189, 30, 26, 'URL'),
(1190, 287, 26, 'URL'),
(1191, 262, 26, 'URL'),
(1192, 179, 26, 'URL'),
(1193, 125, 26, 'URL'),
(1194, 112, 26, 'Nog geen categorie'),
(1195, 316, 26, 'URL'),
(1196, 521, 26, 'Nog geen categorie'),
(1197, 238, 26, 'URL'),
(1198, 26, 26, 'Database'),
(1199, 62, 26, 'URL'),
(1200, 336, 26, 'URL'),
(1201, 207, 26, 'Nog geen categorie'),
(1202, 206, 26, 'URL'),
(1203, 106, 26, 'URL'),
(1204, 256, 26, 'Nog geen categorie'),
(1205, 315, 26, 'Nog geen categorie'),
(1206, 131, 26, 'Nog geen categorie'),
(1207, 154, 26, 'URL'),
(1208, 50, 26, 'URL'),
(1209, 307, 26, 'URL'),
(1210, 145, 26, 'URL'),
(1211, 134, 26, 'URL'),
(1212, 108, 26, 'URL'),
(1213, 231, 26, 'Nog geen categorie'),
(1214, 164, 26, 'Mainframe'),
(1215, 367, 26, 'Mainframe'),
(1216, 187, 26, 'URL'),
(1217, 110, 26, 'URL'),
(1218, 11, 26, 'Mainframe'),
(1219, 147, 26, 'URL'),
(1220, 309, 26, 'Database'),
(1221, 70, 26, 'URL'),
(1222, 354, 26, 'URL'),
(1223, 361, 26, 'URL'),
(1224, 282, 26, 'URL'),
(1225, 332, 26, 'URL'),
(1226, 255, 26, 'URL'),
(1227, 280, 26, 'URL'),
(1228, 73, 26, 'URL'),
(1229, 160, 26, 'URL'),
(1230, 14, 26, 'URL'),
(1231, 344, 26, 'URL'),
(1232, 302, 26, 'URL'),
(1233, 266, 26, 'URL'),
(1234, 365, 26, 'URL'),
(1235, 188, 26, 'URL'),
(1236, 276, 26, 'URL'),
(1237, 239, 26, 'Database'),
(1238, 291, 26, 'URL'),
(1239, 241, 26, 'URL'),
(1240, 376, 26, 'URL'),
(1241, 101, 26, 'Database'),
(1242, 385, 26, 'Fileserver'),
(1243, 371, 26, 'URL'),
(1244, 278, 26, 'URL'),
(1245, 16, 26, 'URL'),
(1246, 263, 26, 'URL'),
(1247, 67, 26, 'URL'),
(1248, 114, 26, 'URL'),
(1249, 165, 26, 'URL'),
(1250, 100, 26, 'URL'),
(1251, 55, 26, 'URL'),
(1252, 85, 26, 'URL'),
(1253, 161, 26, 'URL'),
(1254, 230, 26, 'URL'),
(1255, 34, 26, 'URL'),
(1256, 240, 26, 'URL'),
(1257, 198, 26, 'Database'),
(1258, 343, 26, 'URL'),
(1259, 139, 26, 'URL'),
(1260, 52, 26, 'URL'),
(1261, 300, 26, 'URL'),
(1262, 118, 26, 'URL'),
(1263, 177, 26, 'URL'),
(1264, 79, 26, 'Nog geen categorie'),
(1265, 162, 26, 'URL'),
(1266, 92, 26, 'URL'),
(1267, 38, 26, 'Nog geen categorie'),
(1268, 60, 26, 'Nog geen categorie'),
(1269, 130, 26, 'URL'),
(1270, 267, 26, 'Database'),
(1271, 356, 26, 'URL'),
(1272, 338, 26, 'Database'),
(1273, 68, 26, 'URL'),
(1274, 54, 26, 'URL'),
(1275, 58, 26, 'URL'),
(1276, 9, 26, 'URL'),
(1277, 149, 26, 'URL'),
(1278, 346, 26, 'URL'),
(1279, 347, 26, 'URL'),
(1280, 167, 26, 'Nog geen categorie'),
(1281, 24, 26, 'URL'),
(1282, 104, 26, 'URL'),
(1283, 113, 26, 'URL'),
(1284, 25, 26, 'URL'),
(1285, 119, 26, 'URL'),
(1286, 17, 26, 'URL'),
(1287, 15, 26, 'URL'),
(1288, 290, 26, 'Database'),
(1289, 322, 26, 'URL'),
(1290, 53, 26, 'Nog geen categorie'),
(1291, 242, 26, 'URL'),
(1292, 116, 26, 'URL'),
(1293, 342, 26, 'URL'),
(1294, 235, 26, 'URL'),
(1295, 274, 26, 'URL'),
(1296, 296, 26, 'URL'),
(1297, 140, 26, 'URL'),
(1298, 213, 26, 'URL'),
(1299, 337, 26, 'URL'),
(1300, 289, 26, 'URL'),
(1301, 324, 26, 'URL'),
(1302, 294, 26, 'URL'),
(1303, 83, 26, 'URL'),
(1304, 81, 26, 'URL'),
(1305, 306, 26, 'URL'),
(1306, 171, 26, 'URL'),
(1307, 129, 26, 'URL'),
(1308, 132, 26, 'URL'),
(1309, 80, 26, 'Database'),
(1310, 6, 26, 'URL'),
(1311, 94, 26, 'URL'),
(1312, 285, 26, 'URL'),
(1313, 341, 26, 'URL'),
(1314, 48, 26, 'URL'),
(1315, 193, 26, 'URL'),
(1316, 46, 26, 'URL'),
(1317, 279, 26, 'URL'),
(1318, 12, 26, 'URL'),
(1319, 111, 26, 'URL'),
(1320, 254, 26, 'URL'),
(1321, 305, 26, 'URL'),
(1322, 286, 26, 'URL'),
(1323, 335, 26, 'URL'),
(1324, 359, 26, 'URL'),
(1325, 263, 33, 'URL'),
(1326, 331, 33, 'URL'),
(1327, 185, 33, 'URL'),
(1328, 56, 33, 'Mainframe'),
(1329, 61, 33, 'Mainframe'),
(1330, 298, 33, 'Mainframe'),
(1331, 74, 33, 'Mainframe'),
(1332, 192, 33, 'Mainframe'),
(1333, 31, 33, 'Mainframe'),
(1334, 170, 33, 'Nog geen categorie'),
(1335, 135, 33, 'URL'),
(1336, 21, 33, 'Client/Server'),
(1337, 317, 33, 'URL'),
(1338, 303, 33, 'Fileserver'),
(1339, 268, 33, 'Database'),
(1340, 69, 33, 'Database'),
(1341, 153, 33, 'URL'),
(1342, 63, 33, 'Database'),
(1343, 515, 33, 'Nog geen Categorie'),
(1344, 182, 33, 'Database'),
(1345, 362, 33, 'Database'),
(1346, 369, 33, 'Database'),
(1347, 265, 33, 'URL'),
(1348, 13, 33, 'Database'),
(1349, 121, 33, 'URL'),
(1350, 124, 33, 'Database'),
(1351, 517, 33, 'Nog geen categorie'),
(1352, 107, 33, 'URL'),
(1353, 319, 33, 'URL'),
(1354, 292, 33, 'URL'),
(1355, 328, 33, 'Database'),
(1356, 157, 33, 'URL'),
(1357, 351, 33, 'Database'),
(1358, 138, 33, 'URL'),
(1359, 96, 33, 'URL'),
(1360, 137, 33, 'URL'),
(1361, 304, 33, 'URL'),
(1362, 148, 33, 'URL'),
(1363, 232, 33, 'URL'),
(1364, 260, 33, 'URL'),
(1365, 42, 33, 'URL'),
(1366, 146, 33, 'URL'),
(1367, 352, 33, 'URL'),
(1368, 323, 33, 'URL'),
(1369, 277, 33, 'URL'),
(1370, 520, 33, 'Nog geen categorie'),
(1371, 236, 33, 'Fileserver'),
(1372, 379, 33, 'URL'),
(1373, 19, 33, 'URL'),
(1374, 377, 33, 'URL'),
(1375, 301, 33, 'Nog geen categorie'),
(1376, 288, 33, 'URL'),
(1377, 345, 33, 'URL'),
(1378, 183, 33, 'URL'),
(1379, 23, 33, 'URL'),
(1380, 178, 33, 'Fileserver'),
(1381, 249, 33, 'URL'),
(1382, 252, 33, 'URL'),
(1383, 89, 33, 'URL'),
(1384, 90, 33, 'URL'),
(1385, 233, 33, 'URL'),
(1386, 97, 33, 'URL'),
(1387, 47, 33, 'URL'),
(1388, 71, 33, 'URL'),
(1389, 66, 33, 'Fileserver'),
(1390, 91, 33, 'Fileserver'),
(1391, 30, 33, 'URL'),
(1392, 287, 33, 'URL'),
(1393, 262, 33, 'URL'),
(1394, 179, 33, 'URL'),
(1395, 125, 33, 'URL'),
(1396, 112, 33, 'Nog geen categorie'),
(1397, 316, 33, 'URL'),
(1398, 521, 33, 'Nog geen categorie'),
(1399, 238, 33, 'URL'),
(1400, 26, 33, 'Database'),
(1401, 62, 33, 'URL'),
(1402, 336, 33, 'URL'),
(1403, 207, 33, 'Nog geen categorie'),
(1404, 206, 33, 'URL'),
(1405, 106, 33, 'URL'),
(1406, 256, 33, 'Nog geen categorie'),
(1407, 218, 33, 'URL'),
(1408, 315, 33, 'Nog geen categorie'),
(1409, 154, 33, 'URL'),
(1410, 307, 33, 'URL'),
(1411, 145, 33, 'URL'),
(1412, 134, 33, 'URL'),
(1413, 108, 33, 'URL'),
(1414, 231, 33, 'Nog geen categorie'),
(1415, 164, 33, 'Mainframe'),
(1416, 367, 33, 'Mainframe'),
(1417, 187, 33, 'URL'),
(1418, 110, 33, 'URL'),
(1419, 11, 33, 'Mainframe'),
(1420, 147, 33, 'URL'),
(1421, 309, 33, 'Database'),
(1422, 70, 33, 'URL'),
(1423, 354, 33, 'URL'),
(1424, 361, 33, 'URL'),
(1425, 282, 33, 'URL'),
(1426, 332, 33, 'URL'),
(1427, 255, 33, 'URL'),
(1428, 280, 33, 'URL'),
(1429, 8, 33, 'URL'),
(1430, 73, 33, 'URL'),
(1431, 160, 33, 'URL'),
(1432, 14, 33, 'URL'),
(1433, 344, 33, 'URL'),
(1434, 86, 33, 'URL'),
(1435, 266, 33, 'URL'),
(1436, 365, 33, 'URL'),
(1437, 188, 33, 'URL'),
(1438, 276, 33, 'URL'),
(1439, 239, 33, 'Database'),
(1440, 329, 33, 'Nog geen categorie'),
(1441, 291, 33, 'URL'),
(1442, 241, 33, 'URL'),
(1443, 376, 33, 'URL'),
(1444, 101, 33, 'Database'),
(1445, 385, 33, 'Fileserver'),
(1446, 371, 33, 'URL'),
(1447, 278, 33, 'URL'),
(1448, 16, 33, 'URL'),
(1449, 67, 33, 'URL'),
(1450, 114, 33, 'URL'),
(1451, 165, 33, 'URL'),
(1452, 100, 33, 'URL'),
(1453, 55, 33, 'URL'),
(1454, 85, 33, 'URL'),
(1455, 161, 33, 'URL'),
(1456, 230, 33, 'URL'),
(1457, 34, 33, 'URL'),
(1458, 240, 33, 'URL'),
(1459, 198, 33, 'Database'),
(1460, 343, 33, 'URL'),
(1461, 139, 33, 'URL'),
(1462, 52, 33, 'URL'),
(1463, 300, 33, 'URL'),
(1464, 118, 33, 'URL'),
(1465, 177, 33, 'URL'),
(1466, 79, 33, 'Nog geen categorie'),
(1467, 162, 33, 'URL'),
(1468, 60, 33, 'Nog geen categorie'),
(1469, 130, 33, 'URL'),
(1470, 267, 33, 'Database'),
(1471, 356, 33, 'URL'),
(1472, 338, 33, 'Database'),
(1473, 68, 33, 'URL'),
(1474, 54, 33, 'URL'),
(1475, 58, 33, 'URL'),
(1476, 9, 33, 'URL'),
(1477, 149, 33, 'URL'),
(1478, 346, 33, 'URL'),
(1479, 347, 33, 'URL'),
(1480, 167, 33, 'Nog geen categorie'),
(1481, 24, 33, 'URL'),
(1482, 104, 33, 'URL'),
(1483, 113, 33, 'URL'),
(1484, 25, 33, 'URL'),
(1485, 119, 33, 'URL'),
(1486, 17, 33, 'URL'),
(1487, 15, 33, 'URL'),
(1488, 290, 33, 'Database'),
(1489, 322, 33, 'URL'),
(1490, 53, 33, 'Nog geen categorie'),
(1491, 242, 33, 'URL'),
(1492, 116, 33, 'URL'),
(1493, 342, 33, 'URL'),
(1494, 235, 33, 'URL'),
(1495, 274, 33, 'URL'),
(1496, 296, 33, 'URL'),
(1497, 140, 33, 'URL'),
(1498, 213, 33, 'URL'),
(1499, 337, 33, 'URL'),
(1500, 289, 33, 'URL'),
(1501, 324, 33, 'URL'),
(1502, 294, 33, 'URL'),
(1503, 83, 33, 'URL'),
(1504, 81, 33, 'URL'),
(1505, 306, 33, 'URL'),
(1506, 129, 33, 'URL'),
(1507, 132, 33, 'URL'),
(1508, 80, 33, 'Database'),
(1509, 6, 33, 'URL'),
(1510, 94, 33, 'URL'),
(1511, 285, 33, 'URL'),
(1512, 48, 33, 'URL'),
(1513, 193, 33, 'URL'),
(1514, 46, 33, 'URL'),
(1515, 279, 33, 'URL'),
(1516, 12, 33, 'URL'),
(1517, 111, 33, 'URL'),
(1518, 254, 33, 'URL'),
(1519, 305, 33, 'URL'),
(1520, 286, 33, 'URL'),
(1521, 56, 37, 'Mainframe'),
(1522, 61, 37, 'Mainframe'),
(1523, 298, 37, 'Mainframe'),
(1524, 74, 37, 'Mainframe'),
(1525, 192, 37, 'Mainframe'),
(1526, 31, 37, 'Mainframe'),
(1527, 170, 37, 'Nog Geen Categorie'),
(1528, 135, 37, 'URL'),
(1529, 21, 37, 'Nog Geen Categorie'),
(1530, 317, 37, 'URL'),
(1531, 303, 37, 'Fileserver'),
(1532, 268, 37, 'Database'),
(1533, 69, 37, 'Database'),
(1534, 153, 37, 'URL'),
(1535, 63, 37, 'Database'),
(1536, 515, 37, 'Nog Geen Categorie'),
(1537, 182, 37, 'Database'),
(1538, 362, 37, 'Database'),
(1539, 369, 37, 'Database'),
(1540, 265, 37, 'URL'),
(1541, 13, 37, 'Database'),
(1542, 121, 37, 'URL'),
(1543, 124, 37, 'Database'),
(1544, 517, 37, 'Nog Geen Categorie'),
(1545, 107, 37, 'URL'),
(1546, 319, 37, 'URL'),
(1547, 292, 37, 'URL'),
(1548, 328, 37, 'Database'),
(1549, 157, 37, 'URL'),
(1550, 351, 37, 'Database'),
(1551, 138, 37, 'URL'),
(1552, 96, 37, 'URL'),
(1553, 137, 37, 'URL'),
(1554, 304, 37, 'URL'),
(1555, 148, 37, 'URL'),
(1556, 232, 37, 'URL'),
(1557, 260, 37, 'URL'),
(1558, 42, 37, 'URL'),
(1559, 146, 37, 'URL'),
(1560, 352, 37, 'URL'),
(1561, 331, 37, 'URL'),
(1562, 323, 37, 'URL'),
(1563, 277, 37, 'URL'),
(1564, 520, 37, 'Nog Geen Categorie'),
(1565, 236, 37, 'URL'),
(1566, 379, 37, 'URL'),
(1567, 19, 37, 'URL'),
(1568, 377, 37, 'URL'),
(1569, 301, 37, 'Nog Geen Categorie'),
(1570, 288, 37, 'URL'),
(1571, 345, 37, 'URL'),
(1572, 183, 37, 'URL'),
(1573, 185, 37, 'URL'),
(1574, 23, 37, 'URL'),
(1575, 178, 37, 'Fileserver'),
(1576, 249, 37, 'URL'),
(1577, 252, 37, 'URL'),
(1578, 89, 37, 'URL'),
(1579, 90, 37, 'URL'),
(1580, 233, 37, 'URL'),
(1581, 97, 37, 'URL'),
(1582, 47, 37, 'URL'),
(1583, 71, 37, 'URL'),
(1584, 253, 37, 'URL'),
(1585, 66, 37, 'Fileserver'),
(1586, 91, 37, 'Fileserver'),
(1587, 30, 37, 'URL'),
(1588, 287, 37, 'URL'),
(1589, 262, 37, 'URL'),
(1590, 179, 37, 'URL'),
(1591, 125, 37, 'URL'),
(1592, 112, 37, 'Nog Geen Categorie'),
(1593, 316, 37, 'URL'),
(1594, 521, 37, 'Nog Geen Categorie'),
(1595, 238, 37, 'URL'),
(1596, 26, 37, 'Database'),
(1597, 62, 37, 'URL'),
(1598, 336, 37, 'URL'),
(1599, 207, 37, 'Nog Geen Categorie'),
(1600, 206, 37, 'URL'),
(1601, 106, 37, 'URL'),
(1602, 256, 37, 'Nog Geen Categorie'),
(1603, 218, 37, 'Nog Geen Categorie'),
(1604, 315, 37, 'Nog Geen Categorie'),
(1605, 131, 37, 'Nog Geen Categorie'),
(1606, 154, 37, 'URL'),
(1607, 50, 37, 'URL'),
(1608, 307, 37, 'URL'),
(1609, 145, 37, 'URL'),
(1610, 134, 37, 'URL'),
(1611, 108, 37, 'URL'),
(1612, 231, 37, 'Nog Geen Categorie'),
(1613, 164, 37, 'Mainframe'),
(1614, 367, 37, 'Mainframe'),
(1615, 187, 37, 'URL'),
(1616, 110, 37, 'URL'),
(1617, 11, 37, 'Mainframe'),
(1618, 147, 37, 'URL'),
(1619, 309, 37, 'Database'),
(1620, 70, 37, 'URL'),
(1621, 354, 37, 'URL'),
(1622, 361, 37, 'URL'),
(1623, 282, 37, 'URL'),
(1624, 332, 37, 'URL'),
(1625, 255, 37, 'URL'),
(1626, 280, 37, 'URL'),
(1627, 73, 37, 'URL'),
(1628, 160, 37, 'URL'),
(1629, 14, 37, 'URL'),
(1630, 344, 37, 'URL'),
(1631, 86, 37, 'URL'),
(1632, 266, 37, 'URL'),
(1633, 365, 37, 'URL'),
(1634, 188, 37, 'URL'),
(1635, 276, 37, 'URL'),
(1636, 239, 37, 'Database'),
(1637, 329, 37, 'Nog Geen Categorie'),
(1638, 291, 37, 'URL'),
(1639, 241, 37, 'URL'),
(1640, 376, 37, 'URL'),
(1641, 101, 37, 'Database'),
(1642, 385, 37, 'URL'),
(1643, 371, 37, 'URL'),
(1644, 278, 37, 'URL'),
(1645, 16, 37, 'URL'),
(1646, 263, 37, 'URL'),
(1647, 67, 37, 'URL'),
(1648, 114, 37, 'URL'),
(1649, 165, 37, 'URL'),
(1650, 100, 37, 'URL'),
(1651, 55, 37, 'URL'),
(1652, 85, 37, 'URL'),
(1653, 161, 37, 'URL'),
(1654, 230, 37, 'URL'),
(1655, 34, 37, 'URL'),
(1656, 240, 37, 'URL'),
(1657, 198, 37, 'Database'),
(1658, 343, 37, 'URL'),
(1659, 139, 37, 'URL'),
(1660, 52, 37, 'URL'),
(1661, 300, 37, 'URL'),
(1662, 118, 37, 'URL'),
(1663, 177, 37, 'URL'),
(1664, 79, 37, 'Nog Geen Categorie'),
(1665, 162, 37, 'URL'),
(1666, 92, 37, 'URL'),
(1667, 38, 37, 'Nog Geen Categorie'),
(1668, 60, 37, 'Nog Geen Categorie'),
(1669, 130, 37, 'URL'),
(1670, 267, 37, 'Database'),
(1671, 356, 37, 'URL'),
(1672, 338, 37, 'Database'),
(1673, 68, 37, 'URL'),
(1674, 54, 37, 'URL'),
(1675, 58, 37, 'URL'),
(1676, 9, 37, 'URL'),
(1677, 149, 37, 'URL'),
(1678, 346, 37, 'URL'),
(1679, 347, 37, 'URL'),
(1680, 167, 37, 'Nog Geen Categorie'),
(1681, 24, 37, 'URL'),
(1682, 104, 37, 'URL'),
(1683, 113, 37, 'URL'),
(1684, 25, 37, 'URL'),
(1685, 119, 37, 'URL'),
(1686, 17, 37, 'URL'),
(1687, 15, 37, 'URL'),
(1688, 290, 37, 'Database'),
(1689, 322, 37, 'URL'),
(1690, 53, 37, 'Nog Geen Categorie'),
(1691, 242, 37, 'URL'),
(1692, 116, 37, 'URL'),
(1693, 342, 37, 'URL'),
(1694, 235, 37, 'URL'),
(1695, 274, 37, 'URL'),
(1696, 296, 37, 'URL'),
(1697, 140, 37, 'URL'),
(1698, 213, 37, 'URL'),
(1699, 337, 37, 'URL'),
(1700, 289, 37, 'URL'),
(1701, 324, 37, 'URL'),
(1702, 294, 37, 'URL'),
(1703, 83, 37, 'URL'),
(1704, 81, 37, 'URL'),
(1705, 306, 37, 'URL'),
(1706, 171, 37, 'URL'),
(1707, 129, 37, 'URL'),
(1708, 132, 37, 'URL'),
(1709, 80, 37, 'Database'),
(1710, 6, 37, 'URL'),
(1711, 94, 37, 'URL'),
(1712, 285, 37, 'URL'),
(1713, 341, 37, 'URL'),
(1714, 48, 37, 'URL'),
(1715, 193, 37, 'URL'),
(1716, 46, 37, 'URL'),
(1717, 279, 37, 'URL'),
(1718, 12, 37, 'URL'),
(1719, 111, 37, 'URL'),
(1720, 254, 37, 'URL'),
(1721, 305, 37, 'URL'),
(1722, 286, 37, 'URL'),
(1723, 335, 37, 'URL'),
(1724, 359, 37, 'URL');

-- --------------------------------------------------------

--
-- Table structure for table `application`
--

CREATE TABLE IF NOT EXISTS `application` (
  `id` int(11) NOT NULL AUTO_INCREMENT COMMENT 'Unique reference of the record',
  `number` varchar(45) NOT NULL COMMENT 'Application number (a string!)',
  `name` varchar(255) NOT NULL COMMENT 'Application name',
  `cmdb_id` int(11) DEFAULT NULL COMMENT 'CMDB ID Number.',
  PRIMARY KEY (`id`)
) ENGINE=InnoDB  DEFAULT CHARSET=utf8 COMMENT='Application related data.' AUTO_INCREMENT=530 ;

--
-- Dumping data for table `application`
--

INSERT INTO `application` (`id`, `number`, `name`, `cmdb_id`) VALUES
(1, '90003', 'APEX_WORKSPACE_WVG', 1881),
(2, '90911', 'APEX_WORKSPACE_ONDERWIJS_VORMING', 2081),
(3, '90001', 'APEX_WORKSPACE_HB_RRT', 1821),
(4, '90908', 'APEX_WORKSPACE_ONDERWIJS', 1964),
(5, '00024', 'BEGROTINGGEG.', 43),
(6, '60271', 'BEHEER MARITIEME WERKEN', 2121),
(7, '00560', 'CAD AWZ', 86),
(8, '30233', 'CERTIFICATEN AANVRAAG TOEPASSING O&V (CAT)', 1561),
(9, '60223', 'CENTAURUS', 92),
(10, '40226', 'CJSM IEDEREENKANZETELEN', 2411),
(11, '30218', 'DATAWAREHOUSE ONDERWIJS & VORMING', 111),
(12, '81008', 'DDC-DWH', 117),
(13, '00314', 'DB PATRIMONIUM', 114),
(14, '40008', 'DOMINO', 138),
(15, '60242', 'EDELTA', 152),
(16, '50210', 'EPB FRONT OFFICE (Energieprestatiedatabank)', 175),
(17, '60241', 'MOWDWH', 344),
(18, '81025', 'NAVISION', 2021),
(19, '10217', 'SECRETARIE_VR_DOCBASE (DORIS2)', 432),
(20, '00118', 'PERSONEELSSYST', 393),
(21, '00120', 'PROMOTE', 406),
(22, '00205', 'QMF-MILIEUDATABA', 409),
(23, '10226', 'TEAM_IV (SharePoint Team site IV)', 469),
(24, '60232', 'Sharepoint Team site LNE ANB', 1381),
(25, '60239', 'SPW', 444),
(26, '20057', 'VIP MAGDA', 515),
(27, '30235', 'TOETSEN VOOR SCHOLEN', 2381),
(28, '30043', 'VERGRIJZING', 497),
(29, '40245', 'THULOZO - VOORZIENINGEN', 2917),
(30, '10244', 'VLAAMSE INFOLIJN DWH', 2261),
(31, '00036', 'WEDDENSYSTEEM', 559),
(32, '10245', 'WAPENTRANSPORT', 2402),
(33, '60280', 'WBL WIKI', 2651),
(34, '50234', 'WS10 AWAP', 575),
(35, '20093', 'WEGWIJS', 2622),
(36, '81021', 'WIKI-TOEKOMSTVISIE', 566),
(37, '50224', 'WSE_WCM_DOCBASE', 574),
(38, '50259', 'AO CRM KRIS', 2201),
(39, '90909', 'APEX_WORKSPACE_ONDERWIJS_AKOV', 2001),
(40, '90019', 'APEX_WORKSPACE_HB_CMDB', 2501),
(41, '30006', 'BEREKENING BEDRIJFSVOORHEFFING', 63),
(42, '10014', 'BIBIS', 71),
(43, '00276', 'BEHEER MATERIEEL', 50),
(44, '20104', 'BEHEERTOOL DRUKKERIJ', 2821),
(45, '00598', 'ARCHIEF', 25),
(46, '81005', 'ARIBA', 28),
(47, '10237', 'BTO BOOKINGS', 1642),
(48, '70202', 'CJSM_DOCBASE', 96),
(49, '50247', 'DAC EN GESCO (EASYPAY)', 821),
(50, '20092', 'DIGITAAL LOKET - MIJN BINNENLAND', 2541),
(51, '30012', 'EDISON REMEDY', 156),
(52, '50246', 'EP-PLUS', 961),
(53, '60245', 'EPC BACK OFFICE', 721),
(54, '60211', 'EROOM_MOW', 182),
(55, '50220', 'ECOLOGIEPREMIES VIA CALL', 177),
(56, '00011', 'EPD', 178),
(57, '20072', 'ELISA_DOCBASE', 170),
(58, '60222', 'GEO_DOCBASE', 212),
(59, '60277', 'FLOODWATCH', 2401),
(60, '50264', 'FLUX', 2602),
(61, '00020', 'LEERLINGTELLING', 309),
(62, '20060', 'INTERFLEX', 260),
(63, '00231', 'HOLV', 233),
(64, '81030', 'HP CAE', 2461),
(65, '40237', 'GROENDAALHEYDE', 2843),
(66, '10241', 'GIDSEN TOERISME VLAANDEREN', 1981),
(67, '50213', 'KMO PORTEFEUILLE', 302),
(68, '60200', 'KIM_DOCBASE', 298),
(69, '00162', 'JURIS', 290),
(70, '30224', 'JIRA OV', 621),
(71, '10238', 'MAGAZIJNBEHEER TOERISME VLAANDEREN', 1661),
(72, '50266', 'LMN II', 2742),
(73, '30234', 'ONDERWIJSPORTAAL', 2161),
(74, '00023', 'ONTSLUITING INST LL', 365),
(75, '40251', 'OPON', 2912),
(76, '50216', 'SBW', 424),
(77, '60141', 'RIS', 413),
(78, '00123', 'SCHULDBEHEER FL', 429),
(79, '50254', 'SAS DWH', 1501),
(80, '60270', 'PLANGEO', 2003),
(81, '60263', 'SHAREPOINT VEA TEAM SITE', 1563),
(82, '10236', 'SHAREPOINT TVL TEAM SITE KOMSA', 1562),
(83, '60262', 'SHAREPOINT WATLAB', 1541),
(84, '30065', 'SIM UITSTAPPLAN', 436),
(85, '50228', 'TEAM_EWI (SharePoint site EWI)', 467),
(86, '40211.01', 'Sharepoint Open site WVG Zorginspectie', 1282),
(87, '20070.02', 'Sharepoint Team site FB', 1327),
(88, '40211.02', 'Sharepoint Team Modular site WVG Zorginspectie', 1281),
(89, '10230', 'STR8 (Siebel)', 453),
(90, '10232', 'TELEFOONGIDS VLAAMSE OVERHEID (TGV2)', 701),
(91, '10242', 'TEWERKSTELLING TOERISME VLAANDEREN', 1982),
(92, '50258', 'SUMO-WSE', 2141),
(93, '00585', 'TAKSDB ONDERWIJSPERSONEEL', 462),
(94, '60275', 'VERKEERSBORDENDATABANK (VKB)', 2301),
(95, '40256', 'THULOZO - BURGER', 2916),
(96, '01133', 'VERGUNNINGENREGISTER', 498),
(97, '10234', 'VLIS', 1021),
(98, '30038', 'ZENDINGEN', 581),
(99, '60101', 'WILDBEHEERSEENH', 567),
(100, '50218', 'AEO-INKOM', 7),
(101, '50051', 'ABATTOIR', 4),
(102, '90004', 'APEX_WORKSPACE_HB_WA', 1901),
(103, '90005', 'APEX_WORKSPACE_MOW_PL', 1961),
(104, '60233', 'ATO_DOCBASE', 31),
(105, '60003', 'ARAN', 19),
(106, '20075', 'BZ_DOCBASE', 83),
(107, '00344', 'BRYGGJA', 78),
(108, '30201', 'DIGITAAL AANVRAAG FORMULIER (DAF)', 127),
(109, '50201', 'DIOXINE', 132),
(110, '30213', 'DHO STUDENTENPORTAAL', 124),
(111, '81013', 'EIB_DOCBASE', 165),
(112, '20042', 'DWH APS', 148),
(113, '60234', 'EPC WEBSERVICE NOTARISSEN', 176),
(114, '50214', 'ESF 2007-2013', 183),
(115, '50267', 'ERS', 2861),
(116, '60247', 'EPM', 862),
(117, '00122', 'FRED', 199),
(118, '50251', 'eSUBSIDIELOKET \Z TWP', 1004),
(119, '60240', 'FAST', 191),
(120, '00587', 'INFRASTRUCT.SYST', 252),
(121, '00325', 'IBIS', 246),
(122, '20088', 'INTELLIGENTE SCANNING', 2282),
(123, '40253', 'INTEROPON', 2918),
(124, '00327', 'HYDRA', 240),
(125, '20041', 'GISD', 217),
(126, '40241', 'GKBPLUS', 2903),
(127, '00215', 'HUIS PREMIES OUD', 236),
(128, '20085', 'KIS (KLANTEN INFORMATIE SYSTEEM)', 1741),
(129, '60267', 'MISTER', 1701),
(130, '50268', 'MERCURIUS CRM', 2881),
(131, '20087', 'MAGDA GEO', 1801),
(132, '60268', 'MATADOR', 1702),
(133, '20043', 'OPVOLGING BELEIDSINDICATOREN DATAWAREHOUSE', 374),
(134, '30200', 'ONDERWIJS_DOCBASE', 362),
(135, '00112', 'NADIA', 348),
(136, '20095', 'NEOPOST FRANKEEROMGEVING', 2642),
(137, '10003.2', 'NIEUWSBERICHTEN', 353),
(138, '00969', 'RWO GIS', 421),
(139, '50244', 'QUOVIS 2010', 781),
(140, '60252', 'POSTREGISTRATIE', 942),
(141, '60123', 'PROJECTSUBS SOC', 405),
(142, '81009', 'SLA-ENGINE', 438),
(143, '30048', 'SOCFLAN', 441),
(144, '60228', 'TEAM_MOW (Sharepoint MOW)', 472),
(145, '30068', 'STUDIETOELAGEN BO', 457),
(146, '10024', 'TELEFOONGIDS VL (TGV)', 477),
(147, '30219', 'V-EPD_DOCBASE', 494),
(148, '10011', 'VLIOM-MANDATENDB', 526),
(149, '60224', 'WINTERDIENST EXPLOITATIE', 569),
(150, '50221', 'AO_DOCBASE', 16),
(151, '90020', 'APEX_WORKSPACE_AFM3', 2781),
(152, '20103', 'BOS MOD - BESTEL EN OPVOLGING SYSTEEM', 2650),
(153, '00219', 'BREDERO', 76),
(154, '20089', 'BEGROTINGSHANDBOEK', 2422),
(155, '40240', 'CAMERAMANAGER', 2902),
(156, '00015', 'CLB-ARTS', 264),
(157, '00394', 'DATA WAREHOUSE MIS', 110),
(158, '10243', 'CRM SYSTEEM TVL', 2241),
(159, '30239', 'CO-SCHOOL', 2385),
(160, '30246', 'DIGIS', 2761),
(161, '50229', 'DIGIBIB (LV_Docbase)', 321),
(162, '50257', 'ASA (DEP LV MUG)', 2041),
(163, '50242', 'DIGIBIB', 126),
(164, '30208', 'DHO', 123),
(165, '50217', 'EFRO', 164),
(166, '40249', 'DWHFLOW', 2910),
(167, '60231', 'EPB BACK OFFICE', 174),
(168, '50018', 'EXACT', 187),
(169, '81010', 'IDM_ACM_SSO', 250),
(170, '00111', 'INA', 251),
(171, '60266', 'GISKUST', 1681),
(172, '40250', 'GIBALIE', 2911),
(173, '01006', 'K3', 361),
(174, '10215', 'LABORA', 305),
(175, '00188', 'MILIEU VERGUNNIN', 337),
(176, '00947', 'MILIEU-INSPECTIE', 339),
(177, '50252', 'LMN', 1355),
(178, '10227', 'MAESTRO', 323),
(179, '20008', 'ORAFIN', 380),
(180, '50262', 'OPROEPEN WERK EN SOCIALE ECONOMIE (OWSE)', 2441),
(181, '40216', 'OGJ2', 358),
(182, '00255', 'SCHADE WEGEN', 425),
(183, '10224', 'TEAM_DAR (SharePoint site DAR)', 465),
(184, '30238', 'SIDIN', 2384),
(185, '10225', 'PUBLIEK_DAR (Sharepoint Publieke site DAR SVR)', 407),
(186, '10235', 'SHAREPOINT KABINETTEN', 1360),
(187, '30210', 'TEAM_OV (SharePoint Team site OV)', 473),
(188, '40214', 'TEAM_CJSM (SharePoint CJSM-VRM)', 464),
(189, '81015.02', 'Sharepoint Team site HB', 1359),
(190, '40211.08', 'Sharepoint Team site WVG Zorg en Gezondheid', 1343),
(191, '00029', 'STAT. JAARBOEKEN', 449),
(192, '00034', 'TOELAGEN', 486),
(193, '81001', 'VOPS', 529),
(194, '20068', 'WebIDM-voor-WebEDISON', 537),
(195, '00359', 'WEB PUBLICATIES', 538),
(196, '81034', 'WEBIDM3', 2921),
(197, '40220', 'WEBSITES CJSM', 2101),
(198, '50241', 'AO_DWH_MIS', 10),
(199, '90000', 'APEX_WORKSPACE_BEHEER', 1841),
(200, '90002', 'APEX_WORKSPACE_AFM', 1842),
(201, '90006', 'APEX_WORKSPACE_MOW_PL_GEN', 1962),
(202, '81022', 'APPLICATIE MONITORING PLATFORM (AMP)', 1141),
(203, '90017', 'APEX_WORKSPACE_MOW_ATO', 2304),
(204, '90014', 'APEX_WORKSPACE_SAR', 2307),
(205, '00117', 'FS', 201),
(206, '20073', 'FB_DOCBASE', 192),
(207, '20067', 'FCH', 193),
(208, '50043', 'EWT DATA WAREHOUSE', 186),
(209, '60282', 'EXPERTBASE', 2801),
(210, '40255', 'INTERCAP', 2915),
(211, '20039', 'GESCHILLEN', 215),
(212, '40248', 'GILOG', 2909),
(213, '60253', 'LEGAL SUITE', 1042),
(214, '60110', 'LISTPRO', 314),
(215, '60269', 'LATIS', 1781),
(216, '20036', 'LEEGSTAND BEDRIJFSRUIMTEN', 307),
(217, '20003', 'LEEGSTAND WONINGEN', 308),
(218, '20083', 'KBI', 1441),
(219, '50269', 'KICTAPPS', 2941),
(220, '30247', 'MDM (MASTER DATA MANAGEMENT)', 2862),
(221, '60227', 'MT_CEL_MI_DOCBASE', 345),
(222, '10020', 'MUURKRANT', 347),
(223, '50206', 'NAVO - 2', 350),
(224, '40254', 'NIEUWSBRIEF WELZIJN &amp; SAMENLEVING', 2914),
(225, '40252', 'ODELO', 2913),
(226, '30237', 'PLANNINGIAVA', 2383),
(227, '30035', 'SOCLINK (EEG)', 442),
(228, '40211.05', 'Sharepoint Publieke site WVG', 1286),
(229, '40211.04', 'Sharepoint Open site WVG', 1285),
(230, '50231', 'TEAM_WSE (SharePoint site WSE)', 475),
(231, '30207', 'STUDIETOELAGEN_SCANNING', 458),
(232, '10012', 'TAALADVIES', 461),
(233, '10233', 'TOEGANKELIJK VLAANDEREN', 981),
(234, '50265', 'VLAO GIS', 2621),
(235, '60249', 'WEGENDATABANK', 1121),
(236, '10212', 'WAPENLICENTIES', 533),
(237, '60217', 'VLOMIS', 1601),
(238, '20051', 'VLIMPERS/FLAMINGO', 524),
(239, '40219', 'ZG RAPPORTERINGSOMGEVING', 2061),
(240, '50236', 'WS10 ELECTRONISCH INSPECTIEDOSSIER', 577),
(241, '50024', 'WSE_DOCBASE', 573),
(242, '60246', 'WISKI', 861),
(243, '90007', 'APEX_WORKSPACE_MOW_PLOEG', 1963),
(244, '90015', 'APEX_WORKSPACE_CJSM', 2308),
(245, '90016', 'APEX_WORKSPACE_MOW_ITO', 2303),
(246, '40215', 'BOEKHOUDPAKET', 74),
(247, '81031', 'BIZZDESIGN', 2481),
(248, '20027', 'BECODA', 40),
(249, '10228', 'BZDWH', 84),
(250, '00308', 'CARIS ZEEKAARTEN', 88),
(251, '50255', 'CDB (CONTACTEN DATABASE)', 1742),
(252, '10229', 'DAR_DOCBASE', 109),
(253, '10239', 'CRM BRAVO', 1743),
(254, '81018', 'CMDB2', 100),
(255, '30231', 'DAVINCI', 1421),
(256, '20077', 'DTP (Digitaal Teken Platform)', 147),
(257, '30049', 'DETACHERINGEN', 122),
(258, '00012', 'ELEK. SCHOOLDOSS', 167),
(259, '00131', 'ELISA', 169),
(260, '10013', 'GEDV GRONDW HOF', 205),
(261, '60219', 'FINLOG HELPDESK', 195),
(262, '10247', 'INFOLIJN TELETOLK', 2404),
(263, '50211', 'INKOM MIDDLEWARE', 222),
(264, '00217', 'HUIS TOEL NIEUW', 237),
(265, '00286', 'HISTORIA', 230),
(266, '40212', 'GOS', 221),
(267, '60066', 'GRONDOVERSCHOT', 226),
(268, '00147', 'MOBGIS', 343),
(269, '81023', 'MANAGED FILE TRANSFER (MFT)', 1721),
(270, '40242', 'LOGIS - DEEL KLANTEN', 2904),
(271, '40243', 'LOGIS - DEEL LOGISTIEK', 2905),
(272, '40221', 'OPERA', 2221),
(273, '40246', 'BEVRIJ', 2907),
(274, '60250', 'BATHYMETRISCH GRID', 801),
(275, '00260', 'CADSTAR', 87),
(276, '40217', 'CJSM MIS', 352),
(277, '10038', 'CMS GEN ASSETS', 101),
(278, '50208', 'DBS-ABB', 115),
(279, '81007', 'DDC-DMS', 116),
(280, '30232', 'DISCIMUS', 1422),
(281, '81004', 'DIGITAL WORKFLOW (SERVICE CENTER)', 129),
(282, '30228', 'DHO REKENMOTOR', 722),
(283, '30042', 'EDULEX', 161),
(284, '60272', 'ELMO', 2162),
(285, '60276', 'GEOLOKET ONGEVALLEN', 2302),
(286, '81024', 'IPDC PRODUCTENCATALOGUS', 1921),
(287, '10246', 'INFOLIJN DEPARTEMENTELE SITE', 2403),
(288, '10220', 'IPUBLISH INT', 278),
(289, '60256', 'IRG', 1181),
(290, '60243', 'LIMS-WL', 601),
(291, '50001', 'MIA', 336),
(292, '00369', 'MERCATOR', 335),
(293, '30236', 'MEXREGISTER', 2382),
(294, '60261', 'MOW APEX', 1521),
(295, '40236', 'MICADO', 2842),
(296, '60251', 'MADAME', 921),
(297, '00218', 'MELANIE', 331),
(298, '00022', 'OMKADERING', 359),
(299, '40210', 'SCRFT', 431),
(300, '50249', 'RAPPORTERING TEWERKSTELLINGSPROGRAMMAS', 1002),
(301, '10219', 'SECRETARIE_VR_SCANNING', 433),
(302, '40211', 'SHAREPOINT_WVG (SharePoint sites WVG)', 435),
(303, '00132', 'VDVU - ELVIRE', 493),
(304, '10007', 'VLAAMSE CODEX', 518),
(305, '81020', 'WEBIDM2', 541),
(306, '60264', 'WEBSITES WATLAB', 1581),
(307, '30067', 'WEBEDISON', 540),
(308, '40206', 'VPR', 530),
(309, '30221', 'WWJW', 578),
(310, '81017', 'WIKI-ICT', 565),
(311, '90021', 'APEX_WORKSPACE_VAZG_OP', 3041),
(312, '90010', 'APEX_WORKSPACE_E-IB_INTERN', 2002),
(313, '90011', 'APEX_WORKSPACE_AWV', 2306),
(314, '90013', 'APEX_WORKSPACE_ONDERWIJS_WEETULEX', 2305),
(315, '20084', 'BBC-DR', 1621),
(316, '20044', 'APS WEBSITE', 18),
(317, '00125', 'ARCHIBUS', 24),
(318, '40247', 'CAP', 2908),
(319, '00351', 'DOV', 142),
(320, '11601', 'DOCUMENTUM GEMEENSCHAPPELIJK', 723),
(321, '30248', 'DHO2', 3001),
(322, '60244', 'DENK', 663),
(323, '10037', 'ELEKTRONISCH BESTELLOKET VAN PUBLICATIES (EBL)', 168),
(324, '60257', 'GEOPORTAAL MOBILITEIT (GEOMOB)', 1201),
(325, '60283', 'FIETS', 2961),
(326, '00019', 'INSCHR.LEERLING', 255),
(327, '60218', 'HYDROGRAFISCHE PEILINGEN', 244),
(328, '00390', 'GKB', 218),
(329, '40234', 'GSA_CJSM (GOOGLE SEARCH)', 2741),
(330, '30223', 'HATS', 228),
(331, '10028', 'IV (PORTAALSITE FLANDERS)', 397),
(332, '30230', 'LEER EN ERVARINGSDATABANK (LED)', 841),
(333, '81014', 'JIRA', 286),
(334, '00386', 'JEUGDBIJSTAND', 285),
(335, '81029', 'MFT PLATFORM', 2386),
(336, '20061', 'MANDATENBEHEER', 326),
(337, '60254', 'MAGPLUS', 1101),
(338, '60138', 'MARGO - MONITORING AIRPORT REGIONAL GENERAL ORGANIZATION', 328),
(339, '60225', 'OPV BELEIDSBRIEF', 373),
(340, '30037', 'ONDERWIJSAANBOD', 454),
(341, '60281', 'MOW DATAROOM', 2721),
(342, '60248', 'RWO APEX', 681),
(343, '50243', 'SBW Prestatiestaten', 741),
(344, '40204', 'ORKA', 382),
(345, '10223', 'TEAM_BZ', 463),
(346, '60229', 'TEAM_LV (Sharepoint LV)', 1350),
(347, '60230', 'TEAM_RWO (SharePoint site RWO)', 474),
(348, '40211.07', 'Sharepoint Team Judo site WVG', 1284),
(349, '30045', 'TELEFOONGIDS ONDERWIJS', 476),
(350, '00031', 'STUDIETOELAGEN', 456),
(351, '00586', 'TVO TRUGVORD.OND', 492),
(352, '10026', 'VLAAMSE INFOLIJN (PORTAAL)', 519),
(353, '40244', 'VIPA WAARBORGAPPLICATIE (VWA)', 2906),
(354, '30226', 'SCM SUBVERSION', 842),
(355, '06003', 'VISVERLOVEN', 517),
(356, '60075', 'VLIMPERS', 523),
(357, '60265', 'VOORSPELLINGSSYSTEEM KUST EN SCHELDE', 1641),
(358, '30225', 'WATCHDOC', 761),
(359, '81033', 'VO-DCB (DIGITAAL CERTIFICATENBEHEER)', 2562),
(360, '50263', 'WSE PRODUCTXPRESS', 2601),
(361, '30227', 'ADOBE LIFECYCLE PRIL', 881),
(362, '00257', 'ANALINDA', 15),
(363, '90012', 'APEX_WORKSPACE_MOW_DATAROOM', 2082),
(364, '90018', 'APEX_WORKSPACE_AWV-WK', 2341),
(365, '40213', 'CIB (CENTRAAL IDENTIFICATIEBESTAND)', 94),
(366, '30251', 'CORSA', 3081),
(367, '30209', 'CREON', 107),
(368, '10240', 'COMMUNICATIE JAARVERSLAG (JACOM)', 1861),
(369, '00264', 'DELTA', 120),
(370, '30056', 'ELECT.LEEROMGEV.', 166),
(371, '50059', 'ECOLOGIEPREMIES', 151),
(372, '30249', 'EPLUSLINK', 3042),
(373, '60235', 'EPACT', 173),
(374, '20105', 'FMIS', 3101),
(375, '40235', 'FAUNUS', 2841),
(376, '50041', 'GROEIPREMIES VIA CALL', 274),
(377, '10218', 'IPUBLISH', 277),
(378, '30211', 'LLP-LINK', 315),
(379, '10214', 'OESO', 356),
(380, '60279', 'PORTAAL WATERINFO', 2561),
(381, '81015.01', 'Sharepoint Open site HB', 1358),
(382, '20007', 'VERVOER', 505),
(383, '00906', 'WEB-PUBLICATIES AAAD', 543),
(384, '60094', 'WEBSITE WONEN', 557),
(385, '50052', 'VMS', 527),
(386, '60274', 'VOBIP HUISVESTING', 2181),
(387, '60273', 'YAMI', 2163),
(388, '40239', 'WVG''S WIE-IS-WIE', 2901),
(389, '81012', 'WONDER', 571),
(390, '50261', 'WSE - MANDATENBEVRAGING', 2418),
(512, '30229', 'STUDIETOELAGEN WEBFORMULIER', NULL),
(513, '00060', 'IRIS 2', NULL),
(514, '00232', 'INVENTAR', NULL),
(515, '00244', 'BEHEER VERBINTEN', NULL),
(516, '00259', 'VERA-VERKEERSTELLING', NULL),
(517, '00333', 'GEOSYS', NULL),
(518, '00955', 'PEILPUTTEN STORT', NULL),
(519, '01009', 'RISICOBEDRIJVEN', NULL),
(520, '10210', 'TRADOS (VERTAALSYSTEEM)', NULL),
(521, '20049', 'VFP', NULL),
(522, '20058', 'FLAMINGO-ORAFIN', NULL),
(523, '20082', 'BZ_SCANNING', NULL),
(524, '50239', 'FRIS RESEARCH PORTAL', NULL),
(525, '50248', 'PURE', NULL),
(526, '50253', 'DYNAMISCHE WEBSERVICE TOOL', NULL),
(527, '50260', 'LOD', NULL),
(528, '60096', 'ASFALTMENGSEL', NULL),
(529, '60213', 'BEHEER BAGGERWERKEN', NULL);

-- --------------------------------------------------------

--
-- Table structure for table `appl_review`
--

CREATE TABLE IF NOT EXISTS `appl_review` (
  `id` int(11) NOT NULL AUTO_INCREMENT COMMENT 'Unique reference of the record',
  `application_id` int(11) NOT NULL COMMENT 'Link to the application record',
  `remark` varchar(1024) NOT NULL,
  `source_id` int(11) NOT NULL COMMENT 'Link to the Source record.',
  PRIMARY KEY (`id`),
  KEY `application_id` (`application_id`,`source_id`),
  KEY `source_id` (`source_id`)
) ENGINE=InnoDB  DEFAULT CHARSET=utf8 COMMENT='Review remarks per Application URL' AUTO_INCREMENT=146 ;

--
-- Dumping data for table `appl_review`
--

INSERT INTO `appl_review` (`id`, `application_id`, `remark`, `source_id`) VALUES
(1, 11, 'TM: Provide URL', 18),
(2, 13, 'TM: Provide URL', 18),
(3, 14, 'Martin: ''From RFC 2068'' is valid text, 404 is valid response.', 18),
(4, 19, 'Check Network Path (telnet port 80)', 18),
(5, 25, 'Request for Path and Port 8080', 18),
(6, 26, 'TM: Provide URL', 18),
(7, 30, 'TM: Provide URL', 18),
(8, 46, 'TM: Provide URL (http://aribavo.vonet.be/Buyer/Main?)', 18),
(9, 47, 'Request Network Path', 18),
(10, 52, 'Martin: ''HTTP 500 Internal Server Error'' is a valid response', 18),
(11, 55, 'Martin: ''HTTP 500 Internal Server Error'' is a valid response', 18),
(12, 58, 'Martin to add', 18),
(13, 67, 'Martin: use ''http'' instead of ''https''', 18),
(14, 69, 'TM: Provide URL', 18),
(15, 73, 'TM: Provide URL', 18),
(16, 74, 'TM: Provide URL', 18),
(17, 80, 'TM: Provide URL', 18),
(18, 82, 'TM: Provide URL', 18),
(19, 94, 'Guy: additional URL path required', 18),
(20, 97, 'Valid response from telnet, TM to review URL', 18),
(21, 100, 'Martin: ''HTTP 500 Internal Server Error'' is a valid response', 18),
(22, 113, 'TM: Provide URL', 18),
(23, 118, 'Martin: ''From RFC 2068'' is valid text, 404 is valid response.', 18),
(24, 135, 'Valid response from telnet, TM to review URL', 18),
(25, 137, 'Review URL (http://www.vlaanderen.be/nl/vlaamse-overheid/persberichten)', 18),
(26, 140, 'Request for Path and Port 8080', 18),
(27, 142, 'Request for Path and Port 443', 18),
(28, 149, 'Request for Path and Port 8080', 18),
(29, 160, 'TM: Provide URL', 18),
(30, 163, 'Martin to add', 18),
(31, 177, 'Request for Path and Port 8080', 18),
(32, 181, 'Not amaas - Guy to validate', 18),
(33, 182, 'TM: Provide URL', 18),
(34, 207, 'TM: Provide URL', 18),
(35, 218, 'TM: Provide URL', 18),
(36, 232, 'Martin: valid response from http://databanktaaladvies.vlaanderen.be/taaladvies/', 18),
(37, 235, 'Reverse Proxy Translation', 18),
(38, 238, 'Guy to validate T&I Proxy Server', 18),
(39, 242, 'Reverse Proxy Translation', 18),
(40, 253, 'Internet Whitelist', 18),
(41, 255, 'Martin: Use Port 80 (http)', 18),
(42, 265, 'Reverse Proxy Translation', 18),
(43, 267, 'TM: Provide URL', 18),
(44, 274, 'TM: Provide URL', 18),
(45, 285, 'Guy: additional URL path required', 18),
(46, 289, 'Martin: use http://irg.vlaanderen.be -  ''From RFC 2068'' is valid text, 404 is valid response.', 18),
(47, 296, 'Martin: ''Invalid Server Error'' from wm162456 is valid.', 18),
(48, 305, 'Check Network Path (telnet port 80)', 18),
(49, 307, 'Martin: Use Port 80 -  ''From RFC 2068'' is valid text, 404 is valid response.', 18),
(50, 309, 'TM: Provide URL', 18),
(51, 317, 'Internet Whitelist', 18),
(52, 322, 'Reverse Proxy Translation', 18),
(53, 324, 'Guy: additional URL path required', 18),
(54, 331, 'Martin: ''No website found on this location.'' is valid response', 18),
(55, 332, 'Martin: use http instead of https', 18),
(56, 337, 'Martin: works for http://10.22.77.23/magplus/aanmelden', 18),
(57, 352, 'Martin: should be OK now!', 18),
(58, 359, 'Martin to add', 18),
(59, 362, 'TM: Provide URL', 18),
(60, 367, 'TM: Provide URL', 18),
(61, 369, 'TM: Provide URL', 18),
(62, 371, 'Martin: ''HTTP 500 Internal Server Error'' is a valid response', 18),
(63, 373, 'Reverse Proxy Translation', 18),
(64, 376, 'Martin: ''HTTP 500 Internal Server Error'' is a valid response', 18),
(65, 512, 'Guy: URL hosted on Ka', 18),
(66, 517, 'TM: Provide URL', 18),
(67, 522, 'TM: Provide URL', 18),
(68, 528, 'TM: Provide URL', 18),
(69, 296, 'Connect to https takes ages to return, first with invalid certificate, then with default ''It Works'' message. http to host redirection seems as (in)valuable as http connection.', 15),
(70, 25, 'Martin: Working only using proxy (access denied) - Dirk: etc/hosts fie: remove port in IP address, use URL: http://spw.vonet.be:8080/spw-web/logon.htm for monitoring. - Martin: Still not working', 21),
(71, 47, 'Martin: Accessible but currently not monitored - Dirk: Can this be added to the monitor? - Martin: Added', 21),
(72, 140, 'Martin: Working only using proxy (access denied) - Dirk: URL Path and port translation in etc/hosts file not supported, use URL: http://10.22.77.53:8080/prx2/index.html. (Internet Explorer browser not supported by application, what about Sitescope agent feedback?) - Martin: OK in SiteScope', 21),
(73, 142, 'Martin: Not accessible at all - Dirk: Server added to etc/hosts, please use URL: http://apexprod.vonet.be/ddc/f?p=101 (No https', 21),
(74, 149, 'Martin: Working only using proxy (access denied) implemented in reverse proxy folder - Dirk: Please use http://10.22.77.55:8080/ (TM needs to review URL). - Martin: OK now', 21),
(75, 177, 'Martin: Working only using proxy (forbiden) implemented in reverse proxy folder - Dirk: etc/hosts file, Port is removed in IP address. Please use: http://lmn.vonet.be:8080/ (TM needs to review URL) - Martin: Still not working', 21),
(76, 235, 'Martin: Working only using proxy (forbiden) implemented in reverse proxy folder - Dirk: Please use http://10.22.77.12:8080/wegendatabank/happy.html - Martin: OK now', 21),
(77, 242, 'Martin: Working only using proxy (access denied) - Dirk: Please use: http://10.22.77.11:8080/pno-webservice/happy.html - Martin: OK now', 21),
(78, 25, 'Request to implement after network change: http://spw.vonet.be/spw-web/logon.htm', 23),
(79, 47, 'Request to implement after network change: http://bto.vlaanderen.be', 23),
(80, 140, 'Request to implement after network change: http://apps.awv.vonet.be/prx2/index.html', 23),
(81, 142, 'Request to implement after network change: https://apexprod.vonet.be/ddc/f?p=101', 23),
(82, 149, 'Request to implement after network change: http://apps.awv.vonet.be/winterdienst/', 23),
(83, 177, 'Request to implement after network change: http://lmn.vonet.be', 23),
(84, 235, 'Request to implement after network change: http://apps.awv.vonet.be/wegendatabank/happy.html', 23),
(85, 242, 'Request to implement after network change: http://apps.awv.vonet.be/pno-webservice/happy.html', 23),
(86, 265, 'Request to implement after network change: http://apps.awv.vonet.be/historia/servlet/Historia', 23),
(87, 322, 'Request to implement after network change: http://apps.awv.vonet.be/denk/', 23),
(88, 373, 'Request to implement after network change: https://cs.vonet.be', 23),
(89, 322, 'Use URL: http://10.22.24.16:8080/denk/', 25),
(90, 265, 'Use URL: http://10.22.77.71:8080/historia/servlet/Historia', 25),
(91, 337, 'Use URL: http://10.22.77.23/magplus/aanmelden', 25),
(92, 255, 'Use URL: http://davinci-mon-etio.vlaanderen.be/', 25),
(93, 14, 'Use URL: http://domino.vlaanderen.be', 25),
(94, 371, 'Use URL: http://ep.vlaanderen.be/ecologiesteun/overzicht.do', 25),
(95, 55, 'Use URL: http://epcall.vlaanderen.be/epcall/ond/overzicht.do?command=init', 25),
(96, 52, 'Use URL: http://epplus.vlaanderen.be/epplus/ond/overzicht.do?command=init', 25),
(97, 376, 'Use URL: http://gp.vlaanderen.be/investeringssteun/overzicht.do', 25),
(98, 289, 'Use URL: http://irg.vlaanderen.be', 25),
(99, 332, 'Use URL: http://led-mon.vlaanderen.be/', 25),
(100, 177, 'Use URL: http://lmn.vonet.be:8080/', 25),
(101, 67, 'Use URL: http://op.vlaanderen.be/op/test/happy.do', 25),
(102, 25, 'Use URL: http://spw.vonet.be:8080/spw-web/logon.htm', 25),
(103, 118, 'Use URL: http://twp.vlaanderen.be', 25),
(104, 307, 'Use URL: http://webedison.vlaanderen.be/edisonmon/checkAll.do', 25),
(105, 331, 'Use URL: http://www.flanders.be/', 25),
(106, 262, 'Use URL: http://www.teletolk.be', 25),
(107, 232, 'Use URL: http://databanktaaladvies.vlaanderen.be/', 25),
(108, 157, 'Duplicate', 29),
(109, 277, 'Reverse Proxy', 29),
(110, 71, 'Martin: add monitor', 29),
(111, 73, 'Reverse Proxy', 29),
(112, 160, 'Request Network Path', 29),
(113, 276, 'Duplicate', 29),
(114, 300, 'Duplicate', 29),
(115, 92, 'VPC', 29),
(116, 113, 'Request Network Path (Wim: no reverse Proxy?)', 29),
(117, 274, 'Request Network Path', 29),
(118, 171, 'Request Network Path', 29),
(119, 352, 'Martin: add monitor (long time-out!)', 29),
(120, 30, 'Duplicate', 29),
(121, 58, 'Martin: add monitor', 29),
(122, 285, 'Additional Information required', 29),
(123, 46, 'Work with Wim', 29),
(124, 335, 'Request Network Path', 29),
(125, 359, 'Martin: add monitor', 29),
(126, 154, 'Request to review whitelist configuration', 30),
(127, 304, 'Request to review whitelist configuration', 30),
(128, 253, 'Request to review whitelist configuration', 30),
(129, 317, 'Request to review whitelist configuration', 30),
(130, 253, 'Connect to URL works, but redirect to login page seems to fail. - Question to Wim De Rick (28/04/15, 08:32)', 15),
(131, 97, 'Martin: please use http://vlis.vlaanderen.be/web/VO.IV.VLIS.Web/Pages/Signup/LoginPage.aspx', 31),
(132, 135, 'Martin: please use http://nadia-ambtenaar.vlaanderen.be/nadia/', 31),
(133, 137, 'Martin: please use http://www.vlaanderen.be/nl/vlaamse-overheid/persberichten', 31),
(134, 238, 'Dirk: try http://vlimpers-flamingo.vonet.be/psp/VLHDEPRD/?cmd=login&languageCd=DUT', 31),
(135, 277, 'Martin: Please use URL: http://widgets.vlaanderen.be/monitor/probe - ', 31),
(136, 73, 'Martin: Please use URL: http://mijnonderwijs.vlaanderen.be/start/ - Long Time-out!', 31),
(137, 160, 'URL Not OK - no reply from telnet 443', 31),
(138, 113, 'Martin: Please use URL: http://vea-credoc.vlaanderen.be/GeefEnergiePrestatieCertificaatDienst-01.00/ - ', 31),
(139, 17, 'Martin: Please use URL: http://uv158920.vlaanderen.be:7001/console - ', 31),
(140, 274, 'URL Not OK - no reply from telnet 8080', 31),
(141, 171, 'Martin: Please use URL: http://wm162492.vlaanderen.be/giskust/test.html - ', 31),
(142, 335, 'Martin: Please use URL: https://mft.vlaanderen.be/ - Long Time-out!', 31),
(143, 157, 'Martin: Please use URL: http://vobip-bi.vonet.be/cognos10-login/ (duplicate from 81008)', 31),
(144, 276, 'Martin: Please use URL: http://vobip-bi.vonet.be/cognos10-login/ (duplicate from 81008)', 31),
(145, 300, 'Martin: Please use URL: http://vobip-bi.vonet.be/cognos10-login/ (duplicate from 81008)', 31);

-- --------------------------------------------------------

--
-- Table structure for table `appl_url`
--

CREATE TABLE IF NOT EXISTS `appl_url` (
  `id` int(11) NOT NULL AUTO_INCREMENT COMMENT 'Unique reference of the record',
  `appl_id` int(11) NOT NULL COMMENT 'Refers to the application.',
  `url_id` int(11) NOT NULL COMMENT 'Refers to the URL',
  `url_type` varchar(255) DEFAULT NULL COMMENT 'Type of the URL monitoring for this application. Types: SLA, Project, Service.',
  PRIMARY KEY (`id`),
  KEY `appl_id` (`appl_id`,`url_id`),
  KEY `url_id` (`url_id`)
) ENGINE=InnoDB  DEFAULT CHARSET=utf8 COMMENT='Links the URL with the application. One URL can be linked with more than one app' AUTO_INCREMENT=164 ;

--
-- Dumping data for table `appl_url`
--

INSERT INTO `appl_url` (`id`, `appl_id`, `url_id`, `url_type`) VALUES
(1, 6, 1, 'SLA'),
(2, 8, 2, 'SLA'),
(3, 9, 3, 'SLA'),
(4, 12, 86, 'SLA'),
(5, 14, 4, 'SLA'),
(6, 15, 5, 'SLA'),
(7, 16, 87, 'SLA'),
(8, 17, 88, 'SLA'),
(9, 19, 6, 'SLA'),
(10, 23, 89, 'SLA'),
(11, 24, 90, 'SLA'),
(12, 25, 7, 'SLA'),
(13, 30, 86, 'SLA'),
(14, 34, 92, 'SLA'),
(15, 42, 8, 'SLA'),
(16, 46, 258, 'SLA'),
(17, 47, 259, 'SLA'),
(18, 48, 9, 'SLA'),
(19, 50, 93, 'SLA'),
(20, 52, 10, 'SLA'),
(21, 54, 11, 'SLA'),
(22, 55, 12, 'SLA'),
(23, 58, 13, 'SLA'),
(24, 62, 14, 'SLA'),
(25, 67, 94, 'SLA'),
(26, 68, 15, 'SLA'),
(27, 70, 16, 'SLA'),
(28, 81, 95, 'SLA'),
(29, 83, 96, 'SLA'),
(30, 85, 97, 'SLA'),
(31, 89, 17, 'SLA'),
(32, 90, 98, 'SLA'),
(33, 94, 18, 'SLA'),
(34, 96, 99, 'SLA'),
(35, 97, 100, 'SLA'),
(36, 100, 19, 'SLA'),
(37, 104, 20, 'SLA'),
(38, 106, 21, 'SLA'),
(39, 107, 22, 'SLA'),
(40, 108, 23, 'SLA'),
(41, 110, 101, 'SLA'),
(42, 111, 24, 'SLA'),
(43, 114, 25, 'SLA'),
(44, 116, 26, 'SLA'),
(45, 118, 102, 'SLA'),
(46, 119, 27, 'SLA'),
(47, 121, 28, 'SLA'),
(48, 125, 29, 'SLA'),
(49, 129, 30, 'SLA'),
(50, 130, 31, 'SLA'),
(51, 132, 103, 'SLA'),
(52, 134, 32, 'SLA'),
(53, 135, 33, 'SLA'),
(54, 137, 104, 'SLA'),
(55, 138, 34, 'SLA'),
(56, 139, 35, 'SLA'),
(57, 140, 36, 'SLA'),
(58, 142, 105, 'SLA'),
(59, 144, 106, 'SLA'),
(60, 145, 37, 'SLA'),
(61, 146, 107, 'SLA'),
(62, 147, 108, 'SLA'),
(63, 148, 109, 'SLA'),
(64, 149, 38, 'SLA'),
(65, 153, 39, 'SLA'),
(66, 154, 110, 'SLA'),
(67, 161, 40, 'SLA'),
(68, 162, 111, 'SLA'),
(69, 163, 41, 'SLA'),
(70, 165, 42, 'SLA'),
(71, 177, 43, 'SLA'),
(72, 179, 44, 'SLA'),
(73, 181, 260, 'SLA'),
(74, 183, 112, 'SLA'),
(75, 185, 113, 'SLA'),
(76, 187, 114, 'SLA'),
(77, 188, 115, 'SLA'),
(78, 193, 116, 'SLA'),
(79, 202, 45, 'SLA'),
(80, 206, 46, 'SLA'),
(81, 213, 47, 'SLA'),
(82, 230, 117, 'SLA'),
(83, 232, 48, 'SLA'),
(84, 233, 118, 'SLA'),
(85, 235, 49, 'SLA'),
(86, 238, 119, 'SLA'),
(87, 240, 120, 'SLA'),
(88, 241, 121, 'SLA'),
(89, 242, 50, 'SLA'),
(90, 249, 122, 'SLA'),
(91, 252, 51, 'SLA'),
(92, 253, 123, 'SLA'),
(93, 254, 52, 'SLA'),
(94, 255, 124, 'SLA'),
(95, 260, 53, 'SLA'),
(96, 262, 125, 'SLA'),
(97, 263, 54, 'SLA'),
(98, 265, 55, 'SLA'),
(99, 266, 56, 'SLA'),
(100, 269, 126, 'SLA'),
(101, 278, 57, 'SLA'),
(102, 279, 58, 'SLA'),
(103, 280, 59, 'SLA'),
(104, 282, 60, 'SLA'),
(105, 285, 257, 'SLA'),
(106, 286, 61, 'SLA'),
(107, 287, 127, 'SLA'),
(108, 288, 62, 'SLA'),
(109, 289, 63, 'SLA'),
(110, 291, 64, 'SLA'),
(111, 292, 65, 'SLA'),
(112, 294, 128, 'SLA'),
(113, 296, 66, 'SLA'),
(114, 302, 129, 'SLA'),
(115, 304, 67, 'SLA'),
(116, 305, 130, 'SLA'),
(117, 306, 131, 'SLA'),
(118, 307, 132, 'SLA'),
(119, 316, 68, 'SLA'),
(120, 317, 133, 'SLA'),
(121, 319, 69, 'SLA'),
(122, 322, 70, 'SLA'),
(123, 323, 71, 'SLA'),
(124, 324, 72, 'SLA'),
(125, 331, 134, 'SLA'),
(126, 332, 135, 'SLA'),
(127, 333, 136, 'SLA'),
(128, 335, 137, 'SLA'),
(129, 336, 73, 'SLA'),
(130, 337, 74, 'SLA'),
(131, 341, 75, 'SLA'),
(132, 342, 76, 'SLA'),
(133, 343, 77, 'SLA'),
(134, 344, 78, 'SLA'),
(135, 345, 138, 'SLA'),
(136, 346, 139, 'SLA'),
(137, 347, 79, 'SLA'),
(138, 352, 140, 'SLA'),
(139, 354, 80, 'SLA'),
(140, 356, 141, 'SLA'),
(141, 359, 81, 'SLA'),
(142, 361, 142, 'SLA'),
(143, 365, 82, 'SLA'),
(144, 371, 143, 'SLA'),
(145, 373, 261, 'SLA'),
(146, 376, 83, 'SLA'),
(147, 377, 84, 'SLA'),
(148, 379, 85, 'SLA'),
(149, 389, 144, 'SLA'),
(150, 512, 256, 'SLA'),
(151, 277, 262, 'SLA'),
(152, 73, 264, 'SLA'),
(153, 160, 265, 'SLA'),
(154, 274, 267, 'SLA'),
(155, 171, 268, 'SLA'),
(157, 71, 263, 'SLA'),
(158, 113, 266, 'SLA'),
(159, 157, 86, 'SLA'),
(160, 276, 86, 'SLA'),
(161, 300, 86, 'SLA'),
(162, 385, 269, 'SLA'),
(163, 236, 270, 'SLA');

-- --------------------------------------------------------

--
-- Table structure for table `dwh_status`
--

CREATE TABLE IF NOT EXISTS `dwh_status` (
  `id` int(11) NOT NULL AUTO_INCREMENT,
  `application_id` int(11) DEFAULT NULL,
  `nummer` varchar(255) NOT NULL,
  `naam` varchar(255) NOT NULL,
  `onb_binnen` decimal(8,2) NOT NULL,
  `onb_buiten` decimal(8,2) NOT NULL,
  `monitoring` varchar(255) NOT NULL,
  `source_id` int(11) NOT NULL,
  PRIMARY KEY (`id`),
  KEY `application_id` (`application_id`),
  KEY `source_id` (`source_id`)
) ENGINE=InnoDB  DEFAULT CHARSET=utf8 AUTO_INCREMENT=389 ;

--
-- Dumping data for table `dwh_status`
--

INSERT INTO `dwh_status` (`id`, `application_id`, `nummer`, `naam`, `onb_binnen`, `onb_buiten`, `monitoring`, `source_id`) VALUES
(1, 56, '00011', 'EPD', '0.00', '0.00', 'J', 14),
(2, 61, '00020', 'LEERLINGTELLING', '0.00', '0.00', 'J', 14),
(3, 298, '00022', 'OMKADERING', '0.00', '0.00', 'J', 14),
(4, 74, '00023', 'ONTSLUITING INST LL', '0.00', '0.00', 'J', 14),
(5, 192, '00034', 'TOELAGEN', '0.00', '0.00', 'J', 14),
(6, 31, '00036', 'WEDDENSYSTEEM', '0.00', '0.00', 'J', 14),
(7, 170, '00111', 'INA', '0.00', '0.00', 'N', 14),
(8, 135, '00112', 'NADIA', '0.75', '0.00', 'J', 14),
(9, 21, '00120', 'PROMOTE', '0.00', '0.00', 'N', 14),
(10, 317, '00125', 'ARCHIBUS', '0.00', '0.00', 'J', 14),
(11, 303, '00132', 'VDVU - ELVIRE', '0.00', '0.00', 'N', 14),
(12, 268, '00147', 'MOBGIS', '0.00', '0.00', 'N', 14),
(13, 69, '00162', 'JURIS', '0.00', '0.00', 'N', 14),
(14, 153, '00219', 'BREDERO', '0.00', '0.00', 'J', 14),
(15, 63, '00231', 'HOLV', '0.00', '0.00', 'N', 14),
(16, 515, '00244', 'BEHEER VERBINTEN', '0.00', '0.00', 'N', 14),
(17, 182, '00255', 'SCHADE WEGEN', '0.00', '0.00', 'N', 14),
(18, 362, '00257', 'ANALINDA', '0.00', '0.00', 'N', 14),
(19, 369, '00264', 'DELTA', '0.00', '0.00', 'N', 14),
(20, 265, '00286', 'HISTORIA', '0.00', '0.00', 'J', 14),
(21, 13, '00314', 'DB PATRIMONIUM', '0.00', '0.00', 'N', 14),
(22, 121, '00325', 'IBIS', '0.00', '0.00', 'J', 14),
(23, 124, '00327', 'HYDRA', '0.00', '0.00', 'N', 14),
(24, 517, '00333', 'GEOSYS', '0.00', '0.00', 'N', 14),
(25, 107, '00344', 'BRYGGJA', '0.00', '0.00', 'J', 14),
(26, 319, '00351', 'DOV', '0.00', '0.00', 'J', 14),
(27, 292, '00369', 'MERCATOR', '0.00', '0.00', 'J', 14),
(28, 328, '00390', 'GKB', '0.00', '0.00', 'N', 14),
(29, 157, '00394', 'DATA WAREHOUSE MIS', '0.00', '0.00', 'N', 14),
(30, 351, '00586', 'TVO TRUGVORD.OND', '0.00', '0.00', 'N', 14),
(31, 138, '00969', 'RWO GIS', '0.00', '0.00', 'J', 14),
(32, 96, '01133', 'VERGUNNINGENREGISTER', '0.00', '0.00', 'J', 14),
(33, 137, '10003.2', 'NIEUWSBERICHTEN', '0.15', '0.17', 'J', 14),
(34, 304, '10007', 'VLAAMSE CODEX', '0.15', '0.17', 'J', 14),
(35, 148, '10011', 'VLIOM-MANDATENDB', '0.00', '0.00', 'J', 14),
(36, 232, '10012', 'TAALADVIES', '0.00', '0.00', 'J', 14),
(37, 260, '10013', 'GEDV GRONDW HOF', '0.00', '0.00', 'J', 14),
(38, 42, '10014', 'BIBIS', '0.00', '0.00', 'J', 14),
(39, 146, '10024', 'TELEFOONGIDS VL (TGV)', '4.57', '12.10', 'J', 14),
(40, 352, '10026', 'VLAAMSE INFOLIJN (PORTAAL)', '0.00', '0.00', 'J', 14),
(41, 331, '10028', 'IV (PORTAALSITE FLANDERS)', '0.33', '0.17', 'J', 14),
(42, 323, '10037', 'ELEKTRONISCH BESTELLOKET VAN PUBLICATIES (EBL)', '0.00', '0.00', 'J', 14),
(43, 277, '10038', 'CMS GEN ASSETS', '0.00', '0.00', 'N', 14),
(44, 520, '10210', 'TRADOS (VERTAALSYSTEEM)', '0.00', '0.00', 'N', 14),
(45, 236, '10212', 'WAPENLICENTIES', '0.00', '0.00', 'N', 14),
(46, 379, '10214', 'OESO', '0.00', '0.00', 'J', 14),
(47, 19, '10217', 'SECRETARIE_VR_DOCBASE (DORIS2)', '0.00', '0.00', 'J', 14),
(48, 377, '10218', 'IPUBLISH', '0.00', '0.50', 'J', 14),
(49, 301, '10219', 'SECRETARIE_VR_SCANNING', '0.00', '0.00', 'N', 14),
(50, 288, '10220', 'IPUBLISH INT', '0.00', '0.00', 'J', 14),
(51, 345, '10223', 'TEAM_BZ', '0.83', '0.33', 'J', 14),
(52, 183, '10224', 'TEAM_DAR (SharePoint site DAR)', '1.30', '1.18', 'J', 14),
(53, 185, '10225', 'PUBLIEK_DAR (Sharepoint Publieke site DAR SVR)', '0.00', '2.18', 'J', 14),
(54, 23, '10226', 'TEAM_IV (SharePoint Team site IV)', '0.83', '0.48', 'J', 14),
(55, 178, '10227', 'MAESTRO', '0.00', '0.00', 'N', 14),
(56, 249, '10228', 'BZDWH', '0.00', '0.00', 'J', 14),
(57, 252, '10229', 'DAR_DOCBASE', '0.00', '0.00', 'J', 14),
(58, 89, '10230', 'STR8 (Siebel)', '0.00', '0.33', 'J', 14),
(59, 90, '10232', 'TELEFOONGIDS VLAAMSE OVERHEID (TGV2)', '0.00', '0.00', 'J', 14),
(60, 233, '10233', 'TOEGANKELIJK VLAANDEREN', '1.58', '2.08', 'J', 14),
(61, 97, '10234', 'VLIS', '0.47', '1.27', 'J', 14),
(62, 47, '10237', 'BTO BOOKINGS', '0.00', '0.00', 'N', 14),
(63, 71, '10238', 'MAGAZIJNBEHEER TOERISME VLAANDEREN', '0.00', '0.00', 'N', 14),
(64, 66, '10241', 'GIDSEN TOERISME VLAANDEREN', '0.00', '0.00', 'N', 14),
(65, 91, '10242', 'TEWERKSTELLING TOERISME VLAANDEREN', '0.00', '0.00', 'N', 14),
(66, 30, '10244', 'VLAAMSE INFOLIJN DWH', '0.00', '0.00', 'J', 14),
(67, 287, '10246', 'INFOLIJN DEPARTEMENTELE SITE', '0.00', '0.00', 'J', 14),
(68, 262, '10247', 'INFOLIJN TELETOLK', '0.00', '0.00', 'J', 14),
(69, 179, '20008', 'ORAFIN', '0.00', '0.32', 'J', 14),
(70, 125, '20041', 'GISD', '0.00', '0.00', 'J', 14),
(71, 112, '20042', 'DWH APS', '0.00', '0.00', 'N', 14),
(72, 316, '20044', 'APS WEBSITE', '0.00', '0.00', 'J', 14),
(73, 521, '20049', 'VFP', '0.00', '0.00', 'N', 14),
(74, 238, '20051', 'VLIMPERS/FLAMINGO', '0.00', '0.00', 'J', 14),
(75, 26, '20057', 'VIP MAGDA', '0.00', '0.00', 'N', 14),
(76, 62, '20060', 'INTERFLEX', '0.00', '0.00', 'J', 14),
(77, 336, '20061', 'MANDATENBEHEER', '0.00', '0.00', 'J', 14),
(78, 207, '20067', 'FCH', '0.00', '0.00', 'N', 14),
(79, 206, '20073', 'FB_DOCBASE', '0.00', '0.00', 'J', 14),
(80, 106, '20075', 'BZ_DOCBASE', '0.00', '0.00', 'J', 14),
(81, 256, '20077', 'DTP (Digitaal Teken Platform)', '0.00', '0.00', 'N', 14),
(82, 218, '20083', 'KBI', '0.00', '0.00', 'N', 14),
(83, 315, '20084', 'BBC-DR', '0.00', '0.00', 'N', 14),
(84, 154, '20089', 'BEGROTINGSHANDBOEK', '0.33', '0.00', 'J', 14),
(85, 307, '30067', 'WEBEDISON', '0.00', '0.00', 'J', 14),
(86, 145, '30068', 'STUDIETOELAGEN BO', '0.00', '0.00', 'J', 14),
(87, 134, '30200', 'ONDERWIJS_DOCBASE', '0.00', '0.00', 'J', 14),
(88, 108, '30201', 'DIGITAAL AANVRAAG FORMULIER (DAF)', '0.00', '0.00', 'J', 14),
(89, 231, '30207', 'STUDIETOELAGEN_SCANNING', '0.00', '0.00', 'N', 14),
(90, 164, '30208', 'DHO', '0.00', '0.00', 'J', 14),
(91, 367, '30209', 'CREON', '0.00', '0.00', 'J', 14),
(92, 187, '30210', 'TEAM_OV (SharePoint Team site OV)', '1.17', '0.67', 'J', 14),
(93, 110, '30213', 'DHO STUDENTENPORTAAL', '0.00', '0.00', 'J', 14),
(94, 11, '30218', 'DATAWAREHOUSE ONDERWIJS & VORMING', '0.00', '0.00', 'J', 14),
(95, 147, '30219', 'V-EPD_DOCBASE', '0.50', '0.00', 'J', 14),
(96, 309, '30221', 'WWJW', '0.00', '0.00', 'N', 14),
(97, 70, '30224', 'JIRA OV', '0.00', '0.00', 'J', 14),
(98, 354, '30226', 'SCM SUBVERSION', '0.00', '0.00', 'J', 14),
(99, 361, '30227', 'ADOBE LIFECYCLE PRIL', '0.00', '0.00', 'J', 14),
(100, 282, '30228', 'DHO REKENMOTOR', '0.00', '0.00', 'J', 14),
(101, 332, '30230', 'LEER EN ERVARINGSDATABANK (LED)', '0.00', '0.00', 'J', 14),
(102, 255, '30231', 'DAVINCI', '0.00', '0.00', 'J', 14),
(103, 280, '30232', 'DISCIMUS', '0.00', '0.00', 'J', 14),
(104, 8, '30233', 'CERTIFICATEN AANVRAAG TOEPASSING O&V (CAT)', '0.00', '0.00', 'J', 14),
(105, 14, '40008', 'DOMINO', '0.00', '0.00', 'J', 14),
(106, 344, '40204', 'ORKA', '0.00', '0.00', 'J', 14),
(107, 302, '40211', 'SHAREPOINT_WVG (SharePoint sites WVG)', '1.00', '0.00', 'J', 14),
(108, 266, '40212', 'GOS', '0.00', '0.00', 'J', 14),
(109, 365, '40213', 'CIB (CENTRAAL IDENTIFICATIEBESTAND)', '0.00', '0.00', 'J', 14),
(110, 188, '40214', 'TEAM_CJSM (SharePoint CJSM-VRM)', '1.02', '1.15', 'J', 14),
(111, 276, '40217', 'CJSM MIS', '0.00', '0.00', 'N', 14),
(112, 291, '50001', 'MIA', '0.00', '0.00', 'J', 14),
(113, 241, '50024', 'WSE_DOCBASE', '0.00', '0.00', 'J', 14),
(114, 376, '50041', 'GROEIPREMIES VIA CALL', '0.00', '0.00', 'J', 14),
(115, 101, '50051', 'ABATTOIR', '0.00', '0.00', 'N', 14),
(116, 385, '50052', 'VMS', '0.00', '0.00', 'N', 14),
(117, 371, '50059', 'ECOLOGIEPREMIES', '0.00', '0.00', 'J', 14),
(118, 278, '50208', 'DBS-ABB', '0.00', '0.00', 'J', 14),
(119, 16, '50210', 'EPB FRONT OFFICE (Energieprestatiedatabank)', '0.00', '0.00', 'J', 14),
(120, 263, '50211', 'INKOM MIDDLEWARE', '0.00', '0.00', 'J', 14),
(121, 67, '50213', 'KMO PORTEFEUILLE', '0.00', '0.00', 'J', 14),
(122, 114, '50214', 'ESF 2007-2013', '0.00', '0.00', 'J', 14),
(123, 165, '50217', 'EFRO', '0.00', '0.00', 'J', 14),
(124, 100, '50218', 'AEO-INKOM', '0.00', '0.00', 'J', 14),
(125, 55, '50220', 'ECOLOGIEPREMIES VIA CALL', '0.00', '0.00', 'J', 14),
(126, 85, '50228', 'TEAM_EWI (SharePoint site EWI)', '0.00', '0.00', 'J', 14),
(127, 161, '50229', 'DIGIBIB (LV_Docbase)', '0.00', '0.00', 'J', 14),
(128, 230, '50231', 'TEAM_WSE (SharePoint site WSE)', '0.00', '0.00', 'J', 14),
(129, 34, '50234', 'WS10 AWAP', '0.00', '0.00', 'J', 14),
(130, 240, '50236', 'WS10 ELECTRONISCH INSPECTIEDOSSIER', '0.00', '0.00', 'J', 14),
(131, 198, '50241', 'AO_DWH_MIS', '0.00', '0.00', 'N', 14),
(132, 343, '50243', 'SBW Prestatiestaten', '0.00', '0.00', 'J', 14),
(133, 139, '50244', 'QUOVIS 2010', '0.00', '0.00', 'J', 14),
(134, 52, '50246', 'EP-PLUS', '0.00', '0.00', 'J', 14),
(135, 300, '50249', 'RAPPORTERING TEWERKSTELLINGSPROGRAMMAS', '0.00', '0.00', 'N', 14),
(136, 118, '50251', 'eSUBSIDIELOKET   TWP', '0.00', '0.00', 'J', 14),
(137, 177, '50252', 'LMN', '0.00', '0.00', 'J', 14),
(138, 79, '50254', 'SAS DWH', '0.00', '0.00', 'N', 14),
(139, 162, '50257', 'ASA (DEP LV MUG)', '0.00', '0.00', 'J', 14),
(140, 60, '50264', 'FLUX', '0.00', '0.00', 'N', 14),
(141, 130, '50268', 'MERCURIUS CRM', '0.00', '0.00', 'J', 14),
(142, 267, '60066', 'GRONDOVERSCHOT', '0.00', '0.00', 'N', 14),
(143, 356, '60075', 'VLIMPERS', '0.00', '0.00', 'J', 14),
(144, 338, '60138', 'MARGO - MONITORING AIRPORT REGIONAL GENERAL ORGANIZATION', '0.00', '0.00', 'N', 14),
(145, 68, '60200', 'KIM_DOCBASE', '0.00', '0.00', 'J', 14),
(146, 54, '60211', 'EROOM_MOW', '0.00', '0.00', 'J', 14),
(147, 58, '60222', 'GEO_DOCBASE', '0.00', '0.00', 'J', 14),
(148, 9, '60223', 'CENTAURUS', '0.00', '0.00', 'J', 14),
(149, 149, '60224', 'WINTERDIENST EXPLOITATIE', '0.00', '0.00', 'J', 14),
(150, 346, '60229', 'TEAM_LV (Sharepoint LV)', '0.33', '0.33', 'J', 14),
(151, 347, '60230', 'TEAM_RWO (SharePoint site RWO)', '1.32', '0.00', 'J', 14),
(152, 167, '60231', 'EPB BACK OFFICE', '0.00', '0.00', 'N', 14),
(153, 24, '60232', 'Sharepoint Team site LNE ANB', '1.97', '0.67', 'J', 14),
(154, 104, '60233', 'ATO_DOCBASE', '0.00', '0.00', 'J', 14),
(155, 113, '60234', 'EPC WEBSERVICE NOTARISSEN', '0.00', '0.00', 'N', 14),
(156, 25, '60239', 'SPW', '0.17', '0.00', 'J', 14),
(157, 119, '60240', 'FAST', '0.00', '0.00', 'J', 14),
(158, 17, '60241', 'MOWDWH', '0.00', '0.00', 'J', 14),
(159, 15, '60242', 'EDELTA', '0.00', '0.00', 'J', 14),
(160, 290, '60243', 'LIMS-WL', '0.00', '0.00', 'N', 14),
(161, 322, '60244', 'DENK', '0.00', '0.00', 'J', 14),
(162, 53, '60245', 'EPC BACK OFFICE', '0.00', '0.00', 'N', 14),
(163, 242, '60246', 'WISKI', '0.00', '0.00', 'J', 14),
(164, 116, '60247', 'EPM', '0.00', '0.00', 'J', 14),
(165, 342, '60248', 'RWO APEX', '0.00', '0.00', 'J', 14),
(166, 235, '60249', 'WEGENDATABANK', '0.00', '0.00', 'J', 14),
(167, 274, '60250', 'BATHYMETRISCH GRID', '0.00', '0.00', 'N', 14),
(168, 296, '60251', 'MADAME', '0.00', '0.00', 'J', 14),
(169, 140, '60252', 'POSTREGISTRATIE', '0.00', '0.00', 'J', 14),
(170, 213, '60253', 'LEGAL SUITE', '0.83', '0.00', 'J', 14),
(171, 337, '60254', 'MAGPLUS', '0.00', '0.00', 'J', 14),
(172, 289, '60256', 'IRG', '0.00', '0.00', 'J', 14),
(173, 324, '60257', 'GEOPORTAAL MOBILITEIT (GEOMOB)', '0.00', '0.00', 'J', 14),
(174, 294, '60261', 'MOW APEX', '0.00', '0.00', 'J', 14),
(175, 83, '60262', 'SHAREPOINT WATLAB', '0.00', '0.33', 'J', 14),
(176, 81, '60263', 'SHAREPOINT VEA TEAM SITE', '0.00', '0.00', 'J', 14),
(177, 306, '60264', 'WEBSITES WATLAB', '0.00', '0.00', 'J', 14),
(178, 129, '60267', 'MISTER', '0.00', '0.00', 'J', 14),
(179, 132, '60268', 'MATADOR', '0.00', '0.00', 'J', 14),
(180, 80, '60270', 'PLANGEO', '0.00', '0.00', 'N', 14),
(181, 6, '60271', 'BEHEER MARITIEME WERKEN', '0.30', '0.00', 'J', 14),
(182, 94, '60275', 'VERKEERSBORDENDATABANK (VKB)', '0.00', '0.00', 'N', 14),
(183, 285, '60276', 'GEOLOKET ONGEVALLEN', '0.00', '0.00', 'N', 14),
(184, 48, '70202', 'CJSM_DOCBASE', '0.00', '0.00', 'J', 14),
(185, 193, '81001', 'VOPS', '0.00', '0.00', 'J', 14),
(186, 46, '81005', 'ARIBA', '0.00', '0.00', 'N', 14),
(187, 279, '81007', 'DDC-DMS', '0.00', '0.00', 'J', 14),
(188, 12, '81008', 'DDC-DWH', '0.00', '0.00', 'J', 14),
(189, 111, '81013', 'EIB_DOCBASE', '0.00', '0.00', 'J', 14),
(190, 254, '81018', 'CMDB2', '0.00', '0.00', 'J', 14),
(191, 305, '81020', 'WEBIDM2', '0.00', '0.00', 'J', 14),
(192, 286, '81024', 'IPDC PRODUCTENCATALOGUS', '0.00', '0.00', 'J', 14),
(193, 263, '50211', 'INKOM MIDDLEWARE', '0.52', '0.00', 'J', 33),
(194, 331, '10028', 'IV (PORTAALSITE FLANDERS)', '0.17', '0.00', 'J', 33),
(195, 185, '10225', 'PUBLIEK_DAR (Sharepoint Publieke site DAR SVR)', '0.15', '0.97', 'J', 33),
(196, 56, '00011', 'EPD', '0.00', '0.00', 'J', 33),
(197, 61, '00020', 'LEERLINGTELLING', '0.00', '0.00', 'J', 33),
(198, 298, '00022', 'OMKADERING', '0.00', '0.00', 'J', 33),
(199, 74, '00023', 'ONTSLUITING INST LL', '0.00', '0.00', 'J', 33),
(200, 192, '00034', 'TOELAGEN', '0.00', '0.00', 'J', 33),
(201, 31, '00036', 'WEDDENSYSTEEM', '0.00', '0.00', 'J', 33),
(202, 170, '00111', 'INA', '0.00', '0.00', 'N', 33),
(203, 135, '00112', 'NADIA', '0.00', '0.00', 'J', 33),
(204, 21, '00120', 'PROMOTE', '0.00', '0.00', 'N', 33),
(205, 317, '00125', 'ARCHIBUS', '0.00', '0.00', 'J', 33),
(206, 303, '00132', 'VDVU - ELVIRE', '0.00', '0.00', 'N', 33),
(207, 268, '00147', 'MOBGIS', '0.00', '0.00', 'N', 33),
(208, 69, '00162', 'JURIS', '0.00', '0.00', 'N', 33),
(209, 153, '00219', 'BREDERO', '0.00', '0.00', 'J', 33),
(210, 63, '00231', 'HOLV', '0.00', '0.00', 'N', 33),
(211, 515, '00244', 'BEHEER VERBINTEN', '0.00', '0.00', 'N', 33),
(212, 182, '00255', 'SCHADE WEGEN', '0.00', '0.00', 'N', 33),
(213, 362, '00257', 'ANALINDA', '0.00', '0.00', 'N', 33),
(214, 369, '00264', 'DELTA', '0.00', '0.00', 'N', 33),
(215, 265, '00286', 'HISTORIA', '0.00', '0.00', 'J', 33),
(216, 13, '00314', 'DB PATRIMONIUM', '0.00', '0.00', 'N', 33),
(217, 121, '00325', 'IBIS', '0.00', '0.00', 'J', 33),
(218, 124, '00327', 'HYDRA', '0.00', '0.00', 'N', 33),
(219, 517, '00333', 'GEOSYS', '0.00', '0.00', 'N', 33),
(220, 107, '00344', 'BRYGGJA', '0.00', '0.00', 'J', 33),
(221, 319, '00351', 'DOV', '0.00', '0.00', 'J', 33),
(222, 292, '00369', 'MERCATOR', '0.00', '0.00', 'J', 33),
(223, 328, '00390', 'GKB', '0.00', '0.00', 'N', 33),
(224, 157, '00394', 'DATA WAREHOUSE MIS', '0.00', '0.00', 'N', 33),
(225, 351, '00586', 'TVO TRUGVORD.OND', '0.00', '0.00', 'N', 33),
(226, 138, '00969', 'RWO GIS', '0.00', '0.00', 'J', 33),
(227, 96, '01133', 'VERGUNNINGENREGISTER', '0.00', '0.00', 'J', 33),
(228, 137, '10003.2', 'NIEUWSBERICHTEN', '0.00', '0.00', 'J', 33),
(229, 304, '10007', 'VLAAMSE CODEX', '0.00', '0.00', 'J', 33),
(230, 148, '10011', 'VLIOM-MANDATENDB', '0.00', '0.00', 'J', 33),
(231, 232, '10012', 'TAALADVIES', '0.00', '0.00', 'J', 33),
(232, 260, '10013', 'GEDV GRONDW HOF', '0.00', '0.00', 'J', 33),
(233, 42, '10014', 'BIBIS', '0.00', '0.00', 'J', 33),
(234, 146, '10024', 'TELEFOONGIDS VL (TGV)', '0.00', '0.00', 'J', 33),
(235, 352, '10026', 'VLAAMSE INFOLIJN (PORTAAL)', '0.00', '0.00', 'J', 33),
(236, 323, '10037', 'ELEKTRONISCH BESTELLOKET VAN PUBLICATIES (EBL)', '0.00', '0.00', 'J', 33),
(237, 277, '10038', 'CMS GEN ASSETS', '0.00', '0.00', 'N', 33),
(238, 520, '10210', 'TRADOS (VERTAALSYSTEEM)', '0.00', '0.00', 'N', 33),
(239, 236, '10212', 'WAPENLICENTIES', '0.00', '0.00', 'N', 33),
(240, 379, '10214', 'OESO', '0.00', '0.00', 'J', 33),
(241, 19, '10217', 'SECRETARIE_VR_DOCBASE (DORIS2)', '0.00', '0.00', 'J', 33),
(242, 377, '10218', 'IPUBLISH', '0.00', '0.00', 'J', 33),
(243, 301, '10219', 'SECRETARIE_VR_SCANNING', '0.00', '0.00', 'N', 33),
(244, 288, '10220', 'IPUBLISH INT', '0.00', '0.00', 'J', 33),
(245, 345, '10223', 'TEAM_BZ', '0.00', '0.00', 'J', 33),
(246, 183, '10224', 'TEAM_DAR (SharePoint site DAR)', '0.00', '0.00', 'J', 33),
(247, 23, '10226', 'TEAM_IV (SharePoint Team site IV)', '0.00', '0.00', 'J', 33),
(248, 178, '10227', 'MAESTRO', '0.00', '0.00', 'N', 33),
(249, 249, '10228', 'BZDWH', '0.00', '0.00', 'J', 33),
(250, 252, '10229', 'DAR_DOCBASE', '0.00', '0.00', 'J', 33),
(251, 89, '10230', 'STR8 (Siebel)', '0.00', '0.00', 'J', 33),
(252, 90, '10232', 'TELEFOONGIDS VLAAMSE OVERHEID (TGV2)', '0.00', '0.00', 'J', 33),
(253, 233, '10233', 'TOEGANKELIJK VLAANDEREN', '0.00', '0.00', 'J', 33),
(254, 97, '10234', 'VLIS', '0.00', '0.15', 'J', 33),
(255, 47, '10237', 'BTO BOOKINGS', '0.00', '0.00', 'N', 33),
(256, 71, '10238', 'MAGAZIJNBEHEER TOERISME VLAANDEREN', '0.00', '0.00', 'N', 33),
(257, 66, '10241', 'GIDSEN TOERISME VLAANDEREN', '0.00', '0.00', 'N', 33),
(258, 91, '10242', 'TEWERKSTELLING TOERISME VLAANDEREN', '0.00', '0.00', 'N', 33),
(259, 30, '10244', 'VLAAMSE INFOLIJN DWH', '0.00', '0.00', 'J', 33),
(260, 287, '10246', 'INFOLIJN DEPARTEMENTELE SITE', '0.00', '0.00', 'J', 33),
(261, 262, '10247', 'INFOLIJN TELETOLK', '0.00', '0.00', 'J', 33),
(262, 179, '20008', 'ORAFIN', '0.00', '0.32', 'J', 33),
(263, 125, '20041', 'GISD', '0.00', '0.00', 'J', 33),
(264, 112, '20042', 'DWH APS', '0.00', '0.00', 'N', 33),
(265, 316, '20044', 'APS WEBSITE', '0.00', '0.00', 'J', 33),
(266, 521, '20049', 'VFP', '0.00', '0.00', 'N', 33),
(267, 238, '20051', 'VLIMPERS/FLAMINGO', '0.00', '0.00', 'J', 33),
(268, 26, '20057', 'VIP MAGDA', '0.00', '0.00', 'N', 33),
(269, 62, '20060', 'INTERFLEX', '0.00', '0.00', 'J', 33),
(270, 336, '20061', 'MANDATENBEHEER', '0.00', '0.00', 'J', 33),
(271, 207, '20067', 'FCH', '0.00', '0.00', 'N', 33),
(272, 206, '20073', 'FB_DOCBASE', '0.00', '0.00', 'J', 33),
(273, 106, '20075', 'BZ_DOCBASE', '0.00', '0.00', 'J', 33),
(274, 256, '20077', 'DTP (Digitaal Teken Platform)', '0.00', '0.00', 'N', 33),
(275, 218, '20083', 'KBI', '0.00', '0.00', 'N', 33),
(276, 315, '20084', 'BBC-DR', '0.00', '0.00', 'N', 33),
(277, 154, '20089', 'BEGROTINGSHANDBOEK', '0.00', '0.00', 'J', 33),
(278, 307, '30067', 'WEBEDISON', '0.00', '0.00', 'J', 33),
(279, 145, '30068', 'STUDIETOELAGEN BO', '0.00', '0.00', 'J', 33),
(280, 134, '30200', 'ONDERWIJS_DOCBASE', '0.00', '0.00', 'J', 33),
(281, 108, '30201', 'DIGITAAL AANVRAAG FORMULIER (DAF)', '0.00', '0.00', 'J', 33),
(282, 231, '30207', 'STUDIETOELAGEN_SCANNING', '0.00', '0.00', 'N', 33),
(283, 164, '30208', 'DHO', '0.00', '0.00', 'J', 33),
(284, 367, '30209', 'CREON', '0.00', '0.00', 'J', 33),
(285, 187, '30210', 'TEAM_OV (SharePoint Team site OV)', '0.00', '0.00', 'J', 33),
(286, 110, '30213', 'DHO STUDENTENPORTAAL', '0.00', '0.00', 'J', 33),
(287, 11, '30218', 'DATAWAREHOUSE ONDERWIJS & VORMING', '0.00', '0.00', 'J', 33),
(288, 147, '30219', 'V-EPD_DOCBASE', '0.00', '0.00', 'J', 33),
(289, 309, '30221', 'WWJW', '0.00', '0.00', 'N', 33),
(290, 70, '30224', 'JIRA OV', '0.00', '0.00', 'J', 33),
(291, 354, '30226', 'SCM SUBVERSION', '0.00', '0.00', 'J', 33),
(292, 361, '30227', 'ADOBE LIFECYCLE PRIL', '0.00', '0.00', 'J', 33),
(293, 282, '30228', 'DHO REKENMOTOR', '0.00', '0.00', 'J', 33),
(294, 332, '30230', 'LEER EN ERVARINGSDATABANK (LED)', '0.00', '0.00', 'J', 33),
(295, 255, '30231', 'DAVINCI', '0.00', '0.00', 'J', 33),
(296, 280, '30232', 'DISCIMUS', '0.00', '0.00', 'J', 33),
(297, 8, '30233', 'CERTIFICATEN AANVRAAG TOEPASSING O&V (CAT)', '0.00', '0.00', 'J', 33),
(298, 73, '30234', 'ONDERWIJSPORTAAL', '0.00', '0.00', 'N', 33),
(299, 160, '30246', 'DIGIS', '0.00', '0.00', 'N', 33),
(300, 14, '40008', 'DOMINO', '0.00', '0.00', 'J', 33),
(301, 344, '40204', 'ORKA', '0.00', '0.00', 'J', 33),
(302, 86, '40211', 'SHAREPOINT_WVG (SharePoint sites WVG)', '0.00', '0.00', 'J', 33),
(303, 266, '40212', 'GOS', '0.00', '0.00', 'J', 33),
(304, 365, '40213', 'CIB (CENTRAAL IDENTIFICATIEBESTAND)', '0.00', '0.00', 'J', 33),
(305, 188, '40214', 'TEAM_CJSM (SharePoint CJSM-VRM)', '0.00', '0.00', 'J', 33),
(306, 276, '40217', 'CJSM MIS', '0.00', '0.00', 'N', 33),
(307, 239, '40219', 'ZG RAPPORTERINGSOMGEVING', '0.00', '0.00', 'N', 33),
(308, 329, '40234', 'GSA_CJSM (GOOGLE SEARCH)', '0.00', '0.00', 'N', 33),
(309, 291, '50001', 'MIA', '0.00', '0.00', 'J', 33),
(310, 241, '50024', 'WSE_DOCBASE', '0.00', '0.00', 'J', 33),
(311, 376, '50041', 'GROEIPREMIES VIA CALL', '0.00', '0.00', 'J', 33),
(312, 101, '50051', 'ABATTOIR', '0.00', '0.00', 'N', 33),
(313, 385, '50052', 'VMS', '0.00', '0.00', 'N', 33),
(314, 371, '50059', 'ECOLOGIEPREMIES', '0.00', '0.00', 'J', 33),
(315, 278, '50208', 'DBS-ABB', '0.00', '0.00', 'J', 33),
(316, 16, '50210', 'EPB FRONT OFFICE (Energieprestatiedatabank)', '0.00', '0.00', 'J', 33),
(317, 67, '50213', 'KMO PORTEFEUILLE', '0.00', '0.00', 'J', 33),
(318, 114, '50214', 'ESF 2007-2013', '0.00', '0.00', 'J', 33),
(319, 165, '50217', 'EFRO', '0.00', '0.00', 'J', 33),
(320, 100, '50218', 'AEO-INKOM', '0.00', '0.00', 'J', 33),
(321, 55, '50220', 'ECOLOGIEPREMIES VIA CALL', '0.00', '0.00', 'J', 33),
(322, 85, '50228', 'TEAM_EWI (SharePoint site EWI)', '0.00', '0.00', 'J', 33),
(323, 161, '50229', 'DIGIBIB (LV_Docbase)', '0.00', '0.00', 'J', 33),
(324, 230, '50231', 'TEAM_WSE (SharePoint site WSE)', '0.00', '0.00', 'J', 33),
(325, 34, '50234', 'WS10 AWAP', '0.00', '0.00', 'J', 33),
(326, 240, '50236', 'WS10 ELECTRONISCH INSPECTIEDOSSIER', '0.00', '0.00', 'J', 33),
(327, 198, '50241', 'AO_DWH_MIS', '0.00', '0.00', 'N', 33),
(328, 343, '50243', 'SBW Prestatiestaten', '0.00', '0.00', 'J', 33),
(329, 139, '50244', 'QUOVIS 2010', '0.00', '0.00', 'J', 33),
(330, 52, '50246', 'EP-PLUS', '0.00', '0.00', 'J', 33),
(331, 300, '50249', 'RAPPORTERING TEWERKSTELLINGSPROGRAMMAS', '0.00', '0.00', 'N', 33),
(332, 118, '50251', 'eSUBSIDIELOKET   TWP', '0.00', '0.00', 'J', 33),
(333, 177, '50252', 'LMN', '0.00', '0.00', 'J', 33),
(334, 79, '50254', 'SAS DWH', '0.00', '0.00', 'N', 33),
(335, 162, '50257', 'ASA (DEP LV MUG)', '0.00', '0.00', 'J', 33),
(336, 60, '50264', 'FLUX', '0.00', '0.00', 'N', 33),
(337, 130, '50268', 'MERCURIUS CRM', '0.00', '0.00', 'J', 33),
(338, 267, '60066', 'GRONDOVERSCHOT', '0.00', '0.00', 'N', 33),
(339, 356, '60075', 'VLIMPERS', '0.00', '0.00', 'J', 33),
(340, 338, '60138', 'MARGO - MONITORING AIRPORT REGIONAL GENERAL ORGANIZATION', '0.00', '0.00', 'N', 33),
(341, 68, '60200', 'KIM_DOCBASE', '0.00', '0.00', 'J', 33),
(342, 54, '60211', 'EROOM_MOW', '0.00', '0.00', 'J', 33),
(343, 58, '60222', 'GEO_DOCBASE', '0.00', '0.00', 'J', 33),
(344, 9, '60223', 'CENTAURUS', '0.00', '0.00', 'J', 33),
(345, 149, '60224', 'WINTERDIENST EXPLOITATIE', '0.00', '0.00', 'J', 33),
(346, 346, '60229', 'TEAM_LV (Sharepoint LV)', '0.00', '0.00', 'J', 33),
(347, 347, '60230', 'TEAM_RWO (SharePoint site RWO)', '0.00', '0.00', 'J', 33),
(348, 167, '60231', 'EPB BACK OFFICE', '0.00', '0.00', 'N', 33),
(349, 24, '60232', 'Sharepoint Team site LNE ANB', '0.00', '0.15', 'J', 33),
(350, 104, '60233', 'ATO_DOCBASE', '0.00', '0.00', 'J', 33),
(351, 113, '60234', 'EPC WEBSERVICE NOTARISSEN', '0.00', '0.00', 'N', 33),
(352, 25, '60239', 'SPW', '0.00', '0.00', 'J', 33),
(353, 119, '60240', 'FAST', '0.00', '0.00', 'J', 33),
(354, 17, '60241', 'MOWDWH', '0.00', '0.00', 'J', 33),
(355, 15, '60242', 'EDELTA', '0.00', '0.00', 'J', 33),
(356, 290, '60243', 'LIMS-WL', '0.00', '0.00', 'N', 33),
(357, 322, '60244', 'DENK', '0.00', '0.00', 'J', 33),
(358, 53, '60245', 'EPC BACK OFFICE', '0.00', '0.00', 'N', 33),
(359, 242, '60246', 'WISKI', '0.00', '0.00', 'J', 33),
(360, 116, '60247', 'EPM', '0.00', '0.00', 'J', 33),
(361, 342, '60248', 'RWO APEX', '0.00', '0.00', 'J', 33),
(362, 235, '60249', 'WEGENDATABANK', '0.00', '0.00', 'J', 33),
(363, 274, '60250', 'BATHYMETRISCH GRID', '0.00', '0.00', 'N', 33),
(364, 296, '60251', 'MADAME', '0.00', '0.00', 'J', 33),
(365, 140, '60252', 'POSTREGISTRATIE', '0.00', '0.00', 'J', 33),
(366, 213, '60253', 'LEGAL SUITE', '0.00', '0.00', 'J', 33),
(367, 337, '60254', 'MAGPLUS', '0.00', '0.00', 'J', 33),
(368, 289, '60256', 'IRG', '0.00', '0.00', 'J', 33),
(369, 324, '60257', 'GEOPORTAAL MOBILITEIT (GEOMOB)', '0.00', '0.00', 'J', 33),
(370, 294, '60261', 'MOW APEX', '0.00', '0.00', 'J', 33),
(371, 83, '60262', 'SHAREPOINT WATLAB', '0.00', '0.00', 'J', 33),
(372, 81, '60263', 'SHAREPOINT VEA TEAM SITE', '0.00', '0.00', 'J', 33),
(373, 306, '60264', 'WEBSITES WATLAB', '0.00', '0.00', 'N', 33),
(374, 129, '60267', 'MISTER', '0.00', '0.00', 'J', 33),
(375, 132, '60268', 'MATADOR', '0.00', '0.00', 'J', 33),
(376, 80, '60270', 'PLANGEO', '0.00', '0.00', 'N', 33),
(377, 6, '60271', 'BEHEER MARITIEME WERKEN', '0.00', '0.00', 'J', 33),
(378, 94, '60275', 'VERKEERSBORDENDATABANK (VKB)', '0.00', '0.00', 'N', 33),
(379, 285, '60276', 'GEOLOKET ONGEVALLEN', '0.00', '0.00', 'J', 33),
(380, 48, '70202', 'CJSM_DOCBASE', '0.00', '0.00', 'J', 33),
(381, 193, '81001', 'VOPS', '0.00', '0.00', 'J', 33),
(382, 46, '81005', 'ARIBA', '0.00', '0.00', 'N', 33),
(383, 279, '81007', 'DDC-DMS', '0.00', '0.00', 'J', 33),
(384, 12, '81008', 'DDC-DWH', '0.00', '0.00', 'J', 33),
(385, 111, '81013', 'EIB_DOCBASE', '0.00', '0.00', 'J', 33),
(386, 254, '81018', 'CMDB2', '0.00', '0.00', 'J', 33),
(387, 305, '81020', 'WEBIDM2', '0.00', '0.00', 'J', 33),
(388, 286, '81024', 'IPDC PRODUCTENCATALOGUS', '0.00', '0.00', 'J', 33);

-- --------------------------------------------------------

--
-- Table structure for table `fmo_sitescope`
--

CREATE TABLE IF NOT EXISTS `fmo_sitescope` (
  `ID` int(11) DEFAULT NULL,
  `name` varchar(255) DEFAULT NULL,
  `status` varchar(255) DEFAULT NULL,
  `type` varchar(255) DEFAULT NULL,
  `target` varchar(255) DEFAULT NULL,
  `summary` varchar(255) DEFAULT NULL,
  `result` varchar(255) DEFAULT NULL,
  `url_id` int(11) DEFAULT NULL,
  `appl_id` int(11) DEFAULT NULL COMMENT 'Link to Application ID',
  `source_id` int(11) DEFAULT NULL COMMENT 'Link to the source of the information',
  KEY `url_id` (`url_id`),
  KEY `source_id` (`source_id`),
  KEY `appl_id` (`appl_id`)
) ENGINE=InnoDB DEFAULT CHARSET=utf8;

--
-- Dumping data for table `fmo_sitescope`
--

INSERT INTO `fmo_sitescope` (`ID`, `name`, `status`, `type`, `target`, `summary`, `result`, `url_id`, `appl_id`, `source_id`) VALUES
(1, 'http://apps.awv.vonet.be/historia/servlet/Historia', 'Status: Error; Monitor Availability: No Data', 'URL', 'apps.awv.vonet.be', 'timed out reading', 'Error_No_Proxy', 55, 265, 19),
(2, 'http://www.flanders.be', 'Status: Error; Monitor Availability: No Data', 'URL', 'www.flanders.be', 'server busy', 'Error_No_Proxy', 134, 331, 19),
(3, 'http://vlis.vlaanderen.be', 'Status: Error; Monitor Availability: No Data', 'URL', 'vlis.vlaanderen.be', 'timed out reading, https://vlis.vlaanderen.be/web/VO.IV.VLIS.Web/Default.aspx', 'Error_No_Proxy', 100, 97, 19),
(4, 'http://webedison.vlaanderen.be/edisonmon/checkAll.do', 'Status: Error; Monitor Availability: No Data', 'URL', 'webedison.vlaanderen.be', 'not found', 'Error_No_Proxy', 132, 307, 19),
(5, 'http://led-mon.vlaanderen.be', 'Status: Error; Monitor Availability: No Data', 'URL', 'led-mon.vlaanderen.be', 'timed out reading', 'Error_No_Proxy', 135, 332, 19),
(6, 'http://davinci-mon-etio.vlaanderen.be/davinci-mon/', 'Status: Error; Monitor Availability: No Data', 'URL', 'davinci-mon-etio.vlaanderen.be', 'not found', 'Error_No_Proxy', 124, 255, 19),
(7, 'http://domino.vlaanderen.be', 'Status: Error; Monitor Availability: No Data', 'URL', 'domino.vlaanderen.be', 'not found', 'Error_No_Proxy', 4, 14, 19),
(8, 'http://gp.vlaanderen.be/investeringssteun/overzicht.do', 'Status: Error; Monitor Availability: No Data', 'URL', 'gp.vlaanderen.be', 'server error', 'Error_No_Proxy', 83, 376, 19),
(9, 'http://ep.vlaanderen.be/ecologiesteun/overzicht.do', 'Status: Error; Monitor Availability: No Data', 'URL', 'ep.vlaanderen.be', 'server error', 'Error_No_Proxy', 143, 371, 19),
(10, 'http://op.vlaanderen.be/op/test/happy.do', 'Status: Error; Monitor Availability: No Data', 'URL', 'op.vlaanderen.be', 'not found', 'Error_No_Proxy', 94, 67, 19),
(11, 'http://inkom06.vlaanderen.be/foto/index.html', 'Status: Error; Monitor Availability: No Data', 'URL', 'inkom06.vlaanderen.be', 'server error', 'Error_No_Proxy', 19, 100, 19),
(12, 'http://epcall.vlaanderen.be/epcall/ond/overzicht.do?command=init', 'Status: Error; Monitor Availability: No Data', 'URL', 'epcall.vlaanderen.be', 'server error', 'Error_No_Proxy', 12, 55, 19),
(13, 'http://epplus.vlaanderen.be/epplus/ond/overzicht.do?command=init', 'Status: Error; Monitor Availability: No Data', 'URL', 'epplus.vlaanderen.be', 'server error', 'Error_No_Proxy', 10, 52, 19),
(14, 'http://twp.vlaanderen.be', 'Status: Error; Monitor Availability: No Data', 'URL', 'twp.vlaanderen.be', 'not found', 'Error_No_Proxy', 102, 118, 19),
(15, 'http://lmn.vonet.be', 'Status: Error; Monitor Availability: No Data', 'URL', 'lmn.vonet.be', 'timed out reading', 'Error_No_Proxy', 43, 177, 19),
(16, 'http://apps.awv.vonet.be/winterdienst/', 'Status: Error; Monitor Availability: No Data', 'URL', 'apps.awv.vonet.be', 'timed out reading', 'Error_No_Proxy', 38, 149, 19),
(17, 'http://spw.vonet.be/spw-web/logon.htm', 'Status: Error; Monitor Availability: No Data', 'URL', 'spw.vonet.be', 'timed out reading', 'Error_No_Proxy', 7, 25, 19),
(18, 'http://apps.awv.vonet.be/denk/', 'Status: Error; Monitor Availability: No Data', 'URL', 'apps.awv.vonet.be', 'timed out reading', 'Error_No_Proxy', 70, 322, 19),
(19, 'http://apps.awv.vonet.be/pno-webservice/happy.html', 'Status: Error; Monitor Availability: No Data', 'URL', 'apps.awv.vonet.be', 'timed out reading', 'Error_No_Proxy', 50, 242, 19),
(20, 'http://apps.awv.vonet.be/wegendatabank/happy.html', 'Status: Error; Monitor Availability: No Data', 'URL', 'apps.awv.vonet.be', 'timed out reading', 'Error_No_Proxy', 49, 235, 19),
(21, 'http://apps.awv.vonet.be/prx2/index.html', 'Status: Error; Monitor Availability: No Data', 'URL', 'apps.awv.vonet.be', 'timed out reading', 'Error_No_Proxy', 36, 140, 19),
(22, 'http://apps.awv.vonet.be/magplus/aanmelden', 'Status: Error; Monitor Availability: No Data', 'URL', 'apps.awv.vonet.be', 'timed out reading', 'Error_No_Proxy', 74, 337, 19),
(23, 'http://irg.vlaanderen.be', 'Status: Error; Monitor Availability: No Data', 'URL', 'irg.vlaanderen.be', 'not found', 'Error_No_Proxy', 63, 289, 19),
(24, 'http://geomob.vlaanderen.be', 'Status: Error; Monitor Availability: No Data', 'URL', 'geomob.vlaanderen.be', 'timed out reading', 'Error_No_Proxy', 72, 324, 19),
(26, 'http://geomob.vlaanderen.be/', 'Status: Error; Monitor Availability: No Data', 'URL', 'geomob.vlaanderen.be', 'timed out reading', 'Error_No_Proxy', 18, 94, 19),
(27, 'http://gebruikersbeheer.vonet.be/webIdmVOBeheer/pages/monitoring.jsf', 'Status: Error; Monitor Availability: No Data', 'URL', 'gebruikersbeheer.vonet.be', 'unable to connect to server', 'Error_No_Proxy', 130, 305, 19),
(28, 'http://bryggja.vlaanderen.be/', 'Status: Good; Monitor Availability: Data Collected', 'URL', 'bryggja.vlaanderen.be', 'Total 0 sec (DNS 0 sec, connect 0 sec, response 0 sec, download 0 sec)', 'OK_No_Proxy', 22, 107, 19),
(29, 'http://dov-intra.vonet.be/dov/DOVInternet', 'Status: Good; Monitor Availability: Data Collected', 'URL', 'dov-intra.vonet.be', 'Total 0,016 sec (DNS 0 sec, connect 0 sec, response 0,016 sec, download 0 sec)', 'OK_No_Proxy', 69, 319, 19),
(30, 'http://vliomvo.vlaanderen.be', 'Status: Good; Monitor Availability: Data Collected', 'URL', 'vliomvo.vlaanderen.be', 'Total 0 sec (DNS 0 sec, connect 0 sec, response 0 sec, download 0 sec)', 'OK_No_Proxy', 109, 148, 19),
(31, 'http://ebl.vlaanderen.be/', 'Status: Good; Monitor Availability: Data Collected', 'URL', 'ebl.vlaanderen.be', 'Total 0,032 sec (DNS 0 sec, connect 0,016 sec, response 0,016 sec, download 0 sec)', 'OK_No_Proxy', 71, 323, 19),
(32, 'http://Koepel.vonet.be', 'Status: Good; Monitor Availability: Data Collected', 'URL', 'Koepel.vonet.be', 'Total 0,062 sec (DNS 0 sec, connect 0 sec, response 0,016 sec, download 0,046 sec)', 'OK_No_Proxy', 84, 377, 19),
(33, 'http://fin.vlaanderen.be', 'Status: Good; Monitor Availability: Data Collected', 'URL', 'fin.vlaanderen.be', 'Total 0 sec (DNS 0 sec, connect 0 sec, response 0 sec, download 0 sec)', 'OK_No_Proxy', 62, 288, 19),
(34, 'http://team10.vonet.be/bz/eib', 'Status: Good; Monitor Availability: No Data', 'URL', 'team10.vonet.be', 'unauthorized', 'OK_No_Proxy', 138, 345, 19),
(35, 'http://teamdar.vonet.be', 'Status: Good; Monitor Availability: No Data', 'URL', 'teamdar.vonet.be', 'unauthorized', 'OK_No_Proxy', 112, 183, 19),
(36, 'http://team10.vonet.be/iv/div', 'Status: Good; Monitor Availability: No Data', 'URL', 'team10.vonet.be', 'unauthorized', 'OK_No_Proxy', 89, 23, 19),
(37, 'http://tgvtest.vonet.be', 'Status: Good; Monitor Availability: Data Collected', 'URL', 'tgvtest.vonet.be', 'Total 0 sec (DNS 0 sec, connect 0 sec, response 0 sec, download 0 sec)', 'OK_No_Proxy', 98, 90, 19),
(38, 'http://toevla.vlaanderen.be/publiek/nl/register/start', 'Status: Good; Monitor Availability: Data Collected', 'URL', 'toevla.vlaanderen.be', 'Total 0,313 sec (DNS 0 sec, connect 0 sec, response 0,297 sec, download 0,016 sec)', 'OK_No_Proxy', 118, 233, 19),
(39, 'http://vobip-bi.vonet.be/cognos10-login/', 'Status: Good; Monitor Availability: Data Collected', 'URL', 'vobip-bi.vonet.be', 'Total 0,015 sec (DNS 0 sec, connect 0,015 sec, response 0 sec, download 0 sec)', 'OK_No_Proxy', 86, 12, 19),
(40, 'http://www.vlaamseinfolijn.be', 'Status: Good; Monitor Availability: Data Collected', 'URL', 'www.vlaamseinfolijn.be', 'Total 0,047 sec (DNS 0 sec, connect 0 sec, response 0,047 sec, download 0 sec)', 'OK_No_Proxy', 127, 287, 19),
(41, 'http://www.teletolk.be', 'Status: Good; Monitor Availability: Data Collected', 'URL', 'www.teletolk.be', 'Total 0,031 sec (DNS 0 sec, connect 0 sec, response 0,031 sec, download 0 sec)', 'OK_No_Proxy', 125, 262, 19),
(42, 'http://mandatenbeheer.vlaanderen.be', 'Status: Good; Monitor Availability: Data Collected', 'URL', 'mandatenbeheer.vlaanderen.be', 'Total 0 sec (DNS 0 sec, connect 0 sec, response 0 sec, download 0 sec)', 'OK_No_Proxy', 73, 336, 19),
(43, 'http://stlweb.vonet.be/stl/', 'Status: Good; Monitor Availability: Data Collected', 'URL', 'stlweb.vonet.be', 'Total 0 sec (DNS 0 sec, connect 0 sec, response 0 sec, download 0 sec)', 'OK_No_Proxy', 37, 145, 19),
(44, 'http://daf.vlaanderen.be/daf/public/logon.do', 'Status: Good; Monitor Availability: Data Collected', 'URL', 'daf.vlaanderen.be', 'Total 0,015 sec (DNS 0 sec, connect 0 sec, response 0,015 sec, download 0 sec)', 'OK_No_Proxy', 23, 108, 19),
(45, 'http://team10.vonet.be/ov/onderwijsenvorming', 'Status: Good; Monitor Availability: No Data', 'URL', 'team10.vonet.be', 'unauthorized', 'OK_No_Proxy', 114, 187, 19),
(46, 'http://studentenportaal.vlaanderen.be/dho-portaal/start.do', 'Status: Good; Monitor Availability: Data Collected', 'URL', 'studentenportaal.vlaanderen.be', 'Total 0,015 sec (DNS 0 sec, connect 0 sec, response 0,015 sec, download 0 sec)', 'OK_No_Proxy', 101, 110, 19),
(47, 'http://teamwvg.vonet.be', 'Status: Good; Monitor Availability: No Data', 'URL', 'teamwvg.vonet.be', 'unauthorized', 'OK_No_Proxy', 129, 302, 19),
(48, 'http://gos.vlaanderen.be', 'Status: Good; Monitor Availability: Data Collected', 'URL', 'gos.vlaanderen.be', 'Total 0,015 sec (DNS 0 sec, connect 0 sec, response 0,015 sec, download 0 sec)', 'OK_No_Proxy', 56, 266, 19),
(49, 'http://team10.vonet.be/sites/cjsm', 'Status: Good; Monitor Availability: No Data', 'URL', 'team10.vonet.be', 'unauthorized', 'OK_No_Proxy', 115, 188, 19),
(50, 'http://www.energieprestatiedatabank.be', 'Status: Good; Monitor Availability: Data Collected', 'URL', 'www.energieprestatiedatabank.be', 'Total 0 sec (DNS 0 sec, connect 0 sec, response 0 sec, download 0 sec)', 'OK_No_Proxy', 87, 16, 19),
(51, 'http://esf.vlaanderen.be', 'Status: Good; Monitor Availability: Data Collected', 'URL', 'esf.vlaanderen.be', 'Total 0,016 sec (DNS 0 sec, connect 0 sec, response 0,016 sec, download 0 sec)', 'OK_No_Proxy', 25, 114, 19),
(52, 'http://efro2007-2013.vlaanderen.be/efro/index.jsp', 'Status: Good; Monitor Availability: Data Collected', 'URL', 'efro2007-2013.vlaanderen.be', 'Total 0,031 sec (DNS 0 sec, connect 0 sec, response 0,031 sec, download 0 sec)', 'OK_No_Proxy', 42, 165, 19),
(53, 'http://team10.vonet.be/sites/dewi', 'Status: Good; Monitor Availability: No Data', 'URL', 'team10.vonet.be', 'unauthorized', 'OK_No_Proxy', 97, 85, 19),
(54, 'http://team10.vonet.be/sites/WSEdepartement', 'Status: Good; Monitor Availability: No Data', 'URL', 'team10.vonet.be', 'unauthorized', 'OK_No_Proxy', 117, 230, 19),
(55, 'http://sbw.vlaanderen.be', 'Status: Good; Monitor Availability: Data Collected', 'URL', 'sbw.vlaanderen.be', 'Total 0,016 sec (DNS 0 sec, connect 0 sec, response 0 sec, download 0,016 sec)', 'OK_No_Proxy', 77, 343, 19),
(56, 'http://vlimpers-hr.vonet.be/psp/HRPROD/EMPLOYEE/HRMS/?cmd=login', 'Status: Good; Monitor Availability: Data Collected', 'URL', 'vlimpers-hr.vonet.be', 'Total 0,032 sec (DNS 0 sec, connect 0,016 sec, response 0,016 sec, download 0 sec)', 'OK_No_Proxy', 141, 356, 19),
(57, 'http://eroom-mow.vlaanderen.be', 'Status: Good; Monitor Availability: Data Collected', 'URL', 'eroom-mow.vlaanderen.be', 'Total 0 sec (DNS 0 sec, connect 0 sec, response 0 sec, download 0 sec)', 'OK_No_Proxy', 11, 54, 19),
(58, 'http://centaurus.vlaanderen.be/', 'Status: Good; Monitor Availability: Data Collected', 'URL', 'centaurus.vlaanderen.be', 'Total 0 sec (DNS 0 sec, connect 0 sec, response 0 sec, download 0 sec)', 'OK_No_Proxy', 3, 9, 19),
(59, 'http://team10.vonet.be/sites/mow', 'Status: Good; Monitor Availability: No Data', 'URL', 'team10.vonet.be', 'unauthorized', 'OK_No_Proxy', 106, 144, 19),
(60, 'http://team10.vonet.be/sites/lv', 'Status: Good; Monitor Availability: No Data', 'URL', 'team10.vonet.be', 'unauthorized', 'OK_No_Proxy', 139, 346, 19),
(61, 'http://teamrwo.vonet.be', 'Status: Good; Monitor Availability: No Data', 'URL', 'teamrwo.vonet.be', 'unauthorized', 'OK_No_Proxy', 79, 347, 19),
(62, 'http://teamlne.vonet.be', 'Status: Good; Monitor Availability: No Data', 'URL', 'teamlne.vonet.be', 'unauthorized', 'OK_No_Proxy', 90, 24, 19),
(63, 'http://edelta.vlaanderen.be/edelta/', 'Status: Good; Monitor Availability: Data Collected', 'URL', 'edelta.vlaanderen.be', 'Total 0,141 sec (DNS 0 sec, connect 0 sec, response 0,141 sec, download 0 sec)', 'OK_No_Proxy', 5, 15, 19),
(64, 'http://team10.vonet.be/sites/vea', 'Status: Good; Monitor Availability: No Data', 'URL', 'team10.vonet.be', 'unauthorized', 'OK_No_Proxy', 95, 81, 19),
(65, 'http://www.watlab.be/documentation', 'Status: Good; Monitor Availability: Data Collected', 'URL', 'www.watlab.be', 'Total 0,219 sec (DNS 0 sec, connect 0 sec, response 0,219 sec, download 0 sec)', 'OK_No_Proxy', 131, 306, 19),
(66, 'http://vops.vonet.be/', 'Status: Good; Monitor Availability: Data Collected', 'URL', 'vops.vonet.be', 'Total 0,031 sec (DNS 0 sec, connect 0 sec, response 0,031 sec, download 0 sec)', 'OK_No_Proxy', 116, 193, 19),
(68, 'http://cmdb2.vonet.be', 'Status: Good; Monitor Availability: Data Collected', 'URL', 'cmdb2.vonet.be', 'Total 0 sec (DNS 0 sec, connect 0 sec, response 0 sec, download 0 sec)', 'OK_No_Proxy', 52, 254, 19),
(69, 'http://productencatalogus.vlaanderen.be', 'Status: Good; Monitor Availability: Data Collected', 'URL', 'productencatalogus.vlaanderen.be', 'Total 0,015 sec (DNS 0 sec, connect 0 sec, response 0,015 sec, download 0 sec)', 'OK_No_Proxy', 61, 286, 19),
(70, 'www.facilipunt.be', 'Status: Error; Monitor Availability: No Data', 'URL', 'www.facilipunt.be', 'timed out reading', 'Error_Forward_Proxy', 133, 317, 19),
(71, 'vom.eu.hpbpaas.com', 'Status: Error; Monitor Availability: No Data', 'URL', 'vom.eu.hpbpaas.com', 'timed out reading', 'Error_Forward_Proxy', 123, 253, 19),
(72, 'nadia-burger.vlaanderen.be_nadia', 'Status: Error; Monitor Availability: No Data', 'URL', 'nadia-burger.vlaanderen.be', 'timed out reading', 'Error_No_Proxy_2', 33, 135, 19),
(73, 'www.vlaanderen.be_nieuwsberichten', 'Status: Error; Monitor Availability: No Data', 'URL', 'www.vlaanderen.be', 'timed out reading', 'Error_No_Proxy_2', 104, 137, 19),
(74, 'databanktaaladvies.vlaanderen.be_taaladvies_login.jsp', 'Status: Error; Monitor Availability: No Data', 'URL', 'databanktaaladvies.vlaanderen.be', 'not found', 'Error_No_Proxy_2', 48, 232, 19),
(75, 'www.vlaanderen.be', 'Status: Error; Monitor Availability: No Data', 'URL', 'www.vlaanderen.be', 'timed out reading', 'Error_No_Proxy_2', NULL, NULL, 19),
(76, 'secretarie-vr-dms.vlaanderen.be', 'Status: Error; Monitor Availability: No Data', 'URL', 'secretarie-vr-dms.vlaanderen.be', 'timed out reading', 'Error_No_Proxy_2', 6, 19, 19),
(77, 'www4.vlaanderen.be_dar_svr_Pages_default.aspx', 'Status: Error; Monitor Availability: No Data', 'URL', 'www4.vlaanderen.be', 'timed out reading', 'Error_No_Proxy_2', 113, 185, 19),
(78, 'vlimpers-flamingo.vonet.be_VLHDEPRD_signon.html', 'Status: Error; Monitor Availability: No Data', 'URL', 'vlimpers-flamingo.vonet.be', 'not found', 'Error_No_Proxy_2', 119, 238, 19),
(79, 'www.ond.vlaanderen.be_studietoelagen_contact_vraagformulier.htm', 'Status: Error; Monitor Availability: No Data', 'URL', 'www.ond.vlaanderen.be', 'timed out reading, http://onderwijs.vlaanderen.be/node/2511', 'Error_No_Proxy_2', 256, 512, 19),
(80, 'uv158920-oob.vlaanderen.be_7001_console', 'Status: Error; Monitor Availability: No Data', 'URL', 'uv158920-oob.vlaanderen.be', 'timed out reading', 'Error_No_Proxy_2', 88, 17, 19),
(81, 'madame.vlaanderen.be', 'Status: Error; Monitor Availability: No Data', 'URL', 'madame.vlaanderen.be', 'server error, http://wm162456.vlaanderen.be/madame/', 'Error_No_Proxy_2', 66, 296, 19),
(82, 'apexprod.vonet.be_ddc_f', 'Status: Error; Monitor Availability: No Data', 'URL', 'apexprod.vonet.be', 'timed out reading', 'Error_No_Proxy_2', 105, 142, 19),
(83, 'drop.vlaanderen.be', 'Status: Error; Monitor Availability: No Data', 'URL', 'drop.vlaanderen.be', 'timed out reading', 'Error_No_Proxy_2', 126, 269, 19),
(84, 'bredero.vlaanderen.be_bredero2_wicket_login', 'Status: Good; Monitor Availability: Data Collected', 'URL', 'bredero.vlaanderen.be', 'Total 0,047 sec (DNS 0 sec, connect 0 sec, response 0,047 sec, download 0 sec)', 'OK_No_Proxy_2', 39, 153, 19),
(85, 'ibis.vlaanderen.Be', 'Status: Good; Monitor Availability: Data Collected', 'URL', 'ibis.vlaanderen.Be', 'Total 0,015 sec (DNS 0 sec, connect 0 sec, response 0,015 sec, download 0 sec)', 'OK_No_Proxy_2', 28, 121, 19),
(86, 'mercator2.vlaanderen.be', 'Status: Good; Monitor Availability: Data Collected', 'URL', 'mercator2.vlaanderen.be', 'Total 0 sec (DNS 0 sec, connect 0 sec, response 0 sec, download 0 sec)', 'OK_No_Proxy_2', 65, 292, 19),
(87, 'geo_ap.rwo.vlaanderen.be', 'Status: Good; Monitor Availability: Data Collected', 'URL', 'geo_ap.rwo.vlaanderen.be', 'Total 0,015 sec (DNS 0 sec, connect 0 sec, response 0 sec, download 0,015 sec)', 'OK_No_Proxy_2', NULL, NULL, 19),
(88, 'vergunningenregister.vlaanderen.be_vergunning', 'Status: Good; Monitor Availability: Data Collected', 'URL', 'vergunningenregister.vlaanderen.be', 'Total 0,016 sec (DNS 0 sec, connect 0 sec, response 0,016 sec, download 0 sec)', 'OK_No_Proxy_2', 99, 96, 19),
(89, 'codex.vlaanderen.be', 'Status: Good; Monitor Availability: No Data', 'URL', 'codex.vlaanderen.be', 'forbidden', 'OK_No_Proxy_2', 67, 304, 19),
(90, 'gedingvoering.vonet.be', 'Status: Good; Monitor Availability: Data Collected', 'URL', 'gedingvoering.vonet.be', 'Total 0,172 sec (DNS 0 sec, connect 0 sec, response 0,172 sec, download 0 sec)', 'OK_No_Proxy_2', 53, 260, 19),
(91, 'bibis-int.vlaanderen.be_opc0000_cgi_newindex.pl', 'Status: Good; Monitor Availability: Data Collected', 'URL', 'bibis-int.vlaanderen.be', 'Total 0,422 sec (DNS 0 sec, connect 0 sec, response 0,422 sec, download 0 sec)', 'OK_No_Proxy_2', 8, 42, 19),
(92, 'tgv.vlaanderen.be', 'Status: Good; Monitor Availability: Data Collected', 'URL', 'tgv.vlaanderen.be', 'Total 0 sec (DNS 0 sec, connect 0 sec, response 0 sec, download 0 sec)', 'OK_No_Proxy_2', 107, 146, 19),
(93, 'oeso.vlaanderen.be_os_logon.do', 'Status: Good; Monitor Availability: Data Collected', 'URL', 'oeso.vlaanderen.be', 'Total 0,015 sec (DNS 0 sec, connect 0 sec, response 0 sec, download 0,015 sec)', 'OK_No_Proxy_2', 85, 379, 19),
(94, 'vobippubliek.vlaanderen.be_cognos10', 'Status: Good; Monitor Availability: Data Collected', 'URL', 'vobippubliek.vlaanderen.be', 'Total 0,063 sec (DNS 0 sec, connect 0 sec, response 0 sec, download 0,063 sec)', 'OK_No_Proxy_2', 122, 249, 19),
(95, 'dar-dms.vlaanderen.be_8080', 'Status: Good; Monitor Availability: Data Collected', 'URL', 'dar-dms.vlaanderen.be', 'Total 0 sec (DNS 0 sec, connect 0 sec, response 0 sec, download 0 sec)', 'OK_No_Proxy_2', 51, 252, 19),
(96, 'siebel81.cpvi.vonet.be_epublicsector_nld', 'Status: Good; Monitor Availability: Data Collected', 'URL', 'siebel81.cpvi.vonet.be', 'Total 0,032 sec (DNS 0 sec, connect 0 sec, response 0,016 sec, download 0,016 sec)', 'OK_No_Proxy_2', 17, 89, 19),
(97, 'orafin.vlaanderen.be_8000_OA_HTML_RF.jsp', 'Status: Good; Monitor Availability: Data Collected', 'URL', 'orafin.vlaanderen.be', 'Total 0,687 sec (DNS 0 sec, connect 0 sec, response 0,687 sec, download 0 sec)', 'OK_No_Proxy_2', 44, 179, 19),
(98, 'huso.vlaanderen.be', 'Status: Good; Monitor Availability: Data Collected', 'URL', 'huso.vlaanderen.be', 'Total 0 sec (DNS 0 sec, connect 0 sec, response 0 sec, download 0 sec)', 'OK_No_Proxy_2', 29, 125, 19),
(99, 'aps.vlaanderen.be', 'Status: Good; Monitor Availability: Data Collected', 'URL', 'aps.vlaanderen.be', 'Total 0,016 sec (DNS 0 sec, connect 0 sec, response 0,016 sec, download 0 sec)', 'OK_No_Proxy_2', 68, 316, 19),
(100, 'bru000center81m.vlaanderen.be_WebClient_index.jsp', 'Status: Good; Monitor Availability: Data Collected', 'URL', 'bru000center81m.vlaanderen.be', 'Total 0 sec (DNS 0 sec, connect 0 sec, response 0 sec, download 0 sec)', 'OK_No_Proxy_2', 14, 62, 19),
(101, 'fb-dms.vlaanderen.be', 'Status: Good; Monitor Availability: Data Collected', 'URL', 'fb-dms.vlaanderen.be', 'Total 0,016 sec (DNS 0 sec, connect 0 sec, response 0,016 sec, download 0 sec)', 'OK_No_Proxy_2', 46, 206, 19),
(102, 'bz-dms.vlaanderen.be', 'Status: Good; Monitor Availability: Data Collected', 'URL', 'bz-dms.vlaanderen.be', 'Total 0,062 sec (DNS 0 sec, connect 0 sec, response 0,062 sec, download 0 sec)', 'OK_No_Proxy_2', 21, 106, 19),
(103, 'vormingbegroting.fenb.be', 'Status: Good; Monitor Availability: No Data', 'URL', 'vormingbegroting.fenb.be', 'forbidden', 'OK_No_Proxy_2', 110, 154, 19),
(104, 'wv158905.vlaanderen.be_DocRoom', 'Status: Good; Monitor Availability: No Data', 'URL', 'wv158905.vlaanderen.be', 'unauthorized', 'OK_No_Proxy_2', 93, 50, 19),
(105, 'onderwijs-dms.vlaanderen.be_8080', 'Status: Good; Monitor Availability: Data Collected', 'URL', 'onderwijs-dms.vlaanderen.be', 'Total 0 sec (DNS 0 sec, connect 0 sec, response 0 sec, download 0 sec)', 'OK_No_Proxy_2', 32, 134, 19),
(106, 'vepd-dms.vlaanderen.be', 'Status: Good; Monitor Availability: Data Collected', 'URL', 'vepd-dms.vlaanderen.be', 'Total 0,016 sec (DNS 0 sec, connect 0 sec, response 0,016 sec, download 0 sec)', 'OK_No_Proxy_2', 108, 147, 19),
(107, 'jira.ond.vlaanderen.be', 'Status: Good; Monitor Availability: Data Collected', 'URL', 'jira.ond.vlaanderen.be', 'Total 0,062 sec (DNS 0 sec, connect 0 sec, response 0,047 sec, download 0,015 sec)', 'OK_No_Proxy_2', 16, 70, 19),
(108, 'subversion-dev.ov.vlaanderen.be_svn', 'Status: Good; Monitor Availability: No Data', 'URL', 'subversion-dev.ov.vlaanderen.be', 'unauthorized, http://subversion-dev.ov.vlaanderen.be/svn/', 'OK_No_Proxy_2', 80, 354, 19),
(109, 'v158747.vlaanderen.be_8080_adminui_login.faces', 'Status: Good; Monitor Availability: Data Collected', 'URL', 'v158747.vlaanderen.be', 'Total 0 sec (DNS 0 sec, connect 0 sec, response 0 sec, download 0 sec)', 'OK_No_Proxy_2', 142, 361, 19),
(110, 'rekenmotorho.vlaanderen.be_rekenmotor_login.jsp', 'Status: Good; Monitor Availability: Data Collected', 'URL', 'rekenmotorho.vlaanderen.be', 'Total 0,485 sec (DNS 0 sec, connect 0 sec, response 0,485 sec, download 0 sec)', 'OK_No_Proxy_2', 60, 282, 19),
(111, 'discimus-app-jm.vlaanderen.be_discimus_webapp_isbeschikbaar', 'Status: Good; Monitor Availability: Data Collected', 'URL', 'discimus-app-jm.vlaanderen.be', 'Total 0,062 sec (DNS 0 sec, connect 0 sec, response 0,062 sec, download 0 sec)', 'OK_No_Proxy_2', 59, 280, 19),
(112, 'certificaten-ov.vlaanderen.be_crmt_login', 'Status: Good; Monitor Availability: Data Collected', 'URL', 'certificaten-ov.vlaanderen.be', 'Total 0,03 sec (DNS 0 sec, connect 0 sec, response 0,03 sec, download 0 sec)', 'OK_No_Proxy_2', 2, 8, 19),
(113, 'orka.vlaanderen.be', 'Status: Good; Monitor Availability: No Data', 'URL', 'orka.vlaanderen.be', 'unauthorized', 'OK_No_Proxy_2', 78, 344, 19),
(114, 'cib.vlaanderen.be', 'Status: Good; Monitor Availability: Data Collected', 'URL', 'cib.vlaanderen.be', 'Total 0 sec (DNS 0 sec, connect 0 sec, response 0 sec, download 0 sec)', 'OK_No_Proxy_2', 82, 365, 19),
(115, 'mia.vlaanderen.be', 'Status: Good; Monitor Availability: No Data', 'URL', 'mia.vlaanderen.be', 'unauthorized', 'OK_No_Proxy_2', 64, 291, 19),
(116, 'wse-dms.vlaanderen.be_8080', 'Status: Good; Monitor Availability: Data Collected', 'URL', 'wse-dms.vlaanderen.be', 'Total 0,015 sec (DNS 0 sec, connect 0 sec, response 0,015 sec, download 0 sec)', 'OK_No_Proxy_2', 121, 241, 19),
(117, 'bru000center38m.ewbl.vlaanderen.be_routing', 'Status: Good; Monitor Availability: No Data', 'URL', 'bru000center38m.ewbl.vlaanderen.be', 'unauthorized', 'OK_No_Proxy_2', 57, 278, 19),
(118, 'livelink1.vlaanderen.be_livelink_livelink', 'Status: Good; Monitor Availability: Data Collected', 'URL', 'livelink1.vlaanderen.be', 'Total 0,219 sec (DNS 0 sec, connect 0 sec, response 0,219 sec, download 0 sec)', 'OK_No_Proxy_2', 54, 263, 19),
(119, 'lv-dms.vlaanderen.be_8080_webtop', 'Status: Good; Monitor Availability: Data Collected', 'URL', 'lv-dms.vlaanderen.be', 'Total 0 sec (DNS 0 sec, connect 0 sec, response 0 sec, download 0 sec)', 'OK_No_Proxy_2', 40, 161, 19),
(120, 'wse-prod-soa.vlaanderen.be_apps_awap', 'Status: Good; Monitor Availability: Data Collected', 'URL', 'wse-prod-soa.vlaanderen.be', 'Total 0,016 sec (DNS 0 sec, connect 0 sec, response 0,016 sec, download 0 sec)', 'OK_No_Proxy_2', 92, 34, 19),
(121, 'wse-prod-soa.vlaanderen.be_apps_inspectie_faces_app_startpagina.jspx', 'Status: Good; Monitor Availability: Data Collected', 'URL', 'wse-prod-soa.vlaanderen.be', 'Total 0,016 sec (DNS 0 sec, connect 0 sec, response 0,016 sec, download 0 sec)', 'OK_No_Proxy_2', 120, 240, 19),
(122, 'quovis.vlaanderen.be', 'Status: Good; Monitor Availability: Data Collected', 'URL', 'quovis.vlaanderen.be', 'Total 0 sec (DNS 0 sec, connect 0 sec, response 0 sec, download 0 sec)', 'OK_No_Proxy_2', 35, 139, 19),
(123, 'wap000008v.vlaanderen.be_ASADataLayer_logging_DataLayer.asmx', 'Status: Good; Monitor Availability: Data Collected', 'URL', 'wap000008v.vlaanderen.be', 'Total 0,016 sec (DNS 0 sec, connect 0 sec, response 0,016 sec, download 0 sec)', 'OK_No_Proxy_2', 111, 162, 19),
(124, 'mercurius-ws.vonet.be', 'Status: Good; Monitor Availability: No Data', 'URL', 'mercurius-ws.vonet.be', 'unauthorized', 'OK_No_Proxy_2', 31, 130, 19),
(125, 'kim-dms.vlaanderen.be_8080', 'Status: Good; Monitor Availability: Data Collected', 'URL', 'kim-dms.vlaanderen.be', 'Total 0,406 sec (DNS 0 sec, connect 0 sec, response 0,406 sec, download 0 sec)', 'OK_No_Proxy_2', 15, 68, 19),
(126, 'geo-dms.vlaanderen.be_8080', 'Status: Good; Monitor Availability: Data Collected', 'URL', 'geo-dms.vlaanderen.be', 'Total 0 sec (DNS 0 sec, connect 0 sec, response 0 sec, download 0 sec)', 'OK_No_Proxy_2', 34, 138, 19),
(127, 'ato-dms.vlaanderen.be', 'Status: Good; Monitor Availability: Data Collected', 'URL', 'ato-dms.vlaanderen.be', 'Total 0,078 sec (DNS 0 sec, connect 0 sec, response 0,063 sec, download 0,015 sec)', 'OK_No_Proxy_2', 20, 104, 19),
(128, 'awv.vlaanderen.be_fast', 'Status: Good; Monitor Availability: Data Collected', 'URL', 'awv.vlaanderen.be', 'Total 0 sec (DNS 0 sec, connect 0 sec, response 0 sec, download 0 sec)', 'OK_No_Proxy_2', 27, 119, 19),
(129, 'epm.vlaanderen.be', 'Status: Good; Monitor Availability: No Data', 'URL', 'epm.vlaanderen.be', 'unauthorized', 'OK_No_Proxy_2', 26, 116, 19),
(130, 's128154.vlaanderen.be_pls_apex', 'Status: Good; Monitor Availability: Data Collected', 'URL', 's128154.vlaanderen.be', 'Total 0,189 sec (DNS 0 sec, connect 0 sec, response 0,189 sec, download 0 sec)', 'OK_No_Proxy_2', 76, 342, 19),
(131, '10.22.80.17_legalsuite_main', 'Status: Good; Monitor Availability: Data Collected', 'URL', '10.22.80.17', 'Total 0,015 sec (DNS 0 sec, connect 0 sec, response 0 sec, download 0,015 sec)', 'OK_No_Proxy_2', 47, 213, 19),
(132, 'uv158920.vlaanderen.be_pls_apex', 'Status: Good; Monitor Availability: Data Collected', 'URL', 'uv158920.vlaanderen.be', 'Total 0,298 sec (DNS 0 sec, connect 0 sec, response 0,298 sec, download 0 sec)', 'OK_No_Proxy_2', 128, 294, 19),
(133, 'wlportaal.vlaanderen.be', 'Status: Good; Monitor Availability: No Data', 'URL', 'wlportaal.vlaanderen.be', 'unauthorized', 'OK_No_Proxy_2', 96, 83, 19),
(134, 'mister.vlaanderen.be', 'Status: Good; Monitor Availability: Data Collected', 'URL', 'mister.vlaanderen.be', 'Total 0,032 sec (DNS 0 sec, connect 0,016 sec, response 0,016 sec, download 0 sec)', 'OK_No_Proxy_2', 30, 129, 19),
(135, 'wm162456.vlaanderen.be_matador', 'Status: Good; Monitor Availability: Data Collected', 'URL', 'wm162456.vlaanderen.be', 'Total 0 sec (DNS 0 sec, connect 0 sec, response 0 sec, download 0 sec)', 'OK_No_Proxy_2', 103, 132, 19),
(136, 'beheermaritiemewerken.vlaanderen.be_MT.Baggerwerken.Web_nl_Account_LogOn', 'Status: Good; Monitor Availability: Data Collected', 'URL', 'beheermaritiemewerken.vlaanderen.be', 'Total 4,703 sec (DNS 0 sec, connect 0 sec, response 4,687 sec, download 0,016 sec)', 'OK_No_Proxy_2', 1, 6, 19),
(137, 'dataroommow.vonet.be', 'Status: Good; Monitor Availability: Data Collected', 'URL', 'dataroommow.vonet.be', 'Total 0,188 sec (DNS 0 sec, connect 0,016 sec, response 0,031 sec, download 0,141 sec)', 'OK_No_Proxy_2', 75, 341, 19),
(138, 'cjsm-dms.vlaanderen.be', 'Status: Good; Monitor Availability: Data Collected', 'URL', 'cjsm-dms.vlaanderen.be', 'Total 0,015 sec (DNS 0 sec, connect 0 sec, response 0 sec, download 0,015 sec)', 'OK_No_Proxy_2', 9, 48, 19),
(139, 'ddc-dms.vlaanderen.be', 'Status: Good; Monitor Availability: Data Collected', 'URL', 'ddc-dms.vlaanderen.be', 'Total 0 sec (DNS 0 sec, connect 0 sec, response 0 sec, download 0 sec)', 'OK_No_Proxy_2', 58, 279, 19),
(140, 'wonder.vlaanderen.be', 'Status: Good; Monitor Availability: Data Collected', 'URL', 'wonder.vlaanderen.be', 'Total 0 sec (DNS 0 sec, connect 0 sec, response 0 sec, download 0 sec)', 'OK_No_Proxy_2', 144, 389, 19),
(141, 'eib-dms.vlaanderen.be_webtop', 'Status: Good; Monitor Availability: Data Collected', 'URL', 'eib-dms.vlaanderen.be', 'Total 0,016 sec (DNS 0 sec, connect 0 sec, response 0,016 sec, download 0 sec)', 'OK_No_Proxy_2', 24, 111, 19),
(142, 'wpnjira.vlaanderen.be', 'Status: Good; Monitor Availability: Data Collected', 'URL', 'wpnjira.vlaanderen.be', 'Total 0,156 sec (DNS 0 sec, connect 0 sec, response 0,141 sec, download 0,015 sec)', 'OK_No_Proxy_2', 136, 333, 19),
(143, 'bsm.vlaanderen.be_bsm', 'Status: Good; Monitor Availability: Data Collected', 'URL', 'bsm.vlaanderen.be', 'Total 0 sec (DNS 0 sec, connect 0 sec, response 0 sec, download 0 sec)', 'OK_No_Proxy_2', 45, 202, 19),
(144, 'http://apps.awv.vonet.be/denk/', 'Status: Error; Monitor Availability: No Data', 'URL', 'apps.awv.vonet.be', 'timed out reading', '', 70, 322, 20),
(145, 'http://apps.awv.vonet.be/historia/servlet/Historia', 'Status: Error; Monitor Availability: No Data', 'URL', 'apps.awv.vonet.be', 'timed out reading', '', 55, 265, 20),
(146, 'http://apps.awv.vonet.be/magplus/aanmelden', 'Status: Error; Monitor Availability: No Data', 'URL', 'apps.awv.vonet.be', 'timed out reading', '', 74, 337, 20),
(147, 'http://apps.awv.vonet.be/pno-webservice/happy.html', 'Status: Good; Monitor Availability: Data Collected', 'URL', '10.22.77.11', 'Total 0,015 sec (DNS 0 sec, connect 0 sec, response 0 sec, download 0,015 sec)', '', 50, 242, 20),
(148, 'http://apps.awv.vonet.be/prx2/index.html', 'Status: Good; Monitor Availability: Data Collected', 'URL', '10.22.77.53', 'Total 0,015 sec (DNS 0 sec, connect 0,015 sec, response 0 sec, download 0 sec)', '', 36, 140, 20),
(149, 'http://apps.awv.vonet.be/wegendatabank/happy.html', 'Status: Good; Monitor Availability: Data Collected', 'URL', '10.22.77.12', 'Total 0,016 sec (DNS 0 sec, connect 0 sec, response 0 sec, download 0,016 sec)', '', 49, 235, 20),
(150, 'http://apps.awv.vonet.be/winterdienst/', 'Status: Good; Monitor Availability: Data Collected', 'URL', '10.22.77.55', 'Total 0,016 sec (DNS 0 sec, connect 0 sec, response 0 sec, download 0,016 sec)', '', 38, 149, 20),
(151, 'http://bryggja.vlaanderen.be/', 'Status: Good; Monitor Availability: Data Collected', 'URL', 'bryggja.vlaanderen.be', 'Total 0 sec (DNS 0 sec, connect 0 sec, response 0 sec, download 0 sec)', '', 22, 107, 20),
(152, 'http://centaurus.vlaanderen.be/', 'Status: Good; Monitor Availability: Data Collected', 'URL', 'centaurus.vlaanderen.be', 'Total 0 sec (DNS 0 sec, connect 0 sec, response 0 sec, download 0 sec)', '', 3, 9, 20),
(153, 'http://cmdb2.vonet.be', 'Status: Good; Monitor Availability: Data Collected', 'URL', 'cmdb2.vonet.be', 'Total 0 sec (DNS 0 sec, connect 0 sec, response 0 sec, download 0 sec)', '', 52, 254, 20),
(154, 'http://daf.vlaanderen.be/daf/public/logon.do', 'Status: Good; Monitor Availability: Data Collected', 'URL', 'daf.vlaanderen.be', 'Total 0,015 sec (DNS 0 sec, connect 0 sec, response 0,015 sec, download 0 sec)', '', 23, 108, 20),
(155, 'http://davinci-mon-etio.vlaanderen.be/davinci-mon/', 'Status: Error; Monitor Availability: No Data', 'URL', 'davinci-mon-etio.vlaanderen.be', 'not found', '', 124, 255, 20),
(156, 'http://domino.vlaanderen.be', 'Status: Error; Monitor Availability: No Data', 'URL', 'domino.vlaanderen.be', 'not found', '', 4, 14, 20),
(157, 'http://dov-intra.vonet.be/dov/DOVInternet', 'Status: Good; Monitor Availability: Data Collected', 'URL', 'dov-intra.vonet.be', 'Total 0,032 sec (DNS 0 sec, connect 0 sec, response 0,032 sec, download 0 sec)', '', 69, 319, 20),
(158, 'http://ebl.vlaanderen.be/', 'Status: Good; Monitor Availability: Data Collected', 'URL', 'ebl.vlaanderen.be', 'Total 0,031 sec (DNS 0 sec, connect 0,016 sec, response 0,015 sec, download 0 sec)', '', 71, 323, 20),
(159, 'http://edelta.vlaanderen.be/edelta/', 'Status: Good; Monitor Availability: Data Collected', 'URL', 'edelta.vlaanderen.be', 'Total 3,641 sec (DNS 0 sec, connect 0 sec, response 3,641 sec, download 0 sec)', '', 5, 15, 20),
(160, 'http://efro2007-2013.vlaanderen.be/efro/index.jsp', 'Status: Good; Monitor Availability: Data Collected', 'URL', 'efro2007-2013.vlaanderen.be', 'Total 0 sec (DNS 0 sec, connect 0 sec, response 0 sec, download 0 sec)', '', 42, 165, 20),
(161, 'http://ep.vlaanderen.be/ecologiesteun/overzicht.do', 'Status: Error; Monitor Availability: No Data', 'URL', 'ep.vlaanderen.be', 'server error', '', 143, 371, 20),
(162, 'http://epcall.vlaanderen.be/epcall/ond/overzicht.do?command=init', 'Status: Error; Monitor Availability: No Data', 'URL', 'epcall.vlaanderen.be', 'server error', '', 12, 55, 20),
(163, 'http://epplus.vlaanderen.be/epplus/ond/overzicht.do?command=init', 'Status: Error; Monitor Availability: No Data', 'URL', 'epplus.vlaanderen.be', 'server error', '', 10, 52, 20),
(164, 'http://eroom-mow.vlaanderen.be', 'Status: Good; Monitor Availability: Data Collected', 'URL', 'eroom-mow.vlaanderen.be', 'Total 0 sec (DNS 0 sec, connect 0 sec, response 0 sec, download 0 sec)', '', 11, 54, 20),
(165, 'http://esf.vlaanderen.be', 'Status: Good; Monitor Availability: Data Collected', 'URL', 'esf.vlaanderen.be', 'Total 0 sec (DNS 0 sec, connect 0 sec, response 0 sec, download 0 sec)', '', 25, 114, 20),
(166, 'http://fin.vlaanderen.be', 'Status: Good; Monitor Availability: Data Collected', 'URL', 'fin.vlaanderen.be', 'Total 0 sec (DNS 0 sec, connect 0 sec, response 0 sec, download 0 sec)', '', 62, 288, 20),
(167, 'http://gebruikersbeheer.vonet.be/webIdmVOBeheer/pages/monitoring.jsf', 'Status: Error; Monitor Availability: No Data', 'URL', 'gebruikersbeheer.vonet.be', 'unable to connect to server', '', 130, 305, 20),
(168, 'http://geomob.vlaanderen.be', 'Status: Error; Monitor Availability: No Data', 'URL', 'geomob.vlaanderen.be', 'timed out reading', '', 72, 324, 20),
(169, 'http://geomob.vlaanderen.be/', 'Status: Error; Monitor Availability: No Data', 'URL', 'geomob.vlaanderen.be', 'timed out reading', '', 18, 94, 20),
(171, 'http://gos.vlaanderen.be', 'Status: Good; Monitor Availability: Data Collected', 'URL', 'gos.vlaanderen.be', 'Total 0 sec (DNS 0 sec, connect 0 sec, response 0 sec, download 0 sec)', '', 56, 266, 20),
(172, 'http://gp.vlaanderen.be/investeringssteun/overzicht.do', 'Status: Error; Monitor Availability: No Data', 'URL', 'gp.vlaanderen.be', 'server error', '', 83, 376, 20),
(173, 'http://inkom06.vlaanderen.be/foto/index.html', 'Status: Error; Monitor Availability: No Data', 'URL', 'inkom06.vlaanderen.be', 'server error', '', 19, 100, 20),
(174, 'http://irg.vlaanderen.be', 'Status: Error; Monitor Availability: No Data', 'URL', 'irg.vlaanderen.be', 'not found', '', 63, 289, 20),
(175, 'http://Koepel.vonet.be', 'Status: Good; Monitor Availability: Data Collected', 'URL', 'Koepel.vonet.be', 'Total 0 sec (DNS 0 sec, connect 0 sec, response 0 sec, download 0 sec)', '', 84, 377, 20),
(176, 'http://led-mon.vlaanderen.be', 'Status: Error; Monitor Availability: No Data', 'URL', 'led-mon.vlaanderen.be', 'timed out reading', '', 135, 332, 20),
(177, 'http://lmn.vonet.be', 'Status: Error; Monitor Availability: No Data', 'URL', 'lmn.vonet.be', 'timed out reading', '', 43, 177, 20),
(178, 'http://mandatenbeheer.vlaanderen.be', 'Status: Good; Monitor Availability: Data Collected', 'URL', 'mandatenbeheer.vlaanderen.be', 'Total 0,005 sec (DNS 0 sec, connect 0,002 sec, response 0,003 sec, download 0 sec)', '', 73, 336, 20),
(179, 'http://op.vlaanderen.be/op/test/happy.do', 'Status: Error; Monitor Availability: No Data', 'URL', 'op.vlaanderen.be', 'not found', '', 94, 67, 20),
(180, 'http://productencatalogus.vlaanderen.be', 'Status: Good; Monitor Availability: Data Collected', 'URL', 'productencatalogus.vlaanderen.be', 'Total 0 sec (DNS 0 sec, connect 0 sec, response 0 sec, download 0 sec)', '', 61, 286, 20),
(181, 'http://sbw.vlaanderen.be', 'Status: Good; Monitor Availability: Data Collected', 'URL', 'sbw.vlaanderen.be', 'Total 0,016 sec (DNS 0 sec, connect 0 sec, response 0 sec, download 0,016 sec)', '', 77, 343, 20),
(182, 'http://spw.vonet.be/spw-web/logon.htm', 'Status: Error; Monitor Availability: No Data', 'URL', 'spw.vonet.be', 'timed out reading', '', 7, 25, 20),
(183, 'http://stlweb.vonet.be/stl/', 'Status: Good; Monitor Availability: Data Collected', 'URL', 'stlweb.vonet.be', 'Total 0,015 sec (DNS 0 sec, connect 0 sec, response 0,015 sec, download 0 sec)', '', 37, 145, 20),
(184, 'http://studentenportaal.vlaanderen.be/dho-portaal/start.do', 'Status: Good; Monitor Availability: Data Collected', 'URL', 'studentenportaal.vlaanderen.be', 'Total 0,015 sec (DNS 0 sec, connect 0 sec, response 0,015 sec, download 0 sec)', '', 101, 110, 20),
(185, 'http://team10.vonet.be/bz/eib', 'Status: Good; Monitor Availability: No Data', 'URL', 'team10.vonet.be', 'unauthorized', '', 138, 345, 20),
(186, 'http://team10.vonet.be/iv/div', 'Status: Good; Monitor Availability: No Data', 'URL', 'team10.vonet.be', 'unauthorized', '', 89, 23, 20),
(187, 'http://team10.vonet.be/ov/onderwijsenvorming', 'Status: Good; Monitor Availability: No Data', 'URL', 'team10.vonet.be', 'unauthorized', '', 114, 187, 20),
(188, 'http://team10.vonet.be/sites/cjsm', 'Status: Good; Monitor Availability: No Data', 'URL', 'team10.vonet.be', 'unauthorized', '', 115, 188, 20),
(189, 'http://team10.vonet.be/sites/dewi', 'Status: Good; Monitor Availability: No Data', 'URL', 'team10.vonet.be', 'unauthorized', '', 97, 85, 20),
(190, 'http://team10.vonet.be/sites/lv', 'Status: Good; Monitor Availability: No Data', 'URL', 'team10.vonet.be', 'unauthorized', '', 139, 346, 20),
(191, 'http://team10.vonet.be/sites/mow', 'Status: Good; Monitor Availability: No Data', 'URL', 'team10.vonet.be', 'unauthorized', '', 106, 144, 20),
(192, 'http://team10.vonet.be/sites/vea', 'Status: Good; Monitor Availability: No Data', 'URL', 'team10.vonet.be', 'unauthorized', '', 95, 81, 20),
(193, 'http://team10.vonet.be/sites/WSEdepartement', 'Status: Good; Monitor Availability: No Data', 'URL', 'team10.vonet.be', 'unauthorized', '', 117, 230, 20),
(194, 'http://teamdar.vonet.be', 'Status: Good; Monitor Availability: No Data', 'URL', 'teamdar.vonet.be', 'unauthorized', '', 112, 183, 20),
(195, 'http://teamlne.vonet.be', 'Status: Good; Monitor Availability: No Data', 'URL', 'teamlne.vonet.be', 'unauthorized', '', 90, 24, 20),
(196, 'http://teamrwo.vonet.be', 'Status: Good; Monitor Availability: No Data', 'URL', 'teamrwo.vonet.be', 'unauthorized', '', 79, 347, 20),
(197, 'http://teamwvg.vonet.be', 'Status: Good; Monitor Availability: No Data', 'URL', 'teamwvg.vonet.be', 'unauthorized', '', 129, 302, 20),
(198, 'http://tgvtest.vonet.be', 'Status: Good; Monitor Availability: Data Collected', 'URL', 'tgvtest.vonet.be', 'Total 0,016 sec (DNS 0 sec, connect 0 sec, response 0,016 sec, download 0 sec)', '', 98, 90, 20),
(199, 'http://toevla.vlaanderen.be/publiek/nl/register/start', 'Status: Good; Monitor Availability: Data Collected', 'URL', 'toevla.vlaanderen.be', 'Total 0,319 sec (DNS 0 sec, connect 0 sec, response 0,303 sec, download 0,016 sec)', '', 118, 233, 20),
(200, 'http://twp.vlaanderen.be', 'Status: Error; Monitor Availability: No Data', 'URL', 'twp.vlaanderen.be', 'not found', '', 102, 118, 20),
(201, 'http://vlimpers-hr.vonet.be/psp/HRPROD/EMPLOYEE/HRMS/?cmd=login', 'Status: Good; Monitor Availability: Data Collected', 'URL', 'vlimpers-hr.vonet.be', 'Total 0,031 sec (DNS 0 sec, connect 0 sec, response 0,031 sec, download 0 sec)', '', 141, 356, 20),
(202, 'http://vliomvo.vlaanderen.be', 'Status: Good; Monitor Availability: Data Collected', 'URL', 'vliomvo.vlaanderen.be', 'Total 0 sec (DNS 0 sec, connect 0 sec, response 0 sec, download 0 sec)', '', 109, 148, 20),
(203, 'http://vlis.vlaanderen.be', 'Status: Error; Monitor Availability: No Data', 'URL', 'vlis.vlaanderen.be', 'timed out reading, https://vlis.vlaanderen.be/web/VO.IV.VLIS.Web/Default.aspx', '', 100, 97, 20),
(204, 'http://vobip-bi.vonet.be/cognos10-login/', 'Status: Good; Monitor Availability: Data Collected', 'URL', 'vobip-bi.vonet.be', 'Total 0,016 sec (DNS 0 sec, connect 0,016 sec, response 0 sec, download 0 sec)', '', 86, 12, 20),
(205, 'http://vops.vonet.be/', 'Status: Good; Monitor Availability: Data Collected', 'URL', 'vops.vonet.be', 'Total 0,032 sec (DNS 0 sec, connect 0 sec, response 0,016 sec, download 0,016 sec)', '', 116, 193, 20),
(206, 'http://webedison.vlaanderen.be/edisonmon/checkAll.do', 'Status: Error; Monitor Availability: No Data', 'URL', 'webedison.vlaanderen.be', 'not found', '', 132, 307, 20),
(207, 'http://www.energieprestatiedatabank.be', 'Status: Good; Monitor Availability: Data Collected', 'URL', 'www.energieprestatiedatabank.be', 'Total 0 sec (DNS 0 sec, connect 0 sec, response 0 sec, download 0 sec)', '', 87, 16, 20),
(208, 'http://www.flanders.be', 'Status: Error; Monitor Availability: No Data', 'URL', 'www.flanders.be', 'server busy', '', 134, 331, 20),
(209, 'http://www.teletolk.be', 'Status: Error; Monitor Availability: No Data', 'URL', 'www.teletolk.be', 'timed out reading, http://www.vlaanderen.be/nl/gezin-welzijn-en-gezondheid/handicap/teletolk-voor-doven-slechthorenden', '', 125, 262, 20),
(210, 'http://www.vlaamseinfolijn.be', 'Status: Good; Monitor Availability: Data Collected', 'URL', 'www.vlaamseinfolijn.be', 'Total 0,047 sec (DNS 0 sec, connect 0 sec, response 0,031 sec, download 0,016 sec)', '', 127, 287, 20),
(211, 'http://www.watlab.be/documentation', 'Status: Good; Monitor Availability: Data Collected', 'URL', 'www.watlab.be', 'Total 0,203 sec (DNS 0 sec, connect 0 sec, response 0,187 sec, download 0,016 sec)', '', 131, 306, 20),
(212, 'http_www.facilipunt.be', 'Status: Error; Monitor Availability: No Data', 'URL', 'www.facilipunt.be', 'timed out reading', '', 133, 317, 20),
(213, 'vom.eu.hpbpaas.com', 'Status: Error; Monitor Availability: No Data', 'URL', 'vom.eu.hpbpaas.com', 'timed out reading', '', 123, 253, 20),
(214, 'www.facilipunt.be', 'Status: Error; Monitor Availability: No Data', 'URL', 'www.facilipunt.be', 'timed out reading', '', 133, 317, 20),
(215, '10.22.80.17_legalsuite_main', 'Status: Good; Monitor Availability: Data Collected', 'URL', '10.22.80.17', 'Total 0,063 sec (DNS 0 sec, connect 0 sec, response 0 sec, download 0,063 sec)', '', 47, 213, 20),
(216, 'apexprod.vonet.be_ddc_f', 'Status: Error; Monitor Availability: No Data', 'URL', 'apexprod.vonet.be', 'timed out reading', '', 105, 142, 20),
(217, 'aps.vlaanderen.be', 'Status: Good; Monitor Availability: Data Collected', 'URL', 'aps.vlaanderen.be', 'Total 0,016 sec (DNS 0 sec, connect 0 sec, response 0,016 sec, download 0 sec)', '', 68, 316, 20),
(218, 'ato-dms.vlaanderen.be', 'Status: Good; Monitor Availability: Data Collected', 'URL', 'ato-dms.vlaanderen.be', 'Total 0,094 sec (DNS 0 sec, connect 0 sec, response 0,078 sec, download 0,016 sec)', '', 20, 104, 20),
(219, 'awv.vlaanderen.be_fast', 'Status: Good; Monitor Availability: Data Collected', 'URL', 'awv.vlaanderen.be', 'Total 0 sec (DNS 0 sec, connect 0 sec, response 0 sec, download 0 sec)', '', 27, 119, 20),
(220, 'beheermaritiemewerken.vlaanderen.be_MT.Baggerwerken.Web_nl_Account_LogOn', 'Status: Good; Monitor Availability: Data Collected', 'URL', 'beheermaritiemewerken.vlaanderen.be', 'Total 0,656 sec (DNS 0 sec, connect 0 sec, response 0,656 sec, download 0 sec)', '', 1, 6, 20),
(221, 'bibis-int.vlaanderen.be_opc0000_cgi_newindex.pl', 'Status: Good; Monitor Availability: Data Collected', 'URL', 'bibis-int.vlaanderen.be', 'Total 0,407 sec (DNS 0 sec, connect 0 sec, response 0,407 sec, download 0 sec)', '', 8, 42, 20),
(222, 'bredero.vlaanderen.be_bredero2_wicket_login', 'Status: Good; Monitor Availability: Data Collected', 'URL', 'bredero.vlaanderen.be', 'Total 0,031 sec (DNS 0 sec, connect 0 sec, response 0,031 sec, download 0 sec)', '', 39, 153, 20),
(223, 'bru000center38m.ewbl.vlaanderen.be_routing', 'Status: Good; Monitor Availability: No Data', 'URL', 'bru000center38m.ewbl.vlaanderen.be', 'unauthorized', '', 57, 278, 20),
(224, 'bru000center81m.vlaanderen.be_WebClient_index.jsp', 'Status: Good; Monitor Availability: Data Collected', 'URL', 'bru000center81m.vlaanderen.be', 'Total 0 sec (DNS 0 sec, connect 0 sec, response 0 sec, download 0 sec)', '', 14, 62, 20),
(225, 'bsm.vlaanderen.be_bsm', 'Status: Good; Monitor Availability: Data Collected', 'URL', 'bsm.vlaanderen.be', 'Total 0 sec (DNS 0 sec, connect 0 sec, response 0 sec, download 0 sec)', '', 45, 202, 20),
(226, 'bz-dms.vlaanderen.be', 'Status: Good; Monitor Availability: Data Collected', 'URL', 'bz-dms.vlaanderen.be', 'Total 0,078 sec (DNS 0 sec, connect 0 sec, response 0,062 sec, download 0,016 sec)', '', 21, 106, 20),
(227, 'certificaten-ov.vlaanderen.be_crmt_login', 'Status: Good; Monitor Availability: Data Collected', 'URL', 'certificaten-ov.vlaanderen.be', 'Total 0 sec (DNS 0 sec, connect 0 sec, response 0 sec, download 0 sec)', '', 2, 8, 20),
(228, 'cib.vlaanderen.be', 'Status: Good; Monitor Availability: Data Collected', 'URL', 'cib.vlaanderen.be', 'Total 0 sec (DNS 0 sec, connect 0 sec, response 0 sec, download 0 sec)', '', 82, 365, 20),
(229, 'cjsm-dms.vlaanderen.be', 'Status: Good; Monitor Availability: Data Collected', 'URL', 'cjsm-dms.vlaanderen.be', 'Total 0 sec (DNS 0 sec, connect 0 sec, response 0 sec, download 0 sec)', '', 9, 48, 20),
(230, 'codex.vlaanderen.be', 'Status: Good; Monitor Availability: No Data', 'URL', 'codex.vlaanderen.be', 'forbidden', '', 67, 304, 20),
(231, 'dar-dms.vlaanderen.be_8080', 'Status: Good; Monitor Availability: Data Collected', 'URL', 'dar-dms.vlaanderen.be', 'Total 0,032 sec (DNS 0 sec, connect 0 sec, response 0,032 sec, download 0 sec)', '', 51, 252, 20),
(232, 'databanktaaladvies.vlaanderen.be_taaladvies_login.jsp', 'Status: Error; Monitor Availability: No Data', 'URL', 'databanktaaladvies.vlaanderen.be', 'not found', '', 48, 232, 20),
(233, 'dataroommow.vonet.be', 'Status: Good; Monitor Availability: Data Collected', 'URL', 'dataroommow.vonet.be', 'Total 0,484 sec (DNS 0 sec, connect 0,015 sec, response 0,047 sec, download 0,422 sec)', '', 75, 341, 20),
(234, 'ddc-dms.vlaanderen.be', 'Status: Good; Monitor Availability: Data Collected', 'URL', 'ddc-dms.vlaanderen.be', 'Total 0 sec (DNS 0 sec, connect 0 sec, response 0 sec, download 0 sec)', '', 58, 279, 20),
(235, 'discimus-app-jm.vlaanderen.be_discimus_webapp_isbeschikbaar', 'Status: Good; Monitor Availability: Data Collected', 'URL', 'discimus-app-jm.vlaanderen.be', 'Total 0,079 sec (DNS 0 sec, connect 0 sec, response 0,063 sec, download 0,016 sec)', '', 59, 280, 20),
(236, 'drop.vlaanderen.be', 'Status: Error; Monitor Availability: No Data', 'URL', 'drop.vlaanderen.be', 'timed out reading', '', 126, 269, 20),
(237, 'eib-dms.vlaanderen.be_webtop', 'Status: Good; Monitor Availability: Data Collected', 'URL', 'eib-dms.vlaanderen.be', 'Total 0 sec (DNS 0 sec, connect 0 sec, response 0 sec, download 0 sec)', '', 24, 111, 20),
(238, 'epm.vlaanderen.be', 'Status: Good; Monitor Availability: No Data', 'URL', 'epm.vlaanderen.be', 'unauthorized', '', 26, 116, 20),
(239, 'fb-dms.vlaanderen.be', 'Status: Good; Monitor Availability: Data Collected', 'URL', 'fb-dms.vlaanderen.be', 'Total 0 sec (DNS 0 sec, connect 0 sec, response 0 sec, download 0 sec)', '', 46, 206, 20),
(240, 'gedingvoering.vonet.be', 'Status: Good; Monitor Availability: Data Collected', 'URL', 'gedingvoering.vonet.be', 'Total 0,187 sec (DNS 0 sec, connect 0 sec, response 0,171 sec, download 0,016 sec)', '', 53, 260, 20),
(242, 'geo-dms.vlaanderen.be_8080', 'Status: Good; Monitor Availability: Data Collected', 'URL', 'geo-dms.vlaanderen.be', 'Total 0,016 sec (DNS 0 sec, connect 0 sec, response 0 sec, download 0,016 sec)', '', 34, 138, 20),
(243, 'http_bto.vlaanderen.be', 'Status: Good; Monitor Availability: Data Collected', 'URL', 'bto.vlaanderen.be', 'Total 0 sec (DNS 0 sec, connect 0 sec, response 0 sec, download 0 sec)', '', 259, 47, 20),
(244, 'huso.vlaanderen.be', 'Status: Good; Monitor Availability: Data Collected', 'URL', 'huso.vlaanderen.be', 'Total 0 sec (DNS 0 sec, connect 0 sec, response 0 sec, download 0 sec)', '', 29, 125, 20),
(245, 'ibis.vlaanderen.Be', 'Status: Good; Monitor Availability: Data Collected', 'URL', 'ibis.vlaanderen.Be', 'Total 0,032 sec (DNS 0 sec, connect 0 sec, response 0,032 sec, download 0 sec)', '', 28, 121, 20),
(246, 'jira.ond.vlaanderen.be', 'Status: Good; Monitor Availability: Data Collected', 'URL', 'jira.ond.vlaanderen.be', 'Total 0,11 sec (DNS 0 sec, connect 0 sec, response 0,094 sec, download 0,016 sec)', '', 16, 70, 20),
(247, 'kim-dms.vlaanderen.be_8080', 'Status: Good; Monitor Availability: Data Collected', 'URL', 'kim-dms.vlaanderen.be', 'Total 0,062 sec (DNS 0 sec, connect 0 sec, response 0,062 sec, download 0 sec)', '', 15, 68, 20),
(248, 'livelink1.vlaanderen.be_livelink_livelink', 'Status: Good; Monitor Availability: Data Collected', 'URL', 'livelink1.vlaanderen.be', 'Total 0,204 sec (DNS 0 sec, connect 0 sec, response 0,188 sec, download 0,016 sec)', '', 54, 263, 20),
(249, 'lv-dms.vlaanderen.be_8080_webtop', 'Status: Good; Monitor Availability: Data Collected', 'URL', 'lv-dms.vlaanderen.be', 'Total 0 sec (DNS 0 sec, connect 0 sec, response 0 sec, download 0 sec)', '', 40, 161, 20),
(250, 'madame.vlaanderen.be', 'Status: Error; Monitor Availability: No Data', 'URL', 'madame.vlaanderen.be', 'server error, http://wm162456.vlaanderen.be/madame/', '', 66, 296, 20),
(251, 'mercator2.vlaanderen.be', 'Status: Good; Monitor Availability: Data Collected', 'URL', 'mercator2.vlaanderen.be', 'Total 0 sec (DNS 0 sec, connect 0 sec, response 0 sec, download 0 sec)', '', 65, 292, 20);
INSERT INTO `fmo_sitescope` (`ID`, `name`, `status`, `type`, `target`, `summary`, `result`, `url_id`, `appl_id`, `source_id`) VALUES
(252, 'mercurius-ws.vonet.be', 'Status: Good; Monitor Availability: No Data', 'URL', 'mercurius-ws.vonet.be', 'unauthorized', '', 31, 130, 20),
(253, 'mia.vlaanderen.be', 'Status: Good; Monitor Availability: No Data', 'URL', 'mia.vlaanderen.be', 'unauthorized', '', 64, 291, 20),
(254, 'mister.vlaanderen.be', 'Status: Good; Monitor Availability: Data Collected', 'URL', 'mister.vlaanderen.be', 'Total 0,016 sec (DNS 0 sec, connect 0 sec, response 0,016 sec, download 0 sec)', '', 30, 129, 20),
(255, 'nadia-burger.vlaanderen.be_nadia', 'Status: Error; Monitor Availability: No Data', 'URL', 'nadia-burger.vlaanderen.be', 'timed out reading', '', 33, 135, 20),
(256, 'oeso.vlaanderen.be_os_logon.do', 'Status: Good; Monitor Availability: Data Collected', 'URL', 'oeso.vlaanderen.be', 'Total 0,031 sec (DNS 0 sec, connect 0 sec, response 0,016 sec, download 0,015 sec)', '', 85, 379, 20),
(257, 'onderwijs-dms.vlaanderen.be_8080', 'Status: Good; Monitor Availability: Data Collected', 'URL', 'onderwijs-dms.vlaanderen.be', 'Total 0 sec (DNS 0 sec, connect 0 sec, response 0 sec, download 0 sec)', '', 32, 134, 20),
(258, 'orafin.vlaanderen.be_8000_OA_HTML_RF.jsp', 'Status: Good; Monitor Availability: Data Collected', 'URL', 'orafin.vlaanderen.be', 'Total 0,281 sec (DNS 0 sec, connect 0 sec, response 0,266 sec, download 0,015 sec)', '', 44, 179, 20),
(259, 'orka.vlaanderen.be', 'Status: Good; Monitor Availability: No Data', 'URL', 'orka.vlaanderen.be', 'unauthorized', '', 78, 344, 20),
(260, 'quovis.vlaanderen.be', 'Status: Good; Monitor Availability: Data Collected', 'URL', 'quovis.vlaanderen.be', 'Total 0 sec (DNS 0 sec, connect 0 sec, response 0 sec, download 0 sec)', '', 35, 139, 20),
(261, 'rekenmotorho.vlaanderen.be_rekenmotor_login.jsp', 'Status: Good; Monitor Availability: Data Collected', 'URL', 'rekenmotorho.vlaanderen.be', 'Total 0 sec (DNS 0 sec, connect 0 sec, response 0 sec, download 0 sec)', '', 60, 282, 20),
(262, 's128154.vlaanderen.be_pls_apex', 'Status: Good; Monitor Availability: Data Collected', 'URL', 's128154.vlaanderen.be', 'Total 0,265 sec (DNS 0 sec, connect 0 sec, response 0,265 sec, download 0 sec)', '', 76, 342, 20),
(263, 'secretarie-vr-dms.vlaanderen.be', 'Status: Error; Monitor Availability: No Data', 'URL', 'secretarie-vr-dms.vlaanderen.be', 'timed out reading', '', 6, 19, 20),
(264, 'siebel81.cpvi.vonet.be_epublicsector_nld', 'Status: Good; Monitor Availability: Data Collected', 'URL', 'siebel81.cpvi.vonet.be', 'Total 3,017 sec (DNS 0 sec, connect 3,017 sec, response 0 sec, download 0 sec)', '', 17, 89, 20),
(265, 'subversion-dev.ov.vlaanderen.be_svn', 'Status: Good; Monitor Availability: No Data', 'URL', 'subversion-dev.ov.vlaanderen.be', 'unauthorized, http://subversion-dev.ov.vlaanderen.be/svn/', '', 80, 354, 20),
(266, 'tgv.vlaanderen.be', 'Status: Good; Monitor Availability: Data Collected', 'URL', 'tgv.vlaanderen.be', 'Total 0 sec (DNS 0 sec, connect 0 sec, response 0 sec, download 0 sec)', '', 107, 146, 20),
(267, 'uv158920.vlaanderen.be_pls_apex', 'Status: Good; Monitor Availability: Data Collected', 'URL', 'uv158920.vlaanderen.be', 'Total 0,141 sec (DNS 0 sec, connect 0 sec, response 0,125 sec, download 0,016 sec)', '', 128, 294, 20),
(268, 'uv158920-oob.vlaanderen.be_7001_console', 'Status: Error; Monitor Availability: No Data', 'URL', 'uv158920-oob.vlaanderen.be', 'timed out reading', '', 88, 17, 20),
(269, 'v158747.vlaanderen.be_8080_adminui_login.faces', 'Status: Good; Monitor Availability: Data Collected', 'URL', 'v158747.vlaanderen.be', 'Total 0,015 sec (DNS 0 sec, connect 0 sec, response 0,015 sec, download 0 sec)', '', 142, 361, 20),
(270, 'vepd-dms.vlaanderen.be', 'Status: Good; Monitor Availability: Data Collected', 'URL', 'vepd-dms.vlaanderen.be', 'Total 0,032 sec (DNS 0 sec, connect 0,016 sec, response 0,016 sec, download 0 sec)', '', 108, 147, 20),
(271, 'vergunningenregister.vlaanderen.be_vergunning', 'Status: Good; Monitor Availability: Data Collected', 'URL', 'vergunningenregister.vlaanderen.be', 'Total 0 sec (DNS 0 sec, connect 0 sec, response 0 sec, download 0 sec)', '', 99, 96, 20),
(272, 'vlimpers-flamingo.vonet.be_VLHDEPRD_signon.html', 'Status: Error; Monitor Availability: No Data', 'URL', 'vlimpers-flamingo.vonet.be', 'not found', '', 119, 238, 20),
(273, 'vobippubliek.vlaanderen.be_cognos10', 'Status: Good; Monitor Availability: Data Collected', 'URL', 'vobippubliek.vlaanderen.be', 'Total 0 sec (DNS 0 sec, connect 0 sec, response 0 sec, download 0 sec)', '', 122, 249, 20),
(274, 'vormingbegroting.fenb.be', 'Status: Good; Monitor Availability: No Data', 'URL', 'vormingbegroting.fenb.be', 'forbidden', '', 110, 154, 20),
(275, 'wap000008v.vlaanderen.be_ASADataLayer_logging_DataLayer.asmx', 'Status: Good; Monitor Availability: Data Collected', 'URL', 'wap000008v.vlaanderen.be', 'Total 0 sec (DNS 0 sec, connect 0 sec, response 0 sec, download 0 sec)', '', 111, 162, 20),
(276, 'wlportaal.vlaanderen.be', 'Status: Good; Monitor Availability: No Data', 'URL', 'wlportaal.vlaanderen.be', 'unauthorized', '', 96, 83, 20),
(277, 'wm162456.vlaanderen.be_matador', 'Status: Good; Monitor Availability: Data Collected', 'URL', 'wm162456.vlaanderen.be', 'Total 0 sec (DNS 0 sec, connect 0 sec, response 0 sec, download 0 sec)', '', 103, 132, 20),
(278, 'wonder.vlaanderen.be', 'Status: Good; Monitor Availability: Data Collected', 'URL', 'wonder.vlaanderen.be', 'Total 0 sec (DNS 0 sec, connect 0 sec, response 0 sec, download 0 sec)', '', 144, 389, 20),
(279, 'wpnjira.vlaanderen.be', 'Status: Good; Monitor Availability: Data Collected', 'URL', 'wpnjira.vlaanderen.be', 'Total 0,172 sec (DNS 0 sec, connect 0 sec, response 0,172 sec, download 0 sec)', '', 136, 333, 20),
(280, 'wse-dms.vlaanderen.be_8080', 'Status: Good; Monitor Availability: Data Collected', 'URL', 'wse-dms.vlaanderen.be', 'Total 0 sec (DNS 0 sec, connect 0 sec, response 0 sec, download 0 sec)', '', 121, 241, 20),
(281, 'wse-prod-soa.vlaanderen.be_apps_awap', 'Status: Good; Monitor Availability: Data Collected', 'URL', 'wse-prod-soa.vlaanderen.be', 'Total 0,047 sec (DNS 0 sec, connect 0 sec, response 0,047 sec, download 0 sec)', '', 92, 34, 20),
(282, 'wse-prod-soa.vlaanderen.be_apps_inspectie_faces_app_startpagina.jspx', 'Status: Good; Monitor Availability: Data Collected', 'URL', 'wse-prod-soa.vlaanderen.be', 'Total 0,015 sec (DNS 0 sec, connect 0 sec, response 0 sec, download 0,015 sec)', '', 120, 240, 20),
(283, 'wv158905.vlaanderen.be_DocRoom', 'Status: Good; Monitor Availability: No Data', 'URL', 'wv158905.vlaanderen.be', 'unauthorized', '', 93, 50, 20),
(284, 'www.ond.vlaanderen.be_studietoelagen_contact_vraagformulier.htm', 'Status: Error; Monitor Availability: No Data', 'URL', 'www.ond.vlaanderen.be', 'timed out reading, http://onderwijs.vlaanderen.be/node/2511', '', 256, 512, 20),
(286, 'www.vlaanderen.be_nieuwsberichten', 'Status: Error; Monitor Availability: No Data', 'URL', 'www.vlaanderen.be', 'timed out reading', '', 104, 137, 20),
(287, 'www4.vlaanderen.be_dar_svr_Pages_default.aspx', 'Status: Error; Monitor Availability: No Data', 'URL', 'www4.vlaanderen.be', 'timed out reading', '', 113, 185, 20),
(0, '00112::NADIA::SLA', 'Status: Fout; Beschikbaarheid monitoren: Geen gegevens', 'URL', 'nadia-burger.vlaanderen.be', 'timed out reading', '', 0, 135, 32),
(0, '00125::ARCHIBUS::SLA', 'Status: Fout; Beschikbaarheid monitoren: Geen gegevens', 'URL', 'www.facilipunt.be', 'timed out reading', '', 0, 317, 32),
(0, '00219::BREDERO::SLA', 'Status: Goed; Beschikbaarheid monitoren: Verzamelde gegevens', 'URL', 'bredero.vlaanderen.be', 'Total 0,047 sec (DNS 0 sec, connect 0 sec, response 0,047 sec, download 0 sec)', '', 0, 153, 32),
(0, '00286::HISTORIA::SLA', 'Status: Goed; Beschikbaarheid monitoren: Verzamelde gegevens', 'URL', '10.22.77.71', 'Total 0,015 sec (DNS 0 sec, connect 0 sec, response 0,015 sec, download 0 sec)', '', 0, 265, 32),
(0, '00325::IBIS::SLA', 'Status: Goed; Beschikbaarheid monitoren: Verzamelde gegevens', 'URL', 'ibis.vlaanderen.be', 'Total 0,032 sec (DNS 0 sec, connect 0 sec, response 0,032 sec, download 0 sec)', '', 0, 121, 32),
(0, '00344::BRYGGJA::SLA', 'Status: Goed; Beschikbaarheid monitoren: Geen gegevens', 'URL', 'bryggja.vlaanderen.be', 'not found', '', 0, 107, 32),
(0, '00351::DOV::SLA', 'Status: Goed; Beschikbaarheid monitoren: Verzamelde gegevens', 'URL', 'dov-intra.vonet.be', 'Total 0 sec (DNS 0 sec, connect 0 sec, response 0 sec, download 0 sec)', '', 0, 319, 32),
(0, '00369::MERCATOR::SLA', 'Status: Goed; Beschikbaarheid monitoren: Verzamelde gegevens', 'URL', 'mercator2.vlaanderen.be', 'Total 0 sec (DNS 0 sec, connect 0 sec, response 0 sec, download 0 sec)', '', 0, 292, 32),
(0, '00969::RWO GIS::SLA', 'Status: Goed; Beschikbaarheid monitoren: Verzamelde gegevens', 'URL', 'geo-dms.vlaanderen.be', 'Total 0,016 sec (DNS 0 sec, connect 0 sec, response 0,016 sec, download 0 sec)', '', 0, 138, 32),
(0, '01133::VERGUNNINGENREGISTER::SLA', 'Status: Goed; Beschikbaarheid monitoren: Verzamelde gegevens', 'URL', 'vergunningenregister.vlaanderen.be', 'Total 0 sec (DNS 0 sec, connect 0 sec, response 0 sec, download 0 sec)', '', 0, 96, 32),
(0, '10003.2::NIEUWSBERICHTEN::SLA', 'Status: Fout; Beschikbaarheid monitoren: Geen gegevens', 'URL', 'www.vlaanderen.be', 'timed out reading', '', 0, 137, 32),
(0, '10007::VLAAMSE CODEX::SLA', 'Status: Fout; Beschikbaarheid monitoren: Geen gegevens', 'URL', 'codex.vlaanderen.be', 'timed out reading', '', 0, 304, 32),
(0, '10011::VLIOM-MANDATENDB::SLA', 'Status: Goed; Beschikbaarheid monitoren: Verzamelde gegevens', 'URL', 'vliomvo.vlaanderen.be', 'Total 0,015 sec (DNS 0 sec, connect 0 sec, response 0,015 sec, download 0 sec)', '', 0, 148, 32),
(0, '10012::TAALADVIES::SLA', 'Status: Goed; Beschikbaarheid monitoren: Verzamelde gegevens', 'URL', 'databanktaaladvies.vlaanderen.be', 'Total 0,016 sec (DNS 0 sec, connect 0 sec, response 0,016 sec, download 0 sec)', '', 0, 232, 32),
(0, '10013::GEDV GRONDW HOF::SLA', 'Status: Goed; Beschikbaarheid monitoren: Verzamelde gegevens', 'URL', 'gedingvoering.vonet.be', 'Total 0,172 sec (DNS 0 sec, connect 0 sec, response 0,157 sec, download 0,015 sec)', '', 0, 260, 32),
(0, '10014::BIBIS::SLA', 'Status: Goed; Beschikbaarheid monitoren: Verzamelde gegevens', 'URL', 'bibis-int.vlaanderen.be', 'Total 0 sec (DNS 0 sec, connect 0 sec, response 0 sec, download 0 sec)', '', 0, 42, 32),
(0, '10024::TELEFOONGIDS VL (TGV)::SLA', 'Status: Goed; Beschikbaarheid monitoren: Verzamelde gegevens', 'URL', 'tgv.vlaanderen.be', 'Total 0 sec (DNS 0 sec, connect 0 sec, response 0 sec, download 0 sec)', '', 0, 146, 32),
(0, '10026::VLAAMSE INFOLIJN (PORTAAL)::SLA', 'Status: Fout; Beschikbaarheid monitoren: Geen gegevens', 'URL', 'www.vlaanderen.be', 'timed out reading', '', 0, 352, 32),
(0, '10028::IV (PORTAALSITE FLANDERS)::SLA', 'Status: Goed; Beschikbaarheid monitoren: Geen gegevens', 'URL', 'www.flanders.be', 'server busy', '', 0, 331, 32),
(0, '10037::ELEKTRONISCH BESTELLOKET VAN PUBLICATIES (EBL)::SLA', 'Status: Goed; Beschikbaarheid monitoren: Verzamelde gegevens', 'URL', 'ebl.vlaanderen.be', 'Total 0,031 sec (DNS 0 sec, connect 0 sec, response 0,031 sec, download 0 sec)', '', 0, 323, 32),
(0, '10214::OESO::SLA', 'Status: Goed; Beschikbaarheid monitoren: Verzamelde gegevens', 'URL', 'oeso.vlaanderen.be', 'Total 0 sec (DNS 0 sec, connect 0 sec, response 0 sec, download 0 sec)', '', 0, 379, 32),
(0, '10217::SECRETARIE_VR_DOCBASE (DORIS2)::SLA', 'Status: Fout; Beschikbaarheid monitoren: Geen gegevens', 'URL', 'secretarie-vr-dms.vlaanderen.be', 'timed out reading', '', 0, 19, 32),
(0, '10218::IPUBLISH::SLA', 'Status: Goed; Beschikbaarheid monitoren: Verzamelde gegevens', 'URL', 'Koepel.vonet.be', 'Total 0 sec (DNS 0 sec, connect 0 sec, response 0 sec, download 0 sec)', '', 0, 377, 32),
(0, '10220::IPUBLISH INT::SLA', 'Status: Goed; Beschikbaarheid monitoren: Verzamelde gegevens', 'URL', 'fin.vlaanderen.be', 'Total 0 sec (DNS 0 sec, connect 0 sec, response 0 sec, download 0 sec)', '', 0, 288, 32),
(0, '10223::TEAM_BZ::SLA', 'Status: Goed; Beschikbaarheid monitoren: Geen gegevens', 'URL', 'team10.vonet.be', 'unauthorized', '', 0, 345, 32),
(0, '10224::TEAM_DAR (SharePoint site DAR)::SLA', 'Status: Goed; Beschikbaarheid monitoren: Geen gegevens', 'URL', 'teamdar.vonet.be', 'unauthorized', '', 0, 183, 32),
(0, '10225::PUBLIEK_DAR (Sharepoint Publieke site DAR SVR)::SLA', 'Status: Fout; Beschikbaarheid monitoren: Geen gegevens', 'URL', 'www4.vlaanderen.be', 'timed out reading', '', 0, 185, 32),
(0, '10226::TEAM_IV (SharePoint Team site IV)::SLA', 'Status: Goed; Beschikbaarheid monitoren: Geen gegevens', 'URL', 'team10.vonet.be', 'unauthorized', '', 0, 23, 32),
(0, '10228::BZDWH::SLA', 'Status: Goed; Beschikbaarheid monitoren: Verzamelde gegevens', 'URL', 'vobippubliek.vlaanderen.be', 'Total 0 sec (DNS 0 sec, connect 0 sec, response 0 sec, download 0 sec)', '', 0, 249, 32),
(0, '10229::DAR_DOCBASE::SLA', 'Status: Goed; Beschikbaarheid monitoren: Verzamelde gegevens', 'URL', 'dar-dms.vlaanderen.be', 'Total 0 sec (DNS 0 sec, connect 0 sec, response 0 sec, download 0 sec)', '', 0, 252, 32),
(0, '10230::STR8 (Siebel)::SLA', 'Status: Goed; Beschikbaarheid monitoren: Verzamelde gegevens', 'URL', 'siebel81.cpvi.vonet.be', 'Total 0,032 sec (DNS 0 sec, connect 0,016 sec, response 0,016 sec, download 0 sec)', '', 0, 89, 32),
(0, '10232::TELEFOONGIDS VLAAMSE OVERHEID (TGV2)::SLA', 'Status: Goed; Beschikbaarheid monitoren: Verzamelde gegevens', 'URL', 'tgvtest.vonet.be', 'Total 0 sec (DNS 0 sec, connect 0 sec, response 0 sec, download 0 sec)', '', 0, 90, 32),
(0, '10233::TOEGANKELIJK VLAANDEREN::SLA', 'Status: Goed; Beschikbaarheid monitoren: Verzamelde gegevens', 'URL', 'toevla.vlaanderen.be', 'Total 0,328 sec (DNS 0 sec, connect 0 sec, response 0,328 sec, download 0 sec)', '', 0, 233, 32),
(0, '10234::VLIS::SLA', 'Status: Fout; Beschikbaarheid monitoren: Geen gegevens', 'URL', 'vlis.vlaanderen.be', 'timed out reading, https://vlis.vlaanderen.be/web/VO.IV.VLIS.Web/Default.aspx', '', 0, 97, 32),
(0, '10237::BTO BOOKINGS::SLA', 'Status: Goed; Beschikbaarheid monitoren: Verzamelde gegevens', 'URL', 'bto.vlaanderen.be', 'Total 0 sec (DNS 0 sec, connect 0 sec, response 0 sec, download 0 sec)', '', 0, 47, 32),
(0, '10238::MAGAZIJNBEHEER TOERISME VLAANDEREN::SLA', 'Status: Goed; Beschikbaarheid monitoren: Verzamelde gegevens', 'URL', '10.22.79.7', 'Total 0,015 sec (DNS 0 sec, connect 0 sec, response 0 sec, download 0,015 sec)', '', 0, 71, 32),
(0, '10239::CRM BRAVO::SLA', 'Status: Fout; Beschikbaarheid monitoren: Geen gegevens', 'URL', 'vom.eu.hpbpaas.com', 'timed out reading', '', 0, 253, 32),
(0, '10244::VLAAMSE INFOLIJN DWH::SLA', 'Status: Goed; Beschikbaarheid monitoren: Verzamelde gegevens', 'URL', 'vobip-bi.vonet.be', 'Total 0,016 sec (DNS 0 sec, connect 0,016 sec, response 0 sec, download 0 sec)', '', 0, 30, 32),
(0, '10246::INFOLIJN DEPARTEMENTELE SITE::SLA', 'Status: Goed; Beschikbaarheid monitoren: Verzamelde gegevens', 'URL', 'www.vlaamseinfolijn.be', 'Total 0,047 sec (DNS 0 sec, connect 0 sec, response 0,031 sec, download 0,016 sec)', '', 0, 287, 32),
(0, '10247::INFOLIJN TELETOLK::SLA', 'Status: Fout; Beschikbaarheid monitoren: Geen gegevens', 'URL', 'www.teletolk.be', 'timed out reading, http://www.vlaanderen.be/nl/gezin-welzijn-en-gezondheid/handicap/teletolk-voor-doven-slechthorenden', '', 0, 262, 32),
(0, '20008::ORAFIN::SLA', 'Status: Goed; Beschikbaarheid monitoren: Verzamelde gegevens', 'URL', 'orafin.vlaanderen.be', 'Total 0,406 sec (DNS 0 sec, connect 0 sec, response 0,406 sec, download 0 sec)', '', 0, 179, 32),
(0, '20041::GISD::SLA', 'Status: Goed; Beschikbaarheid monitoren: Verzamelde gegevens', 'URL', 'huso.vlaanderen.be', 'Total 0 sec (DNS 0 sec, connect 0 sec, response 0 sec, download 0 sec)', '', 0, 125, 32),
(0, '20044::APS WEBSITE::SLA', 'Status: Goed; Beschikbaarheid monitoren: Verzamelde gegevens', 'URL', 'aps.vlaanderen.be', 'Total 0,016 sec (DNS 0 sec, connect 0 sec, response 0,016 sec, download 0 sec)', '', 0, 316, 32),
(0, '20051::VLIMPERS/FLAMINGO::SLA', 'Status: Goed; Beschikbaarheid monitoren: Geen gegevens', 'URL', 'vlimpers-flamingo.vonet.be', 'not found', '', 0, 238, 32),
(0, '20060::INTERFLEX::SLA', 'Status: Goed; Beschikbaarheid monitoren: Verzamelde gegevens', 'URL', 'bru000center81m.vlaanderen.be', 'Total 0 sec (DNS 0 sec, connect 0 sec, response 0 sec, download 0 sec)', '', 0, 62, 32),
(0, '20061::MANDATENBEHEER::SLA', 'Status: Goed; Beschikbaarheid monitoren: Verzamelde gegevens', 'URL', 'mandatenbeheer.vlaanderen.be', 'Total 0 sec (DNS 0 sec, connect 0 sec, response 0 sec, download 0 sec)', '', 0, 336, 32),
(0, '20073::FB_DOCBASE::SLA', 'Status: Goed; Beschikbaarheid monitoren: Verzamelde gegevens', 'URL', 'fb-dms.vlaanderen.be', 'Total 0 sec (DNS 0 sec, connect 0 sec, response 0 sec, download 0 sec)', '', 0, 206, 32),
(0, '20075::BZ_DOCBASE::SLA', 'Status: Goed; Beschikbaarheid monitoren: Verzamelde gegevens', 'URL', 'bz-dms.vlaanderen.be', 'Total 0,094 sec (DNS 0 sec, connect 0 sec, response 0,094 sec, download 0 sec)', '', 0, 106, 32),
(0, '20089::BEGROTINGSHANDBOEK::SLA', 'Status: Fout; Beschikbaarheid monitoren: Geen gegevens', 'URL', 'vormingbegroting.fenb.be', 'timed out reading', '', 0, 154, 32),
(0, '20092::DIGITAAL LOKET - MIJN BINNENLAND::SLA', 'Status: Goed; Beschikbaarheid monitoren: Geen gegevens', 'URL', 'wv158905.vlaanderen.be', 'unauthorized', '', 0, 50, 32),
(0, '30067::WEBEDISON::SLA', 'Status: Goed; Beschikbaarheid monitoren: Geen gegevens', 'URL', 'webedison.vlaanderen.be', 'not found', '', 0, 307, 32),
(0, '30068::STUDIETOELAGEN BO::SLA', 'Status: Goed; Beschikbaarheid monitoren: Verzamelde gegevens', 'URL', 'stlweb.vonet.be', 'Total 0 sec (DNS 0 sec, connect 0 sec, response 0 sec, download 0 sec)', '', 0, 145, 32),
(0, '30200::ONDERWIJS_DOCBASE::SLA', 'Status: Goed; Beschikbaarheid monitoren: Verzamelde gegevens', 'URL', 'onderwijs-dms.vlaanderen.be', 'Total 0 sec (DNS 0 sec, connect 0 sec, response 0 sec, download 0 sec)', '', 0, 134, 32),
(0, '30201::DIGITAAL AANVRAAG FORMULIER (DAF)::SLA', 'Status: Goed; Beschikbaarheid monitoren: Verzamelde gegevens', 'URL', 'daf.vlaanderen.be', 'Total 0,015 sec (DNS 0 sec, connect 0 sec, response 0,015 sec, download 0 sec)', '', 0, 108, 32),
(0, '30210::TEAM_OV (SharePoint Team site OV)::SLA', 'Status: Goed; Beschikbaarheid monitoren: Geen gegevens', 'URL', 'team10.vonet.be', 'unauthorized', '', 0, 187, 32),
(0, '30213::DHO STUDENTENPORTAAL::SLA', 'Status: Goed; Beschikbaarheid monitoren: Verzamelde gegevens', 'URL', 'studentenportaal.vlaanderen.be', 'Total 0,016 sec (DNS 0 sec, connect 0 sec, response 0,016 sec, download 0 sec)', '', 0, 110, 32),
(0, '30219::V-EPD_DOCBASE::SLA', 'Status: Goed; Beschikbaarheid monitoren: Verzamelde gegevens', 'URL', 'vepd-dms.vlaanderen.be', 'Total 0,031 sec (DNS 0 sec, connect 0,015 sec, response 0,016 sec, download 0 sec)', '', 0, 147, 32),
(0, '30224::JIRA OV::SLA', 'Status: Goed; Beschikbaarheid monitoren: Verzamelde gegevens', 'URL', 'jira.ond.vlaanderen.be', 'Total 0,063 sec (DNS 0 sec, connect 0 sec, response 0,047 sec, download 0,016 sec)', '', 0, 70, 32),
(0, '30226::SCM SUBVERSION::SLA', 'Status: Goed; Beschikbaarheid monitoren: Geen gegevens', 'URL', 'subversion-dev.ov.vlaanderen.be', 'unauthorized, http://subversion-dev.ov.vlaanderen.be/svn/', '', 0, 354, 32),
(0, '30227::ADOBE LIFECYCLE PRIL::SLA', 'Status: Goed; Beschikbaarheid monitoren: Verzamelde gegevens', 'URL', 'v158747.vlaanderen.be', 'Total 0 sec (DNS 0 sec, connect 0 sec, response 0 sec, download 0 sec)', '', 0, 361, 32),
(0, '30228::DHO REKENMOTOR::SLA', 'Status: Goed; Beschikbaarheid monitoren: Verzamelde gegevens', 'URL', 'rekenmotorho.vlaanderen.be', 'Total 0 sec (DNS 0 sec, connect 0 sec, response 0 sec, download 0 sec)', '', 0, 282, 32),
(0, '30230::LEER EN ERVARINGSDATABANK (LED)::SLA', 'Status: Goed; Beschikbaarheid monitoren: Verzamelde gegevens', 'URL', '10.23.224.55', 'Total 0 sec (DNS 0 sec, connect 0 sec, response 0 sec, download 0 sec)', '', 0, 332, 32),
(0, '30231::DAVINCI::SLA', 'Status: Goed; Beschikbaarheid monitoren: Geen gegevens', 'URL', 'davinci-mon-etio.vlaanderen.be', 'not found', '', 0, 255, 32),
(0, '30232::DISCIMUS::SLA', 'Status: Goed; Beschikbaarheid monitoren: Verzamelde gegevens', 'URL', 'discimus-app-jm.vlaanderen.be', 'Total 0,048 sec (DNS 0 sec, connect 0 sec, response 0,048 sec, download 0 sec)', '', 0, 280, 32),
(0, '40008::DOMINO::SLA', 'Status: Goed; Beschikbaarheid monitoren: Geen gegevens', 'URL', 'domino.vlaanderen.be', 'not found', '', 0, 14, 32),
(0, '40204::ORKA::SLA', 'Status: Goed; Beschikbaarheid monitoren: Geen gegevens', 'URL', 'orka.vlaanderen.be', 'unauthorized', '', 0, 344, 32),
(0, '40212::GOS::SLA', 'Status: Goed; Beschikbaarheid monitoren: Verzamelde gegevens', 'URL', 'gos.vlaanderen.be', 'Total 0 sec (DNS 0 sec, connect 0 sec, response 0 sec, download 0 sec)', '', 0, 266, 32),
(0, '40213::CIB (CENTRAAL IDENTIFICATIEBESTAND)::SLA', 'Status: Goed; Beschikbaarheid monitoren: Verzamelde gegevens', 'URL', 'cib.vlaanderen.be', 'Total 0 sec (DNS 0 sec, connect 0 sec, response 0 sec, download 0 sec)', '', 0, 365, 32),
(0, '40214::TEAM_CJSM (SharePoint CJSM-VRM)::SLA', 'Status: Goed; Beschikbaarheid monitoren: Geen gegevens', 'URL', 'team10.vonet.be', 'unauthorized', '', 0, 188, 32),
(0, '50001::MIA::SLA', 'Status: Goed; Beschikbaarheid monitoren: Geen gegevens', 'URL', 'mia.vlaanderen.be', 'unauthorized', '', 0, 291, 32),
(0, '50024::WSE_DOCBASE::SLA', 'Status: Goed; Beschikbaarheid monitoren: Verzamelde gegevens', 'URL', 'wse-dms.vlaanderen.be', 'Total 0 sec (DNS 0 sec, connect 0 sec, response 0 sec, download 0 sec)', '', 0, 241, 32),
(0, '50041::GROEIPREMIES VIA CALL::SLA', 'Status: Goed; Beschikbaarheid monitoren: Geen gegevens', 'URL', 'gp.vlaanderen.be', 'server error', '', 0, 376, 32),
(0, '50059::ECOLOGIEPREMIES::SLA', 'Status: Goed; Beschikbaarheid monitoren: Geen gegevens', 'URL', 'ep.vlaanderen.be', 'server error', '', 0, 371, 32),
(0, '50208::DBS-ABB::SLA', 'Status: Goed; Beschikbaarheid monitoren: Geen gegevens', 'URL', 'bru000center38m.ewbl.vlaanderen.be', 'unauthorized', '', 0, 278, 32),
(0, '50210::EPB FRONT OFFICE (Energieprestatiedatabank)::SLA', 'Status: Goed; Beschikbaarheid monitoren: Verzamelde gegevens', 'URL', 'www.energieprestatiedatabank.be', 'Total 0 sec (DNS 0 sec, connect 0 sec, response 0 sec, download 0 sec)', '', 0, 16, 32),
(0, '50211::INKOM MIDDLEWARE::SLA', 'Status: Goed; Beschikbaarheid monitoren: Verzamelde gegevens', 'URL', 'livelink1.vlaanderen.be', 'Total 0,344 sec (DNS 0 sec, connect 0 sec, response 0,329 sec, download 0,015 sec)', '', 0, 263, 32),
(0, '50213::KMO PORTEFEUILLE::SLA', 'Status: Goed; Beschikbaarheid monitoren: Geen gegevens', 'URL', 'op.vlaanderen.be', 'not found', '', 0, 67, 32),
(0, '50214::ESF 2007-2013::SLA', 'Status: Goed; Beschikbaarheid monitoren: Verzamelde gegevens', 'URL', 'esf.vlaanderen.be', 'Total 0 sec (DNS 0 sec, connect 0 sec, response 0 sec, download 0 sec)', '', 0, 114, 32),
(0, '50217::EFRO::SLA', 'Status: Goed; Beschikbaarheid monitoren: Verzamelde gegevens', 'URL', 'efro2007-2013.vlaanderen.be', 'Total 0,015 sec (DNS 0 sec, connect 0 sec, response 0,015 sec, download 0 sec)', '', 0, 165, 32),
(0, '50218::AEO-INKOM::SLA', 'Status: Goed; Beschikbaarheid monitoren: Geen gegevens', 'URL', 'inkom06.vlaanderen.be', 'server error', '', 0, 100, 32),
(0, '50220::ECOLOGIEPREMIES VIA CALL::SLA', 'Status: Goed; Beschikbaarheid monitoren: Geen gegevens', 'URL', 'epcall.vlaanderen.be', 'server error', '', 0, 55, 32),
(0, '50228::TEAM_EWI (SharePoint site EWI)::SLA', 'Status: Goed; Beschikbaarheid monitoren: Geen gegevens', 'URL', 'team10.vonet.be', 'unauthorized', '', 0, 85, 32),
(0, '50229::DIGIBIB (LV_Docbase)::SLA', 'Status: Goed; Beschikbaarheid monitoren: Verzamelde gegevens', 'URL', 'lv-dms.vlaanderen.be', 'Total 0 sec (DNS 0 sec, connect 0 sec, response 0 sec, download 0 sec)', '', 0, 161, 32),
(0, '50231::TEAM_WSE (SharePoint site WSE)::SLA', 'Status: Goed; Beschikbaarheid monitoren: Geen gegevens', 'URL', 'team10.vonet.be', 'unauthorized', '', 0, 230, 32),
(0, '50234::WS10 AWAP::SLA', 'Status: Goed; Beschikbaarheid monitoren: Verzamelde gegevens', 'URL', 'wse-prod-soa.vlaanderen.be', 'Total 0,063 sec (DNS 0 sec, connect 0 sec, response 0,047 sec, download 0,016 sec)', '', 0, 34, 32),
(0, '50236::WS10 ELECTRONISCH INSPECTIEDOSSIER::SLA', 'Status: Goed; Beschikbaarheid monitoren: Verzamelde gegevens', 'URL', 'wse-prod-soa.vlaanderen.be', 'Total 0,015 sec (DNS 0 sec, connect 0 sec, response 0,015 sec, download 0 sec)', '', 0, 240, 32),
(0, '50243::SBW Prestatiestaten::SLA', 'Status: Goed; Beschikbaarheid monitoren: Verzamelde gegevens', 'URL', 'sbw.vlaanderen.be', 'Total 0,016 sec (DNS 0 sec, connect 0 sec, response 0 sec, download 0,016 sec)', '', 0, 343, 32),
(0, '50244::QUOVIS 2010::SLA', 'Status: Goed; Beschikbaarheid monitoren: Verzamelde gegevens', 'URL', 'quovis.vlaanderen.be', 'Total 0,063 sec (DNS 0 sec, connect 0 sec, response 0 sec, download 0,063 sec)', '', 0, 139, 32),
(0, '50246::EP-PLUS::SLA', 'Status: Goed; Beschikbaarheid monitoren: Geen gegevens', 'URL', 'epplus.vlaanderen.be', 'server error', '', 0, 52, 32),
(0, '50251::eSUBSIDIELOKET TWP::SLA', 'Status: Goed; Beschikbaarheid monitoren: Geen gegevens', 'URL', 'twp.vlaanderen.be', 'not found', '', 0, 118, 32),
(0, '50252::LMN::SLA', 'Status: Goed; Beschikbaarheid monitoren: Verzamelde gegevens', 'URL', '10.22.74.82', 'Total 0 sec (DNS 0 sec, connect 0 sec, response 0 sec, download 0 sec)', '', 0, 177, 32),
(0, '50257::ASA (DEP LV MUG)::SLA', 'Status: Goed; Beschikbaarheid monitoren: Verzamelde gegevens', 'URL', 'wap000008v.vlaanderen.be', 'Total 0 sec (DNS 0 sec, connect 0 sec, response 0 sec, download 0 sec)', '', 0, 162, 32),
(0, '50268::MERCURIUS CRM::SLA', 'Status: Goed; Beschikbaarheid monitoren: Geen gegevens', 'URL', 'mercurius-ws.vonet.be', 'unauthorized', '', 0, 130, 32),
(0, '60075::VLIMPERS::SLA', 'Status: Goed; Beschikbaarheid monitoren: Verzamelde gegevens', 'URL', 'vlimpers-hr.vonet.be', 'Total 0,032 sec (DNS 0 sec, connect 0,016 sec, response 0,016 sec, download 0 sec)', '', 0, 356, 32),
(0, '60200::KIM_DOCBASE::SLA', 'Status: Goed; Beschikbaarheid monitoren: Verzamelde gegevens', 'URL', 'kim-dms.vlaanderen.be', 'Total 0,078 sec (DNS 0 sec, connect 0 sec, response 0,078 sec, download 0 sec)', '', 0, 68, 32),
(0, '60211::EROOM_MOW::SLA', 'Status: Goed; Beschikbaarheid monitoren: Verzamelde gegevens', 'URL', 'eroom-mow.vlaanderen.be', 'Total 0 sec (DNS 0 sec, connect 0 sec, response 0 sec, download 0 sec)', '', 0, 54, 32),
(0, '60222::GEO_DOCBASE::SLA', 'Status: Goed; Beschikbaarheid monitoren: Verzamelde gegevens', 'URL', 'geo_ap.rwo.vlaanderen.be', 'Total 0 sec (DNS 0 sec, connect 0 sec, response 0 sec, download 0 sec)', '', 0, 58, 32),
(0, '60223::CENTAURUS::SLA', 'Status: Goed; Beschikbaarheid monitoren: Verzamelde gegevens', 'URL', 'centaurus.vlaanderen.be', 'Total 0 sec (DNS 0 sec, connect 0 sec, response 0 sec, download 0 sec)', '', 0, 9, 32),
(0, '60224::WINTERDIENST EXPLOITATIE::SLA', 'Status: Goed; Beschikbaarheid monitoren: Verzamelde gegevens', 'URL', '10.22.77.55', 'Total 0 sec (DNS 0 sec, connect 0 sec, response 0 sec, download 0 sec)', '', 0, 149, 32),
(0, '60229::TEAM_LV (Sharepoint LV)::SLA', 'Status: Goed; Beschikbaarheid monitoren: Geen gegevens', 'URL', 'team10.vonet.be', 'unauthorized', '', 0, 346, 32),
(0, '60230::TEAM_RWO (SharePoint site RWO)::SLA', 'Status: Goed; Beschikbaarheid monitoren: Geen gegevens', 'URL', 'teamrwo.vonet.be', 'unauthorized', '', 0, 347, 32),
(0, '60232::Sharepoint Team site LNE ANB::SLA', 'Status: Goed; Beschikbaarheid monitoren: Geen gegevens', 'URL', 'teamlne.vonet.be', 'unauthorized', '', 0, 24, 32),
(0, '60233::ATO_DOCBASE::SLA', 'Status: Goed; Beschikbaarheid monitoren: Verzamelde gegevens', 'URL', 'ato-dms.vlaanderen.be', 'Total 0,078 sec (DNS 0 sec, connect 0 sec, response 0,062 sec, download 0,016 sec)', '', 0, 104, 32),
(0, '60239::SPW::SLA', 'Status: Goed; Beschikbaarheid monitoren: Verzamelde gegevens', 'URL', '10.22.2.174', 'Total 0,063 sec (DNS 0 sec, connect 0 sec, response 0,063 sec, download 0 sec)', '', 0, 25, 32),
(0, '60240::FAST::SLA', 'Status: Goed; Beschikbaarheid monitoren: Verzamelde gegevens', 'URL', 'awv.vlaanderen.be', 'Total 0 sec (DNS 0 sec, connect 0 sec, response 0 sec, download 0 sec)', '', 0, 119, 32),
(0, '60241::MOWDWH::SLA', 'Status: Fout; Beschikbaarheid monitoren: Geen gegevens', 'URL', 'uv158920.vlaanderen.be', 'timed out reading', '', 0, 17, 32),
(0, '60242::EDELTA::SLA', 'Status: Goed; Beschikbaarheid monitoren: Verzamelde gegevens', 'URL', 'edelta.vlaanderen.be', 'Total 0,173 sec (DNS 0 sec, connect 0 sec, response 0,157 sec, download 0,016 sec)', '', 0, 15, 32),
(0, '60244::DENK::SLA', 'Status: Goed; Beschikbaarheid monitoren: Verzamelde gegevens', 'URL', '10.22.24.16', 'Total 0,171 sec (DNS 0 sec, connect 0 sec, response 0,171 sec, download 0 sec)', '', 0, 322, 32),
(0, '60246::WISKI::SLA', 'Status: Goed; Beschikbaarheid monitoren: Verzamelde gegevens', 'URL', '10.22.77.11', 'Total 0,016 sec (DNS 0 sec, connect 0 sec, response 0 sec, download 0,016 sec)', '', 0, 242, 32),
(0, '60247::EPM::SLA', 'Status: Goed; Beschikbaarheid monitoren: Geen gegevens', 'URL', 'epm.vlaanderen.be', 'unauthorized', '', 0, 116, 32),
(0, '60248::RWO APEX::SLA', 'Status: Goed; Beschikbaarheid monitoren: Verzamelde gegevens', 'URL', 's128154.vlaanderen.be', 'Total 0,188 sec (DNS 0 sec, connect 0 sec, response 0,188 sec, download 0 sec)', '', 0, 342, 32),
(0, '60249::WEGENDATABANK::SLA', 'Status: Goed; Beschikbaarheid monitoren: Verzamelde gegevens', 'URL', '10.22.77.12', 'Total 0,063 sec (DNS 0 sec, connect 0 sec, response 0 sec, download 0,063 sec)', '', 0, 235, 32),
(0, '60251::MADAME::SLA', 'Status: Goed; Beschikbaarheid monitoren: Geen gegevens', 'URL', 'madame.vlaanderen.be', 'server error, http://wm162456.vlaanderen.be/madame/', '', 0, 296, 32),
(0, '60252::POSTREGISTRATIE::SLA', 'Status: Goed; Beschikbaarheid monitoren: Verzamelde gegevens', 'URL', '10.22.77.53', 'Total 0,016 sec (DNS 0 sec, connect 0,016 sec, response 0 sec, download 0 sec)', '', 0, 140, 32),
(0, '60253::LEGAL SUITE::SLA', 'Status: Goed; Beschikbaarheid monitoren: Verzamelde gegevens', 'URL', '10.22.80.17', 'Total 0,016 sec (DNS 0 sec, connect 0 sec, response 0,016 sec, download 0 sec)', '', 0, 213, 32),
(0, '60254::MAGPLUS::SLA', 'Status: Goed; Beschikbaarheid monitoren: Verzamelde gegevens', 'URL', '10.22.77.23', 'Total 0,016 sec (DNS 0 sec, connect 0 sec, response 0,016 sec, download 0 sec)', '', 0, 337, 32),
(0, '60256::IRG::SLA', 'Status: Goed; Beschikbaarheid monitoren: Geen gegevens', 'URL', 'irg.vlaanderen.be', 'forbidden', '', 0, 289, 32),
(0, '60257::GEOPORTAAL MOBILITEIT (GEOMOB)::SLA', 'Status: Fout; Beschikbaarheid monitoren: Geen gegevens', 'URL', 'geomob.vlaanderen.be', 'timed out reading', '', 0, 324, 32),
(0, '60261::MOW APEX::SLA', 'Status: Goed; Beschikbaarheid monitoren: Verzamelde gegevens', 'URL', 'uv158920.vlaanderen.be', 'Total 0,438 sec (DNS 0 sec, connect 0 sec, response 0,438 sec, download 0 sec)', '', 0, 294, 32),
(0, '60262::SHAREPOINT WATLAB::SLA', 'Status: Goed; Beschikbaarheid monitoren: Geen gegevens', 'URL', 'wlportaal.vlaanderen.be', 'unauthorized', '', 0, 83, 32),
(0, '60263::SHAREPOINT VEA TEAM SITE::SLA', 'Status: Goed; Beschikbaarheid monitoren: Geen gegevens', 'URL', 'team10.vonet.be', 'unauthorized', '', 0, 81, 32),
(0, '60264::WEBSITES WATLAB::SLA', 'Status: Goed; Beschikbaarheid monitoren: Verzamelde gegevens', 'URL', 'www.watlab.be', 'Total 0,156 sec (DNS 0 sec, connect 0 sec, response 0,156 sec, download 0 sec)', '', 0, 306, 32),
(0, '60267::MISTER::SLA', 'Status: Goed; Beschikbaarheid monitoren: Verzamelde gegevens', 'URL', 'mister.vlaanderen.be', 'Total 0 sec (DNS 0 sec, connect 0 sec, response 0 sec, download 0 sec)', '', 0, 129, 32),
(0, '60268::MATADOR::SLA', 'Status: Goed; Beschikbaarheid monitoren: Verzamelde gegevens', 'URL', 'wm162456.vlaanderen.be', 'Total 0 sec (DNS 0 sec, connect 0 sec, response 0 sec, download 0 sec)', '', 0, 132, 32),
(0, '60271::BEHEER MARITIEME WERKEN::SLA', 'Status: Fout; Beschikbaarheid monitoren: Geen gegevens', 'URL', 'beheermaritiemewerken.vlaanderen.be', 'unauthorized', '', 0, 6, 32),
(0, '60275::VERKEERSBORDENDATABANK (VKB)::SLA', 'Status: Fout; Beschikbaarheid monitoren: Geen gegevens', 'URL', 'geomob.vlaanderen.be', 'timed out reading', '', 0, 94, 32),
(0, '60276::GEOLOKET ONGEVALLEN::SLA', 'Status: Fout; Beschikbaarheid monitoren: Geen gegevens', 'URL', 'geomob.vlaanderen.be', 'timed out reading', '', 0, 285, 32),
(0, '60281::MOW DATAROOM::SLA', 'Status: Goed; Beschikbaarheid monitoren: Verzamelde gegevens', 'URL', 'dataroommow.vonet.be', 'Total 0,203 sec (DNS 0 sec, connect 0,016 sec, response 0,031 sec, download 0,156 sec)', '', 0, 341, 32),
(0, '70202::CJSM_DOCBASE::SLA', 'Status: Goed; Beschikbaarheid monitoren: Verzamelde gegevens', 'URL', 'cjsm-dms.vlaanderen.be', 'Total 0 sec (DNS 0 sec, connect 0 sec, response 0 sec, download 0 sec)', '', 0, 48, 32),
(0, '81001::VOPS::SLA', 'Status: Goed; Beschikbaarheid monitoren: Verzamelde gegevens', 'URL', 'vops.vonet.be', 'Total 0,015 sec (DNS 0 sec, connect 0 sec, response 0,015 sec, download 0 sec)', '', 0, 193, 32),
(0, '81005::ARIBA::SLA', 'Status: Fout; Beschikbaarheid monitoren: Geen gegevens', 'URL', 'ariba.vonet.be', 'timed out reading', '', 0, 46, 32),
(0, '81007::DDC-DMS::SLA', 'Status: Goed; Beschikbaarheid monitoren: Verzamelde gegevens', 'URL', 'ddc-dms.vlaanderen.be', 'Total 0 sec (DNS 0 sec, connect 0 sec, response 0 sec, download 0 sec)', '', 0, 279, 32),
(0, '81008::DDC-DWH::SLA', 'Status: Goed; Beschikbaarheid monitoren: Verzamelde gegevens', 'URL', 'vobip-bi.vonet.be', 'Total 0,016 sec (DNS 0 sec, connect 0 sec, response 0,016 sec, download 0 sec)', '', 0, 12, 32),
(0, '81013::EIB_DOCBASE::SLA', 'Status: Goed; Beschikbaarheid monitoren: Verzamelde gegevens', 'URL', 'eib-dms.vlaanderen.be', 'Total 0 sec (DNS 0 sec, connect 0 sec, response 0 sec, download 0 sec)', '', 0, 111, 32),
(0, '81018::CMDB2::SLA', 'Status: Goed; Beschikbaarheid monitoren: Verzamelde gegevens', 'URL', 'cmdb2.vonet.be', 'Total 0 sec (DNS 0 sec, connect 0 sec, response 0 sec, download 0 sec)', '', 0, 254, 32),
(0, '81020::WEBIDM2::SLA', 'Status: Fout; Beschikbaarheid monitoren: Geen gegevens', 'URL', 'gebruikersbeheer.vonet.be', 'unable to connect to server', '', 0, 305, 32),
(0, '81024::IPDC PRODUCTENCATALOGUS::SLA', 'Status: Goed; Beschikbaarheid monitoren: Verzamelde gegevens', 'URL', 'productencatalogus.vlaanderen.be', 'Total 0 sec (DNS 0 sec, connect 0 sec, response 0 sec, download 0 sec)', '', 0, 286, 32),
(0, '81033::VO-DCB (DIGITAAL CERTIFICATENBEHEER)::SLA', 'Status: Goed; Beschikbaarheid monitoren: Verzamelde gegevens', 'URL', 'certificaten-ov.vlaanderen.be', 'Total 0,015 sec (DNS 0 sec, connect 0 sec, response 0 sec, download 0,015 sec)', '', 0, 359, 32),
(0, '00112::NADIA::SLA', 'Status: Goed; Beschikbaarheid monitoren: Verzamelde gegevens', 'URL', 'nadia-ambtenaar.vlaanderen.be', 'Total 0 sec (DNS 0 sec, connect 0 sec, response 0 sec, download 0 sec)', '4/05/2015 9:07', 0, 135, 34),
(0, '00125::ARCHIBUS::SLA', 'Status: Fout; Beschikbaarheid monitoren: Geen gegevens', 'URL', 'www.facilipunt.be', 'timed out reading', '4/05/2015 9:03', 0, 317, 34),
(0, '00219::BREDERO::SLA', 'Status: Goed; Beschikbaarheid monitoren: Verzamelde gegevens', 'URL', 'bredero.vlaanderen.be', 'Total 0,187 sec (DNS 0 sec, connect 0 sec, response 0,187 sec, download 0 sec)', '4/05/2015 9:03', 0, 153, 34),
(0, '00286::HISTORIA::SLA', 'Status: Goed; Beschikbaarheid monitoren: Verzamelde gegevens', 'URL', '10.22.77.71', 'Total 0,015 sec (DNS 0 sec, connect 0 sec, response 0,015 sec, download 0 sec)', '4/05/2015 9:04', 0, 265, 34),
(0, '00325::IBIS::SLA', 'Status: Goed; Beschikbaarheid monitoren: Verzamelde gegevens', 'URL', 'ibis.vlaanderen.be', 'Total 0,015 sec (DNS 0 sec, connect 0 sec, response 0,015 sec, download 0 sec)', '4/05/2015 9:03', 0, 121, 34),
(0, '00344::BRYGGJA::SLA', 'Status: Goed; Beschikbaarheid monitoren: Geen gegevens', 'URL', 'bryggja.vlaanderen.be', 'not found', '4/05/2015 9:08', 0, 107, 34),
(0, '00351::DOV::SLA', 'Status: Goed; Beschikbaarheid monitoren: Verzamelde gegevens', 'URL', 'dov-intra.vonet.be', 'Total 0 sec (DNS 0 sec, connect 0 sec, response 0 sec, download 0 sec)', '4/05/2015 9:03', 0, 319, 34),
(0, '00369::MERCATOR::SLA', 'Status: Goed; Beschikbaarheid monitoren: Verzamelde gegevens', 'URL', 'mercator2.vlaanderen.be', 'Total 0 sec (DNS 0 sec, connect 0 sec, response 0 sec, download 0 sec)', '4/05/2015 9:03', 0, 292, 34),
(0, '00394::DATA WAREHOUSE MIS::SLA', 'Status: Goed; Beschikbaarheid monitoren: Verzamelde gegevens', 'URL', 'vobip-bi.vonet.be', 'Total 0 sec (DNS 0 sec, connect 0 sec, response 0 sec, download 0 sec)', '4/05/2015 9:07', 0, 157, 34),
(0, '00969::RWO GIS::SLA', 'Status: Goed; Beschikbaarheid monitoren: Verzamelde gegevens', 'URL', 'geo-dms.vlaanderen.be', 'Total 0,016 sec (DNS 0 sec, connect 0 sec, response 0 sec, download 0,016 sec)', '4/05/2015 9:03', 0, 138, 34),
(0, '01133::VERGUNNINGENREGISTER::SLA', 'Status: Goed; Beschikbaarheid monitoren: Verzamelde gegevens', 'URL', 'vergunningenregister.vlaanderen.be', 'Total 0 sec (DNS 0 sec, connect 0 sec, response 0 sec, download 0 sec)', '4/05/2015 9:03', 0, 96, 34),
(0, '10003.2::NIEUWSBERICHTEN::SLA', 'Status: Goed; Beschikbaarheid monitoren: Geen gegevens', 'URL', '10.22.77.37', 'not found', '4/05/2015 9:08', 0, 137, 34),
(0, '10007::VLAAMSE CODEX::SLA', 'Status: Fout; Beschikbaarheid monitoren: Geen gegevens', 'URL', 'codex.vlaanderen.be', 'timed out reading', '4/05/2015 9:03', 0, 304, 34),
(0, '10011::VLIOM-MANDATENDB::SLA', 'Status: Goed; Beschikbaarheid monitoren: Verzamelde gegevens', 'URL', 'vliomvo.vlaanderen.be', 'Total 0 sec (DNS 0 sec, connect 0 sec, response 0 sec, download 0 sec)', '4/05/2015 9:03', 0, 148, 34),
(0, '10012::TAALADVIES::SLA', 'Status: Goed; Beschikbaarheid monitoren: Verzamelde gegevens', 'URL', 'databanktaaladvies.vlaanderen.be', 'Total 0 sec (DNS 0 sec, connect 0 sec, response 0 sec, download 0 sec)', '4/05/2015 9:03', 0, 232, 34),
(0, '10013::GEDV GRONDW HOF::SLA', 'Status: Goed; Beschikbaarheid monitoren: Verzamelde gegevens', 'URL', 'gedingvoering.vonet.be', 'Total 0,156 sec (DNS 0 sec, connect 0 sec, response 0,141 sec, download 0,015 sec)', '4/05/2015 9:03', 0, 260, 34),
(0, '10014::BIBIS::SLA', 'Status: Goed; Beschikbaarheid monitoren: Verzamelde gegevens', 'URL', 'bibis-int.vlaanderen.be', 'Total 0 sec (DNS 0 sec, connect 0 sec, response 0 sec, download 0 sec)', '4/05/2015 9:03', 0, 42, 34),
(0, '10024::TELEFOONGIDS VL (TGV)::SLA', 'Status: Goed; Beschikbaarheid monitoren: Verzamelde gegevens', 'URL', 'tgv.vlaanderen.be', 'Total 0 sec (DNS 0 sec, connect 0 sec, response 0 sec, download 0 sec)', '4/05/2015 9:03', 0, 146, 34),
(0, '10026::VLAAMSE INFOLIJN (PORTAAL)::SLA', 'Status: Goed; Beschikbaarheid monitoren: Geen gegevens', 'URL', '10.22.77.37', 'server busy', '4/05/2015 9:07', 0, 352, 34),
(0, '10028::IV (PORTAALSITE FLANDERS)::SLA', 'Status: Goed; Beschikbaarheid monitoren: Geen gegevens', 'URL', 'www.flanders.be', 'server busy', '4/05/2015 9:09', 0, 331, 34),
(0, '10037::ELEKTRONISCH BESTELLOKET VAN PUBLICATIES (EBL)::SLA', 'Status: Goed; Beschikbaarheid monitoren: Verzamelde gegevens', 'URL', 'ebl.vlaanderen.be', 'Total 0,631 sec (DNS 0 sec, connect 0 sec, response 0,631 sec, download 0 sec)', '4/05/2015 9:03', 0, 323, 34),
(0, '10038::CMS GEN ASSETS::SLA', 'Status: Goed; Beschikbaarheid monitoren: Verzamelde gegevens', 'URL', 'widgets.vlaanderen.be', 'Total 0,016 sec (DNS 0 sec, connect 0,016 sec, response 0 sec, download 0 sec)', '4/05/2015 9:09', 0, 277, 34),
(0, '10214::OESO::SLA', 'Status: Goed; Beschikbaarheid monitoren: Verzamelde gegevens', 'URL', 'oeso.vlaanderen.be', 'Total 0,015 sec (DNS 0 sec, connect 0 sec, response 0 sec, download 0,015 sec)', '4/05/2015 9:03', 0, 379, 34),
(0, '10217::SECRETARIE_VR_DOCBASE (DORIS2)::SLA', 'Status: Fout; Beschikbaarheid monitoren: Geen gegevens', 'URL', 'secretarie-vr-dms.vlaanderen.be', 'timed out reading', '4/05/2015 9:03', 0, 19, 34),
(0, '10218::IPUBLISH::SLA', 'Status: Goed; Beschikbaarheid monitoren: Verzamelde gegevens', 'URL', 'Koepel.vonet.be', 'Total 0 sec (DNS 0 sec, connect 0 sec, response 0 sec, download 0 sec)', '4/05/2015 9:03', 0, 377, 34),
(0, '10220::IPUBLISH INT::SLA', 'Status: Goed; Beschikbaarheid monitoren: Verzamelde gegevens', 'URL', 'fin.vlaanderen.be', 'Total 0 sec (DNS 0 sec, connect 0 sec, response 0 sec, download 0 sec)', '4/05/2015 9:03', 0, 288, 34),
(0, '10223::TEAM_BZ::SLA', 'Status: Goed; Beschikbaarheid monitoren: Geen gegevens', 'URL', 'team10.vonet.be', 'unauthorized', '4/05/2015 9:12', 0, 345, 34),
(0, '10224::TEAM_DAR (SharePoint site DAR)::SLA', 'Status: Goed; Beschikbaarheid monitoren: Geen gegevens', 'URL', 'teamdar.vonet.be', 'unauthorized', '4/05/2015 9:12', 0, 183, 34),
(0, '10225::PUBLIEK_DAR (Sharepoint Publieke site DAR SVR)::SLA', 'Status: Fout; Beschikbaarheid monitoren: Geen gegevens', 'URL', 'www4.vlaanderen.be', 'timed out reading', '4/05/2015 9:03', 0, 185, 34),
(0, '10226::TEAM_IV (SharePoint Team site IV)::SLA', 'Status: Goed; Beschikbaarheid monitoren: Geen gegevens', 'URL', 'team10.vonet.be', 'unauthorized', '4/05/2015 9:03', 0, 23, 34),
(0, '10228::BZDWH::SLA', 'Status: Goed; Beschikbaarheid monitoren: Verzamelde gegevens', 'URL', 'vobippubliek.vlaanderen.be', 'Total 0 sec (DNS 0 sec, connect 0 sec, response 0 sec, download 0 sec)', '4/05/2015 9:03', 0, 249, 34),
(0, '10229::DAR_DOCBASE::SLA', 'Status: Goed; Beschikbaarheid monitoren: Verzamelde gegevens', 'URL', 'dar-dms.vlaanderen.be', 'Total 0,032 sec (DNS 0 sec, connect 0 sec, response 0,032 sec, download 0 sec)', '4/05/2015 9:03', 0, 252, 34),
(0, '10230::STR8 (Siebel)::SLA', 'Status: Goed; Beschikbaarheid monitoren: Verzamelde gegevens', 'URL', 'siebel81.cpvi.vonet.be', 'Total 0,016 sec (DNS 0 sec, connect 0,016 sec, response 0 sec, download 0 sec)', '4/05/2015 9:03', 0, 89, 34),
(0, '10232::TELEFOONGIDS VLAAMSE OVERHEID (TGV2)::SLA', 'Status: Goed; Beschikbaarheid monitoren: Verzamelde gegevens', 'URL', 'tgvtest.vonet.be', 'Total 0 sec (DNS 0 sec, connect 0 sec, response 0 sec, download 0 sec)', '4/05/2015 9:03', 0, 90, 34),
(0, '10233::TOEGANKELIJK VLAANDEREN::SLA', 'Status: Goed; Beschikbaarheid monitoren: Verzamelde gegevens', 'URL', 'toevla.vlaanderen.be', 'Total 0,313 sec (DNS 0 sec, connect 0 sec, response 0,313 sec, download 0 sec)', '4/05/2015 9:03', 0, 233, 34),
(0, '10234::VLIS::SLA', 'Status: Goed; Beschikbaarheid monitoren: Verzamelde gegevens', 'URL', 'vlis.vlaanderen.be', 'Total 0,015 sec (DNS 0 sec, connect 0 sec, response 0 sec, download 0,015 sec)', '4/05/2015 9:03', 0, 97, 34),
(0, '10237::BTO BOOKINGS::SLA', 'Status: Goed; Beschikbaarheid monitoren: Verzamelde gegevens', 'URL', 'bto.vlaanderen.be', 'Total 0 sec (DNS 0 sec, connect 0 sec, response 0 sec, download 0 sec)', '4/05/2015 9:03', 0, 47, 34),
(0, '10238::MAGAZIJNBEHEER TOERISME VLAANDEREN::SLA', 'Status: Goed; Beschikbaarheid monitoren: Verzamelde gegevens', 'URL', '10.22.79.7', 'Total 0,031 sec (DNS 0 sec, connect 0 sec, response 0,015 sec, download 0,016 sec)', '4/05/2015 9:10', 0, 71, 34),
(0, '10239::CRM BRAVO::SLA', 'Status: Fout; Beschikbaarheid monitoren: Geen gegevens', 'URL', 'vom.eu.hpbpaas.com', 'timed out reading', '4/05/2015 9:04', 0, 253, 34),
(0, '10244::VLAAMSE INFOLIJN DWH::SLA', 'Status: Goed; Beschikbaarheid monitoren: Verzamelde gegevens', 'URL', 'vobip-bi.vonet.be', 'Total 0 sec (DNS 0 sec, connect 0 sec, response 0 sec, download 0 sec)', '4/05/2015 9:09', 0, 30, 34),
(0, '10246::INFOLIJN DEPARTEMENTELE SITE::SLA', 'Status: Goed; Beschikbaarheid monitoren: Verzamelde gegevens', 'URL', 'www.vlaamseinfolijn.be', 'Total 0,047 sec (DNS 0 sec, connect 0 sec, response 0,047 sec, download 0 sec)', '4/05/2015 9:03', 0, 287, 34),
(0, '10247::INFOLIJN TELETOLK::SLA', 'Status: Goed; Beschikbaarheid monitoren: Geen gegevens', 'URL', '10.22.77.37', 'server busy', '4/05/2015 9:11', 0, 262, 34),
(0, '20008::ORAFIN::SLA', 'Status: Goed; Beschikbaarheid monitoren: Verzamelde gegevens', 'URL', 'orafin.vlaanderen.be', 'Total 1 sec (DNS 0 sec, connect 0 sec, response 0,984 sec, download 0,016 sec)', '4/05/2015 9:03', 0, 179, 34),
(0, '20041::GISD::SLA', 'Status: Goed; Beschikbaarheid monitoren: Verzamelde gegevens', 'URL', 'huso.vlaanderen.be', 'Total 0 sec (DNS 0 sec, connect 0 sec, response 0 sec, download 0 sec)', '4/05/2015 9:03', 0, 125, 34),
(0, '20044::APS WEBSITE::SLA', 'Status: Goed; Beschikbaarheid monitoren: Verzamelde gegevens', 'URL', 'aps.vlaanderen.be', 'Total 0,016 sec (DNS 0 sec, connect 0 sec, response 0,016 sec, download 0 sec)', '4/05/2015 9:03', 0, 316, 34),
(0, '20051::VLIMPERS/FLAMINGO::SLA', 'Status: Goed; Beschikbaarheid monitoren: Geen gegevens', 'URL', 'vlimpers-flamingo.vonet.be', 'not found', '4/05/2015 9:10', 0, 238, 34),
(0, '20060::INTERFLEX::SLA', 'Status: Goed; Beschikbaarheid monitoren: Verzamelde gegevens', 'URL', 'bru000center81m.vlaanderen.be', 'Total 0 sec (DNS 0 sec, connect 0 sec, response 0 sec, download 0 sec)', '4/05/2015 9:03', 0, 62, 34),
(0, '20061::MANDATENBEHEER::SLA', 'Status: Goed; Beschikbaarheid monitoren: Verzamelde gegevens', 'URL', 'mandatenbeheer.vlaanderen.be', 'Total 0 sec (DNS 0 sec, connect 0 sec, response 0 sec, download 0 sec)', '4/05/2015 9:03', 0, 336, 34),
(0, '20073::FB_DOCBASE::SLA', 'Status: Goed; Beschikbaarheid monitoren: Verzamelde gegevens', 'URL', 'fb-dms.vlaanderen.be', 'Total 0,015 sec (DNS 0 sec, connect 0 sec, response 0 sec, download 0,015 sec)', '4/05/2015 9:03', 0, 206, 34),
(0, '20075::BZ_DOCBASE::SLA', 'Status: Goed; Beschikbaarheid monitoren: Verzamelde gegevens', 'URL', 'bz-dms.vlaanderen.be', 'Total 0,079 sec (DNS 0 sec, connect 0 sec, response 0,079 sec, download 0 sec)', '4/05/2015 9:03', 0, 106, 34),
(0, '20089::BEGROTINGSHANDBOEK::SLA', 'Status: Fout; Beschikbaarheid monitoren: Geen gegevens', 'URL', 'vormingbegroting.fenb.be', 'timed out reading', '4/05/2015 9:04', 0, 154, 34),
(0, '20092::DIGITAAL LOKET - MIJN BINNENLAND::SLA', 'Status: Goed; Beschikbaarheid monitoren: Geen gegevens', 'URL', 'wv158905.vlaanderen.be', 'unauthorized', '4/05/2015 9:12', 0, 50, 34),
(0, '30067::WEBEDISON::SLA', 'Status: Goed; Beschikbaarheid monitoren: Geen gegevens', 'URL', 'webedison.vlaanderen.be', 'not found', '4/05/2015 9:13', 0, 307, 34),
(0, '30068::STUDIETOELAGEN BO::SLA', 'Status: Goed; Beschikbaarheid monitoren: Verzamelde gegevens', 'URL', 'stlweb.vonet.be', 'Total 0 sec (DNS 0 sec, connect 0 sec, response 0 sec, download 0 sec)', '4/05/2015 9:03', 0, 145, 34),
(0, '30200::ONDERWIJS_DOCBASE::SLA', 'Status: Goed; Beschikbaarheid monitoren: Verzamelde gegevens', 'URL', 'onderwijs-dms.vlaanderen.be', 'Total 0 sec (DNS 0 sec, connect 0 sec, response 0 sec, download 0 sec)', '4/05/2015 9:03', 0, 134, 34),
(0, '30201::DIGITAAL AANVRAAG FORMULIER (DAF)::SLA', 'Status: Goed; Beschikbaarheid monitoren: Verzamelde gegevens', 'URL', 'daf.vlaanderen.be', 'Total 0,031 sec (DNS 0 sec, connect 0 sec, response 0,016 sec, download 0,015 sec)', '4/05/2015 9:04', 0, 108, 34),
(0, '30210::TEAM_OV (SharePoint Team site OV)::SLA', 'Status: Goed; Beschikbaarheid monitoren: Geen gegevens', 'URL', 'team10.vonet.be', 'unauthorized', '4/05/2015 9:04', 0, 187, 34),
(0, '30213::DHO STUDENTENPORTAAL::SLA', 'Status: Goed; Beschikbaarheid monitoren: Verzamelde gegevens', 'URL', 'studentenportaal.vlaanderen.be', 'Total 0,015 sec (DNS 0 sec, connect 0 sec, response 0,015 sec, download 0 sec)', '4/05/2015 9:04', 0, 110, 34),
(0, '30219::V-EPD_DOCBASE::SLA', 'Status: Goed; Beschikbaarheid monitoren: Verzamelde gegevens', 'URL', 'vepd-dms.vlaanderen.be', 'Total 0,015 sec (DNS 0 sec, connect 0 sec, response 0,015 sec, download 0 sec)', '4/05/2015 9:04', 0, 147, 34),
(0, '30224::JIRA OV::SLA', 'Status: Goed; Beschikbaarheid monitoren: Verzamelde gegevens', 'URL', 'jira.ond.vlaanderen.be', 'Total 0,077 sec (DNS 0 sec, connect 0 sec, response 0,062 sec, download 0,015 sec)', '4/05/2015 9:04', 0, 70, 34),
(0, '30226::SCM SUBVERSION::SLA', 'Status: Goed; Beschikbaarheid monitoren: Geen gegevens', 'URL', 'subversion-dev.ov.vlaanderen.be', 'unauthorized, http://subversion-dev.ov.vlaanderen.be/svn/', '4/05/2015 9:11', 0, 354, 34),
(0, '30227::ADOBE LIFECYCLE PRIL::SLA', 'Status: Goed; Beschikbaarheid monitoren: Verzamelde gegevens', 'URL', 'v158747.vlaanderen.be', 'Total 0 sec (DNS 0 sec, connect 0 sec, response 0 sec, download 0 sec)', '4/05/2015 9:04', 0, 361, 34),
(0, '30228::DHO REKENMOTOR::SLA', 'Status: Goed; Beschikbaarheid monitoren: Verzamelde gegevens', 'URL', 'rekenmotorho.vlaanderen.be', 'Total 0,016 sec (DNS 0 sec, connect 0 sec, response 0,016 sec, download 0 sec)', '4/05/2015 9:04', 0, 282, 34),
(0, '30230::LEER EN ERVARINGSDATABANK (LED)::SLA', 'Status: Goed; Beschikbaarheid monitoren: Verzamelde gegevens', 'URL', '10.23.224.55', 'Total 0,015 sec (DNS 0 sec, connect 0 sec, response 0,015 sec, download 0 sec)', '4/05/2015 9:05', 0, 332, 34),
(0, '30231::DAVINCI::SLA', 'Status: Goed; Beschikbaarheid monitoren: Geen gegevens', 'URL', 'davinci-mon-etio.vlaanderen.be', 'not found', '4/05/2015 9:05', 0, 255, 34),
(0, '30232::DISCIMUS::SLA', 'Status: Goed; Beschikbaarheid monitoren: Verzamelde gegevens', 'URL', 'discimus-app-jm.vlaanderen.be', 'Total 0,046 sec (DNS 0 sec, connect 0 sec, response 0,046 sec, download 0 sec)', '4/05/2015 9:04', 0, 280, 34),
(0, '30234::ONDERWIJSPORTAAL::SLA', 'Status: Goed; Beschikbaarheid monitoren: Verzamelde gegevens', 'URL', '10.23.236.45', 'Total 0,641 sec (DNS 0 sec, connect 0 sec, response 0,625 sec, download 0,016 sec)', '4/05/2015 9:10', 0, 73, 34),
(0, '40008::DOMINO::SLA', 'Status: Goed; Beschikbaarheid monitoren: Geen gegevens', 'URL', 'domino.vlaanderen.be', 'not found', '4/05/2015 9:11', 0, 14, 34),
(0, '40204::ORKA::SLA', 'Status: Goed; Beschikbaarheid monitoren: Geen gegevens', 'URL', 'orka.vlaanderen.be', 'unauthorized', '4/05/2015 9:12', 0, 344, 34),
(0, '40212::GOS::SLA', 'Status: Goed; Beschikbaarheid monitoren: Verzamelde gegevens', 'URL', 'gos.vlaanderen.be', 'Total 0 sec (DNS 0 sec, connect 0 sec, response 0 sec, download 0 sec)', '4/05/2015 9:04', 0, 266, 34);
INSERT INTO `fmo_sitescope` (`ID`, `name`, `status`, `type`, `target`, `summary`, `result`, `url_id`, `appl_id`, `source_id`) VALUES
(0, '40213::CIB (CENTRAAL IDENTIFICATIEBESTAND)::SLA', 'Status: Goed; Beschikbaarheid monitoren: Verzamelde gegevens', 'URL', 'cib.vlaanderen.be', 'Total 0 sec (DNS 0 sec, connect 0 sec, response 0 sec, download 0 sec)', '4/05/2015 9:04', 0, 365, 34),
(0, '40214::TEAM_CJSM (SharePoint CJSM-VRM)::SLA', 'Status: Goed; Beschikbaarheid monitoren: Geen gegevens', 'URL', 'team10.vonet.be', 'unauthorized', '4/05/2015 9:04', 0, 188, 34),
(0, '40217::CJSM MIS::SLA', 'Status: Goed; Beschikbaarheid monitoren: Verzamelde gegevens', 'URL', 'vobip-bi.vonet.be', 'Total 0 sec (DNS 0 sec, connect 0 sec, response 0 sec, download 0 sec)', '4/05/2015 9:04', 0, 276, 34),
(0, '50001::MIA::SLA', 'Status: Goed; Beschikbaarheid monitoren: Geen gegevens', 'URL', 'mia.vlaanderen.be', 'unauthorized', '4/05/2015 9:03', 0, 291, 34),
(0, '50024::WSE_DOCBASE::SLA', 'Status: Goed; Beschikbaarheid monitoren: Verzamelde gegevens', 'URL', 'wse-dms.vlaanderen.be', 'Total 0 sec (DNS 0 sec, connect 0 sec, response 0 sec, download 0 sec)', '4/05/2015 9:04', 0, 241, 34),
(0, '50041::GROEIPREMIES VIA CALL::SLA', 'Status: Goed; Beschikbaarheid monitoren: Geen gegevens', 'URL', 'gp.vlaanderen.be', 'server error', '4/05/2015 9:09', 0, 376, 34),
(0, '50059::ECOLOGIEPREMIES::SLA', 'Status: Goed; Beschikbaarheid monitoren: Geen gegevens', 'URL', 'ep.vlaanderen.be', 'server error', '4/05/2015 9:12', 0, 371, 34),
(0, '50208::DBS-ABB::SLA', 'Status: Goed; Beschikbaarheid monitoren: Geen gegevens', 'URL', 'bru000center38m.ewbl.vlaanderen.be', 'unauthorized', '4/05/2015 9:03', 0, 278, 34),
(0, '50210::EPB FRONT OFFICE (Energieprestatiedatabank)::SLA', 'Status: Goed; Beschikbaarheid monitoren: Verzamelde gegevens', 'URL', 'www.energieprestatiedatabank.be', 'Total 0 sec (DNS 0 sec, connect 0 sec, response 0 sec, download 0 sec)', '4/05/2015 9:04', 0, 16, 34),
(0, '50211::INKOM MIDDLEWARE::SLA', 'Status: Goed; Beschikbaarheid monitoren: Verzamelde gegevens', 'URL', 'livelink1.vlaanderen.be', 'Total 3,078 sec (DNS 0 sec, connect 2,609 sec, response 0,469 sec, download 0 sec)', '4/05/2015 9:04', 0, 263, 34),
(0, '50213::KMO PORTEFEUILLE::SLA', 'Status: Goed; Beschikbaarheid monitoren: Geen gegevens', 'URL', 'op.vlaanderen.be', 'not found', '4/05/2015 9:06', 0, 67, 34),
(0, '50214::ESF 2007-2013::SLA', 'Status: Goed; Beschikbaarheid monitoren: Verzamelde gegevens', 'URL', 'esf.vlaanderen.be', 'Total 0 sec (DNS 0 sec, connect 0 sec, response 0 sec, download 0 sec)', '4/05/2015 9:04', 0, 114, 34),
(0, '50217::EFRO::SLA', 'Status: Goed; Beschikbaarheid monitoren: Verzamelde gegevens', 'URL', 'efro2007-2013.vlaanderen.be', 'Total 0,016 sec (DNS 0 sec, connect 0 sec, response 0,016 sec, download 0 sec)', '4/05/2015 9:04', 0, 165, 34),
(0, '50218::AEO-INKOM::SLA', 'Status: Goed; Beschikbaarheid monitoren: Geen gegevens', 'URL', 'inkom06.vlaanderen.be', 'server error', '4/05/2015 9:10', 0, 100, 34),
(0, '50220::ECOLOGIEPREMIES VIA CALL::SLA', 'Status: Goed; Beschikbaarheid monitoren: Geen gegevens', 'URL', 'epcall.vlaanderen.be', 'server error', '4/05/2015 9:10', 0, 55, 34),
(0, '50228::TEAM_EWI (SharePoint site EWI)::SLA', 'Status: Goed; Beschikbaarheid monitoren: Geen gegevens', 'URL', 'team10.vonet.be', 'unauthorized', '4/05/2015 9:05', 0, 85, 34),
(0, '50229::DIGIBIB (LV_Docbase)::SLA', 'Status: Goed; Beschikbaarheid monitoren: Verzamelde gegevens', 'URL', 'lv-dms.vlaanderen.be', 'Total 0,015 sec (DNS 0 sec, connect 0 sec, response 0,015 sec, download 0 sec)', '4/05/2015 9:04', 0, 161, 34),
(0, '50231::TEAM_WSE (SharePoint site WSE)::SLA', 'Status: Goed; Beschikbaarheid monitoren: Geen gegevens', 'URL', 'team10.vonet.be', 'unauthorized', '4/05/2015 9:05', 0, 230, 34),
(0, '50234::WS10 AWAP::SLA', 'Status: Goed; Beschikbaarheid monitoren: Verzamelde gegevens', 'URL', 'wse-prod-soa.vlaanderen.be', 'Total 0,046 sec (DNS 0 sec, connect 0 sec, response 0,046 sec, download 0 sec)', '4/05/2015 9:04', 0, 34, 34),
(0, '50236::WS10 ELECTRONISCH INSPECTIEDOSSIER::SLA', 'Status: Goed; Beschikbaarheid monitoren: Verzamelde gegevens', 'URL', 'wse-prod-soa.vlaanderen.be', 'Total 0,016 sec (DNS 0 sec, connect 0 sec, response 0,016 sec, download 0 sec)', '4/05/2015 9:04', 0, 240, 34),
(0, '50243::SBW Prestatiestaten::SLA', 'Status: Goed; Beschikbaarheid monitoren: Verzamelde gegevens', 'URL', 'sbw.vlaanderen.be', 'Total 0,031 sec (DNS 0 sec, connect 0 sec, response 0,016 sec, download 0,015 sec)', '4/05/2015 9:04', 0, 343, 34),
(0, '50244::QUOVIS 2010::SLA', 'Status: Goed; Beschikbaarheid monitoren: Verzamelde gegevens', 'URL', 'quovis.vlaanderen.be', 'Total 0 sec (DNS 0 sec, connect 0 sec, response 0 sec, download 0 sec)', '4/05/2015 9:04', 0, 139, 34),
(0, '50246::EP-PLUS::SLA', 'Status: Goed; Beschikbaarheid monitoren: Geen gegevens', 'URL', 'epplus.vlaanderen.be', 'server error', '4/05/2015 9:11', 0, 52, 34),
(0, '50249::RAPPORTERING TEWERKSTELLINGSPROGRAMMAS::SLA', 'Status: Goed; Beschikbaarheid monitoren: Verzamelde gegevens', 'URL', 'vobip-bi.vonet.be', 'Total 0,016 sec (DNS 0 sec, connect 0,016 sec, response 0 sec, download 0 sec)', '4/05/2015 9:03', 0, 300, 34),
(0, '50251::eSUBSIDIELOKET TWP::SLA', 'Status: Goed; Beschikbaarheid monitoren: Geen gegevens', 'URL', 'twp.vlaanderen.be', 'not found', '4/05/2015 9:12', 0, 118, 34),
(0, '50252::LMN::SLA', 'Status: Goed; Beschikbaarheid monitoren: Verzamelde gegevens', 'URL', '10.22.74.82', 'Total 0 sec (DNS 0 sec, connect 0 sec, response 0 sec, download 0 sec)', '4/05/2015 9:08', 0, 177, 34),
(0, '50257::ASA (DEP LV MUG)::SLA', 'Status: Goed; Beschikbaarheid monitoren: Verzamelde gegevens', 'URL', 'wap000008v.vlaanderen.be', 'Total 0 sec (DNS 0 sec, connect 0 sec, response 0 sec, download 0 sec)', '4/05/2015 9:04', 0, 162, 34),
(0, '50268::MERCURIUS CRM::SLA', 'Status: Goed; Beschikbaarheid monitoren: Geen gegevens', 'URL', 'mercurius-ws.vonet.be', 'unauthorized', '4/05/2015 9:06', 0, 130, 34),
(0, '60075::VLIMPERS::SLA', 'Status: Goed; Beschikbaarheid monitoren: Verzamelde gegevens', 'URL', 'vlimpers-hr.vonet.be', 'Total 0,062 sec (DNS 0 sec, connect 0,015 sec, response 0,032 sec, download 0,015 sec)', '4/05/2015 9:04', 0, 356, 34),
(0, '60200::KIM_DOCBASE::SLA', 'Status: Goed; Beschikbaarheid monitoren: Verzamelde gegevens', 'URL', 'kim-dms.vlaanderen.be', 'Total 0,095 sec (DNS 0 sec, connect 0 sec, response 0,095 sec, download 0 sec)', '4/05/2015 9:04', 0, 68, 34),
(0, '60211::EROOM_MOW::SLA', 'Status: Goed; Beschikbaarheid monitoren: Verzamelde gegevens', 'URL', 'eroom-mow.vlaanderen.be', 'Total 0,031 sec (DNS 0 sec, connect 0 sec, response 0,031 sec, download 0 sec)', '4/05/2015 9:04', 0, 54, 34),
(0, '60222::GEO_DOCBASE::SLA', 'Status: Goed; Beschikbaarheid monitoren: Verzamelde gegevens', 'URL', 'geo_ap.rwo.vlaanderen.be', 'Total 0 sec (DNS 0 sec, connect 0 sec, response 0 sec, download 0 sec)', '4/05/2015 9:11', 0, 58, 34),
(0, '60223::CENTAURUS::SLA', 'Status: Goed; Beschikbaarheid monitoren: Verzamelde gegevens', 'URL', 'centaurus.vlaanderen.be', 'Total 0 sec (DNS 0 sec, connect 0 sec, response 0 sec, download 0 sec)', '4/05/2015 9:04', 0, 9, 34),
(0, '60224::WINTERDIENST EXPLOITATIE::SLA', 'Status: Goed; Beschikbaarheid monitoren: Verzamelde gegevens', 'URL', '10.22.77.55', 'Total 0,015 sec (DNS 0 sec, connect 0 sec, response 0 sec, download 0,015 sec)', '4/05/2015 9:11', 0, 149, 34),
(0, '60229::TEAM_LV (Sharepoint LV)::SLA', 'Status: Goed; Beschikbaarheid monitoren: Geen gegevens', 'URL', 'team10.vonet.be', 'unauthorized', '4/05/2015 9:06', 0, 346, 34),
(0, '60230::TEAM_RWO (SharePoint site RWO)::SLA', 'Status: Goed; Beschikbaarheid monitoren: Geen gegevens', 'URL', 'teamrwo.vonet.be', 'unauthorized', '4/05/2015 9:04', 0, 347, 34),
(0, '60232::Sharepoint Team site LNE ANB::SLA', 'Status: Goed; Beschikbaarheid monitoren: Geen gegevens', 'URL', 'teamlne.vonet.be', 'unauthorized', '4/05/2015 9:07', 0, 24, 34),
(0, '60233::ATO_DOCBASE::SLA', 'Status: Goed; Beschikbaarheid monitoren: Verzamelde gegevens', 'URL', 'ato-dms.vlaanderen.be', 'Total 0,078 sec (DNS 0 sec, connect 0 sec, response 0,078 sec, download 0 sec)', '4/05/2015 9:04', 0, 104, 34),
(0, '60234::EPC WEBSERVICE NOTARISSEN::SLA', 'Status: Goed; Beschikbaarheid monitoren: Verzamelde gegevens', 'URL', 'vea-credoc.vlaanderen.be', 'Total 0 sec (DNS 0 sec, connect 0 sec, response 0 sec, download 0 sec)', '4/05/2015 9:05', 0, 113, 34),
(0, '60239::SPW::SLA', 'Status: Goed; Beschikbaarheid monitoren: Verzamelde gegevens', 'URL', '10.22.2.174', 'Total 0,078 sec (DNS 0 sec, connect 0 sec, response 0,063 sec, download 0,015 sec)', '4/05/2015 9:13', 0, 25, 34),
(0, '60240::FAST::SLA', 'Status: Goed; Beschikbaarheid monitoren: Verzamelde gegevens', 'URL', 'awv.vlaanderen.be', 'Total 0 sec (DNS 0 sec, connect 0 sec, response 0 sec, download 0 sec)', '4/05/2015 9:04', 0, 119, 34),
(0, '60241::MOWDWH::SLA', 'Status: Goed; Beschikbaarheid monitoren: Verzamelde gegevens', 'URL', 'uv158920.vlaanderen.be', 'Total 0 sec (DNS 0 sec, connect 0 sec, response 0 sec, download 0 sec)', '4/05/2015 9:09', 0, 17, 34),
(0, '60242::EDELTA::SLA', 'Status: Goed; Beschikbaarheid monitoren: Verzamelde gegevens', 'URL', 'edelta.vlaanderen.be', 'Total 0,11 sec (DNS 0 sec, connect 0 sec, response 0,11 sec, download 0 sec)', '4/05/2015 9:04', 0, 15, 34),
(0, '60244::DENK::SLA', 'Status: Goed; Beschikbaarheid monitoren: Verzamelde gegevens', 'URL', '10.22.24.16', 'Total 3,547 sec (DNS 0 sec, connect 0 sec, response 3,547 sec, download 0 sec)', '4/05/2015 9:04', 0, 322, 34),
(0, '60246::WISKI::SLA', 'Status: Goed; Beschikbaarheid monitoren: Verzamelde gegevens', 'URL', '10.22.77.11', 'Total 0,016 sec (DNS 0 sec, connect 0 sec, response 0 sec, download 0,016 sec)', '4/05/2015 9:04', 0, 242, 34),
(0, '60247::EPM::SLA', 'Status: Goed; Beschikbaarheid monitoren: Geen gegevens', 'URL', 'epm.vlaanderen.be', 'unauthorized', '4/05/2015 9:07', 0, 116, 34),
(0, '60248::RWO APEX::SLA', 'Status: Goed; Beschikbaarheid monitoren: Verzamelde gegevens', 'URL', 's128154.vlaanderen.be', 'Total 0,312 sec (DNS 0 sec, connect 0 sec, response 0,297 sec, download 0,015 sec)', '4/05/2015 9:04', 0, 342, 34),
(0, '60249::WEGENDATABANK::SLA', 'Status: Goed; Beschikbaarheid monitoren: Verzamelde gegevens', 'URL', '10.22.77.12', 'Total 0,015 sec (DNS 0 sec, connect 0 sec, response 0 sec, download 0,015 sec)', '4/05/2015 9:05', 0, 235, 34),
(0, '60251::MADAME::SLA', 'Status: Goed; Beschikbaarheid monitoren: Geen gegevens', 'URL', 'madame.vlaanderen.be', 'server error, http://wm162456.vlaanderen.be/madame/', '4/05/2015 9:09', 0, 296, 34),
(0, '60252::POSTREGISTRATIE::SLA', 'Status: Goed; Beschikbaarheid monitoren: Verzamelde gegevens', 'URL', '10.22.77.53', 'Total 0,016 sec (DNS 0 sec, connect 0,016 sec, response 0 sec, download 0 sec)', '4/05/2015 9:05', 0, 140, 34),
(0, '60253::LEGAL SUITE::SLA', 'Status: Goed; Beschikbaarheid monitoren: Verzamelde gegevens', 'URL', '10.22.80.17', 'Total 0,016 sec (DNS 0 sec, connect 0 sec, response 0 sec, download 0,016 sec)', '4/05/2015 9:05', 0, 213, 34),
(0, '60254::MAGPLUS::SLA', 'Status: Goed; Beschikbaarheid monitoren: Verzamelde gegevens', 'URL', '10.22.77.23', 'Total 0,234 sec (DNS 0 sec, connect 0 sec, response 0,234 sec, download 0 sec)', '4/05/2015 9:05', 0, 337, 34),
(0, '60256::IRG::SLA', 'Status: Goed; Beschikbaarheid monitoren: Geen gegevens', 'URL', 'irg.vlaanderen.be', 'forbidden', '4/05/2015 9:13', 0, 289, 34),
(0, '60257::GEOPORTAAL MOBILITEIT (GEOMOB)::SLA', 'Status: Goed; Beschikbaarheid monitoren: Geen gegevens', 'URL', '10.23.224.76', 'not found', '4/05/2015 9:03', 0, 324, 34),
(0, '60261::MOW APEX::SLA', 'Status: Goed; Beschikbaarheid monitoren: Verzamelde gegevens', 'URL', 'uv158920.vlaanderen.be', 'Total 0,266 sec (DNS 0 sec, connect 0 sec, response 0,25 sec, download 0,016 sec)', '4/05/2015 9:05', 0, 294, 34),
(0, '60262::SHAREPOINT WATLAB::SLA', 'Status: Goed; Beschikbaarheid monitoren: Geen gegevens', 'URL', 'wlportaal.vlaanderen.be', 'unauthorized', '4/05/2015 9:08', 0, 83, 34),
(0, '60263::SHAREPOINT VEA TEAM SITE::SLA', 'Status: Goed; Beschikbaarheid monitoren: Geen gegevens', 'URL', 'team10.vonet.be', 'unauthorized', '4/05/2015 9:04', 0, 81, 34),
(0, '60264::WEBSITES WATLAB::SLA', 'Status: Goed; Beschikbaarheid monitoren: Verzamelde gegevens', 'URL', 'www.watlab.be', 'Total 0,219 sec (DNS 0 sec, connect 0 sec, response 0,219 sec, download 0 sec)', '4/05/2015 9:05', 0, 306, 34),
(0, '60267::MISTER::SLA', 'Status: Goed; Beschikbaarheid monitoren: Verzamelde gegevens', 'URL', 'mister.vlaanderen.be', 'Total 0 sec (DNS 0 sec, connect 0 sec, response 0 sec, download 0 sec)', '4/05/2015 9:05', 0, 129, 34),
(0, '60268::MATADOR::SLA', 'Status: Goed; Beschikbaarheid monitoren: Verzamelde gegevens', 'URL', 'wm162456.vlaanderen.be', 'Total 0 sec (DNS 0 sec, connect 0 sec, response 0 sec, download 0 sec)', '4/05/2015 9:05', 0, 132, 34),
(0, '60271::BEHEER MARITIEME WERKEN::SLA', 'Status: Goed; Beschikbaarheid monitoren: Geen gegevens', 'URL', 'beheermaritiemewerken.vlaanderen.be', 'unauthorized', '4/05/2015 9:06', 0, 6, 34),
(0, '60275::VERKEERSBORDENDATABANK (VKB)::SLA', 'Status: Goed; Beschikbaarheid monitoren: Geen gegevens', 'URL', '10.23.224.76', 'not found', '4/05/2015 9:04', 0, 94, 34),
(0, '60276::GEOLOKET ONGEVALLEN::SLA', 'Status: Goed; Beschikbaarheid monitoren: Geen gegevens', 'URL', '10.23.224.76', 'not found', '4/05/2015 9:05', 0, 285, 34),
(0, '60281::MOW DATAROOM::SLA', 'Status: Goed; Beschikbaarheid monitoren: Verzamelde gegevens', 'URL', 'dataroommow.vonet.be', 'Total 0,203 sec (DNS 0 sec, connect 0,016 sec, response 0,046 sec, download 0,141 sec)', '4/05/2015 9:05', 0, 341, 34),
(0, '70202::CJSM_DOCBASE::SLA', 'Status: Goed; Beschikbaarheid monitoren: Verzamelde gegevens', 'URL', 'cjsm-dms.vlaanderen.be', 'Total 0,015 sec (DNS 0 sec, connect 0 sec, response 0,015 sec, download 0 sec)', '4/05/2015 9:05', 0, 48, 34),
(0, '81001::VOPS::SLA', 'Status: Goed; Beschikbaarheid monitoren: Verzamelde gegevens', 'URL', 'vops.vonet.be', 'Total 0,078 sec (DNS 0 sec, connect 0 sec, response 0,015 sec, download 0,063 sec)', '4/05/2015 9:05', 0, 193, 34),
(0, '81005::ARIBA::SLA', 'Status: Fout; Beschikbaarheid monitoren: Geen gegevens', 'URL', 'ariba.vonet.be', 'timed out reading', '4/05/2015 9:05', 0, 46, 34),
(0, '81007::DDC-DMS::SLA', 'Status: Goed; Beschikbaarheid monitoren: Verzamelde gegevens', 'URL', 'ddc-dms.vlaanderen.be', 'Total 0 sec (DNS 0 sec, connect 0 sec, response 0 sec, download 0 sec)', '4/05/2015 9:05', 0, 279, 34),
(0, '81008::DDC-DWH::SLA', 'Status: Goed; Beschikbaarheid monitoren: Verzamelde gegevens', 'URL', 'vobip-bi.vonet.be', 'Total 0,015 sec (DNS 0 sec, connect 0 sec, response 0,015 sec, download 0 sec)', '4/05/2015 9:05', 0, 12, 34),
(0, '81013::EIB_DOCBASE::SLA', 'Status: Goed; Beschikbaarheid monitoren: Verzamelde gegevens', 'URL', 'eib-dms.vlaanderen.be', 'Total 0,016 sec (DNS 0 sec, connect 0 sec, response 0,016 sec, download 0 sec)', '4/05/2015 9:05', 0, 111, 34),
(0, '81018::CMDB2::SLA', 'Status: Goed; Beschikbaarheid monitoren: Verzamelde gegevens', 'URL', 'cmdb2.vonet.be', 'Total 0 sec (DNS 0 sec, connect 0 sec, response 0 sec, download 0 sec)', '4/05/2015 9:05', 0, 254, 34),
(0, '81020::WEBIDM2::SLA', 'Status: Fout; Beschikbaarheid monitoren: Geen gegevens', 'URL', 'gebruikersbeheer.vonet.be', 'unable to connect to server', '4/05/2015 9:05', 0, 305, 34),
(0, '81024::IPDC PRODUCTENCATALOGUS::SLA', 'Status: Goed; Beschikbaarheid monitoren: Verzamelde gegevens', 'URL', 'productencatalogus.vlaanderen.be', 'Total 0,016 sec (DNS 0 sec, connect 0 sec, response 0 sec, download 0,016 sec)', '4/05/2015 9:05', 0, 286, 34),
(0, '81033::VO-DCB (DIGITAAL CERTIFICATENBEHEER)::SLA', 'Status: Goed; Beschikbaarheid monitoren: Verzamelde gegevens', 'URL', 'certificaten-ov.vlaanderen.be', 'Total 0 sec (DNS 0 sec, connect 0 sec, response 0 sec, download 0 sec)', '4/05/2015 9:12', 0, 359, 34);

-- --------------------------------------------------------

--
-- Table structure for table `req_internet_whitelist`
--

CREATE TABLE IF NOT EXISTS `req_internet_whitelist` (
  `id` int(11) NOT NULL AUTO_INCREMENT COMMENT 'Unique reference of the record',
  `server` varchar(500) NOT NULL COMMENT 'Servername that is requested for forward proxy whitelist',
  `port` int(11) NOT NULL COMMENT 'Port (default 80)',
  `source_id` int(11) NOT NULL COMMENT 'Links to the source of the information.',
  PRIMARY KEY (`id`),
  KEY `source_id` (`source_id`)
) ENGINE=InnoDB  DEFAULT CHARSET=utf8 COMMENT='Maintains the requests to Internet Whitelisting' AUTO_INCREMENT=4 ;

--
-- Dumping data for table `req_internet_whitelist`
--

INSERT INTO `req_internet_whitelist` (`id`, `server`, `port`, `source_id`) VALUES
(1, 'codex.vlaanderen.be', 80, 9),
(2, 'vormingbegroting.fenb.be', 80, 9),
(3, 'vom.eu.hpbpaas.com', 80, 10);

-- --------------------------------------------------------

--
-- Table structure for table `req_network_path`
--

CREATE TABLE IF NOT EXISTS `req_network_path` (
  `id` int(11) NOT NULL AUTO_INCREMENT COMMENT 'Unique reference of the record',
  `ip_address` varchar(20) NOT NULL,
  `port` int(11) NOT NULL,
  `source_id` int(11) DEFAULT NULL COMMENT 'Link to the source of this information.',
  PRIMARY KEY (`id`),
  KEY `source_id` (`source_id`)
) ENGINE=InnoDB  DEFAULT CHARSET=utf8 COMMENT='Consolidates all requests to op network paths from Sitescope' AUTO_INCREMENT=207 ;

--
-- Dumping data for table `req_network_path`
--

INSERT INTO `req_network_path` (`id`, `ip_address`, `port`, `source_id`) VALUES
(1, '10.1.110.167', 80, 6),
(2, '10.1.110.168', 80, 6),
(3, '10.1.110.227', 80, 6),
(4, '10.1.110.228', 80, 6),
(5, '10.1.120.99', 80, 6),
(6, '10.1.185.55', 80, 6),
(7, '10.1.237.106', 80, 6),
(8, '10.1.237.123', 80, 6),
(9, '10.129.38.9', 80, 6),
(10, '10.22.15.66', 80, 6),
(11, '10.22.19.56', 80, 6),
(12, '10.22.19.59', 8080, 6),
(13, '10.22.19.63', 8080, 6),
(14, '10.22.19.65', 80, 6),
(15, '10.22.19.67', 8080, 6),
(16, '10.22.19.68', 80, 6),
(17, '10.22.19.69', 8080, 6),
(18, '10.22.19.71', 80, 6),
(19, '10.22.19.76', 8080, 6),
(20, '10.22.19.77', 80, 6),
(21, '10.22.2.129', 80, 6),
(22, '10.22.2.130', 80, 6),
(23, '10.22.2.131', 80, 6),
(24, '10.22.2.147', 80, 6),
(25, '10.22.2.151', 80, 6),
(26, '10.22.2.152', 80, 6),
(27, '10.22.2.154', 80, 6),
(28, '10.22.2.157', 80, 6),
(29, '10.22.2.179', 80, 6),
(30, '10.22.2.36', 80, 6),
(31, '10.22.2.51', 8080, 6),
(32, '10.22.25.130', 80, 6),
(33, '10.22.4.131', 80, 6),
(34, '10.22.4.160', 80, 6),
(35, '10.22.66.110', 80, 6),
(36, '10.22.66.23', 80, 6),
(37, '10.22.66.26', 80, 6),
(38, '10.22.74.100', 80, 6),
(39, '10.22.74.100', 443, 6),
(40, '10.22.74.104', 80, 6),
(41, '10.22.74.108', 80, 6),
(42, '10.22.74.108', 443, 6),
(43, '10.22.74.109', 80, 6),
(44, '10.22.74.4', 8000, 6),
(45, '10.22.75.184', 80, 6),
(46, '10.22.75.46', 80, 6),
(47, '10.22.75.47', 80, 6),
(48, '10.22.77.26', 80, 6),
(49, '10.22.77.7', 443, 6),
(50, '10.22.77.9', 80, 6),
(51, '10.22.79.11', 80, 6),
(52, '10.22.79.30', 80, 6),
(53, '10.22.79.33', 80, 6),
(54, '10.22.79.41', 80, 6),
(55, '10.22.80.17', 80, 6),
(56, '10.22.82.13', 80, 6),
(57, '10.22.85.163', 8080, 6),
(58, '10.22.87.181', 80, 6),
(59, '10.22.87.181', 8099, 6),
(60, '10.22.87.182', 80, 6),
(61, '10.22.87.184', 80, 6),
(62, '10.22.87.5', 80, 6),
(63, '10.23.224.117', 80, 6),
(64, '10.23.224.28', 80, 6),
(65, '10.23.228.120', 80, 6),
(66, '10.23.228.20', 80, 6),
(67, '10.23.228.28', 80, 6),
(68, '10.23.232.84', 8080, 6),
(69, '10.23.38.57', 80, 6),
(70, '10.40.103.20', 80, 6),
(71, '10.40.118.5', 80, 6),
(72, '10.40.120.4', 80, 6),
(73, '10.40.120.4', 443, 6),
(74, '149.250.246.77', 80, 6),
(75, '185.13.43.233', 80, 6),
(76, '188.93.103.99', 80, 6),
(77, '198.18.132.42', 80, 6),
(78, '198.18.96.1', 80, 6),
(79, '198.18.96.18', 80, 6),
(80, '198.18.96.18', 443, 6),
(81, '31.193.179.142', 80, 6),
(82, '85.255.206.104', 80, 6),
(83, '88.151.246.211', 80, 6),
(84, '10.1.226.121', 80, 11),
(85, '10.22.19.57', 80, 11),
(86, '10.22.19.66', 80, 11),
(87, '10.22.2.173', 80, 11),
(88, '10.22.66.108', 80, 11),
(89, '10.22.79.1', 80, 11),
(90, '10.22.79.12', 80, 11),
(91, '10.22.81.130', 80, 11),
(92, '10.22.81.142', 80, 11),
(93, '10.22.96.6', 80, 11),
(94, '10.23.224.102', 80, 11),
(95, '10.23.224.229', 80, 11),
(96, '10.23.224.84', 80, 11),
(97, '10.40.108.26', 80, 11),
(98, '198.19.2.65', 80, 11),
(99, '10.23.236.52', 80, 12),
(100, '10.22.2.52', 80, 12),
(101, '10.23.224.244', 80, 12),
(102, '10.23.224.133', 80, 12),
(103, '10.23.224.164', 80, 12),
(104, '10.22.77.28', 80, 12),
(105, '10.23.224.36', 80, 12),
(106, '10.22.85.15', 80, 12),
(107, '10.23.224.150', 80, 12),
(108, '10.23.224.154', 80, 12),
(109, '10.23.224.149', 80, 12),
(110, '10.22.82.15', 80, 12),
(111, '10.22.10.9', 80, 12),
(112, '10.22.66.13', 80, 12),
(113, '10.22.2.2', 80, 12),
(114, '10.22.96.1', 80, 12),
(115, '10.23.224.76', 80, 12),
(116, '10.22.2.27', 80, 12),
(117, '10.23.224.151', 80, 12),
(118, '10.23.224.152', 80, 12),
(119, '10.23.225.4', 80, 12),
(120, '10.23.224.55', 80, 12),
(121, '10.22.81.196', 80, 12),
(122, '10.23.224.153', 80, 12),
(123, '10.22.96.5', 80, 12),
(124, '10.22.75.47', 80, 12),
(125, '10.22.2.22', 80, 12),
(126, '10.22.82.17', 80, 12),
(127, '10.22.75.53', 80, 12),
(128, '10.22.85.5', 80, 12),
(129, '10.22.82.19', 80, 12),
(130, '10.22.85.21', 80, 12),
(131, '10.22.81.203', 80, 12),
(132, '10.22.77.37', 80, 12),
(133, '10.22.77.37', 80, 12),
(134, '10.22.77.37', 80, 12),
(135, '10.129.39.1', 80, 12),
(136, '10.22.24.16', 80, 12),
(137, '10.22.24.147', 80, 12),
(138, '10.22.77.11', 80, 12),
(139, '10.22.77.12', 80, 12),
(140, '10.22.77.13', 80, 12),
(141, '10.22.77.14', 80, 12),
(142, '10.22.77.15', 80, 12),
(143, '10.22.77.16', 80, 12),
(144, '10.22.77.18', 80, 12),
(145, '10.22.77.19', 80, 12),
(146, '10.22.77.20', 80, 12),
(147, '10.22.77.22', 80, 12),
(148, '10.22.77.23', 80, 12),
(149, '10.22.77.25', 80, 12),
(150, '10.22.77.35', 80, 12),
(151, '10.22.77.39', 80, 12),
(152, '10.22.77.41', 80, 12),
(153, '10.22.77.50', 80, 12),
(154, '10.22.77.51', 80, 12),
(155, '10.22.77.52', 80, 12),
(156, '10.22.77.53', 80, 12),
(157, '10.22.77.55', 80, 12),
(158, '10.22.77.56', 80, 12),
(159, '10.22.77.59', 80, 12),
(160, '10.22.77.61', 80, 12),
(161, '10.22.77.62', 80, 12),
(162, '10.22.77.64', 80, 12),
(163, '10.22.77.65', 80, 12),
(164, '10.22.77.66', 80, 12),
(165, '10.22.77.70', 80, 12),
(166, '10.22.77.71', 80, 12),
(167, '10.22.77.72', 80, 12),
(168, '10.22.77.73', 80, 12),
(169, '10.22.2.148', 80, 12),
(170, '10.22.75.82', 80, 12),
(171, '10.22.2.50', 80, 12),
(172, '10.22.66.11', 80, 12),
(173, '10.22.74.82', 80, 12),
(174, '10.22.2.174', 80, 12),
(175, '10.23.228.36', 80, 12),
(176, '10.22.77.9', 80, 12),
(177, '10.22.77.9', 80, 12),
(178, '10.22.77.9', 80, 12),
(179, '10.22.77.9', 80, 12),
(180, '10.22.77.9', 80, 12),
(181, '10.22.10.17', 80, 12),
(182, '10.22.77.20', 80, 12),
(183, '10.22.77.49', 80, 12),
(184, '10.22.77.49', 80, 12),
(185, '10.22.79.17', 80, 12),
(186, '10.22.79.7', 80, 16),
(187, '198.18.96.1', 80, 16),
(188, '10.22.77.53', 8080, 16),
(189, '10.22.77.55', 8080, 16),
(190, '10.22.74.82', 8080, 16),
(191, '10.22.77.12', 8080, 16),
(192, '10.22.77.11', 8080, 16),
(193, '10.22.77.71', 8080, 16),
(194, '10.22.24.16', 8080, 16),
(195, '10.23.224.229', 443, 16),
(196, '10.22.2.174', 8080, 16),
(197, '10.23.225.37', 443, 28),
(199, '10.23.73.22', 8080, 28),
(200, '10.22.66.109', 80, 28),
(201, '10.40.108.23', 443, 28),
(202, '10.22.77.10', 80, 28),
(203, '10.23.236.45', 80, 28),
(204, '10.23.224.84', 7001, 28),
(205, '10.22.2.30', 80, 28),
(206, '10.1.110.240', 80, 36);

-- --------------------------------------------------------

--
-- Table structure for table `req_revproxy_tx`
--

CREATE TABLE IF NOT EXISTS `req_revproxy_tx` (
  `id` int(11) NOT NULL AUTO_INCREMENT COMMENT 'Unique reference of the record',
  `server` varchar(500) NOT NULL COMMENT 'Server name in reverse proxy. Can contain path information.',
  `ip_address` varchar(20) NOT NULL,
  `port` int(11) NOT NULL,
  `source_id` int(11) DEFAULT NULL COMMENT 'Link to the source of the information',
  PRIMARY KEY (`id`),
  KEY `source_id` (`source_id`)
) ENGINE=InnoDB  DEFAULT CHARSET=utf8 COMMENT='Maintains the translations on the reverse proxy.' AUTO_INCREMENT=233 ;

--
-- Dumping data for table `req_revproxy_tx`
--

INSERT INTO `req_revproxy_tx` (`id`, `server`, `ip_address`, `port`, `source_id`) VALUES
(114, 'bryggja.vlaanderen.be', '10.23.236.52', 80, 7),
(115, 'centaurus.vlaanderen.be', '10.22.2.52', 80, 7),
(116, 'daf.vlaanderen.be', '10.23.224.244', 80, 7),
(117, 'davinci-mon-etio.vlaanderen.be', '10.23.224.133', 80, 7),
(118, 'domino.vlaanderen.be', '10.23.224.164', 80, 7),
(119, 'ebl.vlaanderen.be', '10.22.77.28', 80, 7),
(120, 'edelta.vlaanderen.be', '10.23.224.36', 80, 7),
(121, 'efro2007-2013.vlaanderen.be', '10.22.85.15', 80, 7),
(122, 'ep.vlaanderen.be', '10.23.224.150', 80, 7),
(123, 'epcall.vlaanderen.be', '10.23.224.154', 80, 7),
(124, 'epplus.vlaanderen.be', '10.23.224.149', 80, 7),
(125, 'eroom-mow.vlaanderen.be', '10.22.82.15', 80, 7),
(126, 'esf.vlaanderen.be', '10.22.10.9', 80, 7),
(127, 'fin.vlaanderen.be', '10.22.66.13', 80, 7),
(128, 'geomob.vlaanderen.be/geomob/ongevallen/', '10.22.2.1', 8080, 7),
(129, 'geomob.vlaanderen.be/gwcong/', '10.22.2.1', 8081, 7),
(130, 'geomob.vlaanderen.be/geomob/agiv/', '10.23.224.76', 80, 7),
(131, 'geomob.vlaanderen.be/locatorservices/', '10.23.224.76', 80, 7),
(132, 'geomob.vlaanderen.be/geomob/gewestweg/', '10.23.224.76', 80, 7),
(133, 'geomob.vlaanderen.be/geomob/', '10.23.224.76', 80, 7),
(134, 'geomob.vlaanderen.be/geomob/verkeersborden/', '10.22.96.1', 8081, 7),
(135, 'geomob.vlaanderen.be/geoserver/', '10.22.2.2', 8080, 7),
(136, 'geomob.vlaanderen.be/wpsserver/', '10.22.2.2', 8081, 7),
(137, 'geomob.vlaanderen.be/gwc/', '10.23.224.76', 82, 7),
(138, 'geomob.vlaanderen.be/geoserver01/', '10.22.96.2', 8087, 7),
(139, 'geomob.vlaanderen.be/wpsserver01/', '10.22.96.3', 8089, 7),
(140, 'geomob.vlaanderen.be/geomob/agiv/', '10.23.224.76', 82, 7),
(141, 'gos.vlaanderen.be', '10.22.2.27', 80, 7),
(142, 'gp.vlaanderen.be', '10.23.224.151', 80, 7),
(143, 'inkom06.vlaanderen.be', '10.23.224.152', 80, 7),
(144, 'irg.vlaanderen.be', '10.23.225.4', 80, 7),
(145, 'led-mon.vlaanderen.be', '10.23.224.55', 80, 7),
(146, 'mandatenbeheer.vlaanderen.be', '10.22.81.196', 80, 7),
(147, 'op.vlaanderen.be', '10.23.224.153', 80, 7),
(148, 'productencatalogus.vlaanderen.be', '10.22.96.5', 80, 7),
(149, 'sbw.vlaanderen.be', '10.22.75.47', 80, 7),
(150, 'studentenportaal.vlaanderen.be', '10.22.2.22', 80, 7),
(151, 'toevla.vlaanderen.be', '10.22.82.17', 80, 7),
(152, 'twp.vlaanderen.be', '10.22.75.53', 80, 7),
(153, 'vliomvo.vlaanderen.be', '10.22.85.5', 80, 7),
(154, 'vlis.vlaanderen.be', '10.22.82.19', 80, 7),
(155, 'webedison.vlaanderen.be', '10.22.85.21', 80, 7),
(156, 'www.energieprestatiedatabank.be', '10.22.81.203', 80, 7),
(157, 'www.flanders.be', '10.22.77.37', 80, 7),
(158, 'www.teletolk.be', '10.22.77.37', 80, 7),
(159, 'www.vlaamseinfolijn.be', '10.22.77.37', 80, 7),
(160, 'www.watlab.be', '10.129.39.1', 80, 7),
(161, 'apps.awv.vonet.be/pno-webservice', '10.22.77.11', 8080, 7),
(162, 'apps.awv.vonet.be/pno', '10.22.77.11', 8080, 7),
(163, 'apps.awv.vonet.be/wegendatabank', '10.22.77.12', 8080, 7),
(164, 'apps.awv.vonet.be/wms', '10.22.77.13', 8080, 7),
(165, 'apps.awv.vonet.be/geoserver', '10.22.77.13', 8080, 7),
(166, 'apps.awv.vonet.be/geowebcache', '10.22.77.13', 8080, 7),
(167, 'apps.awv.vonet.be/featureserver', '10.22.77.14', 8080, 7),
(168, 'apps.awv.vonet.be/exportservice', '10.22.77.15', 8080, 7),
(169, 'apps.awv.vonet.be/locatorservices', '10.22.77.15', 8080, 7),
(170, 'apps.awv.vonet.be/styleservice', '10.22.77.15', 8080, 7),
(171, 'apps.awv.vonet.be/birt', '10.22.77.15', 8080, 7),
(172, 'apps.awv.vonet.be/tilemapserver', '10.22.77.16', 8080, 7),
(173, 'apps.awv.vonet.be/geoloket', '10.22.77.15', 8080, 7),
(174, 'apps.awv.vonet.be/tms', '10.22.77.16', 80, 7),
(175, 'apps.awv.vonet.be/postregistratie', '10.22.77.18', 80, 7),
(176, 'apps.awv.vonet.be/planklassement', '10.22.77.22', 8080, 7),
(177, 'apps.awv.vonet.be/werf', '10.22.77.19', 8080, 7),
(178, 'apps.awv.vonet.be/routing', '10.22.77.20', 8080, 7),
(179, 'apps.awv.vonet.be/magplus', '10.22.77.23', 80, 7),
(180, 'apps.awv.vonet.be/magplusbirt', '10.22.77.23', 8080, 7),
(181, 'apps.awv.vonet.be/servo', '10.22.77.25', 80, 7),
(182, 'apps.awv.vonet.be/servobirt', '10.22.77.25', 8080, 7),
(183, 'apps.awv.vonet.be/denk', '10.22.24.16', 8080, 7),
(184, 'apps.awv.vonet.be/pentaho-birt', '10.22.24.147', 8080, 7),
(185, 'apps.awv.vonet.be/pentaho-style', '10.22.24.147', 8080, 7),
(186, 'apps.awv.vonet.be/pentaho', '10.22.24.147', 8080, 7),
(187, 'apps.awv.vonet.be/kabelnet', '10.22.77.39', 8080, 7),
(188, 'apps.awv.vonet.be/denk-api', '10.22.24.16', 9273, 7),
(189, 'apps.awv.vonet.be/inspecties', '10.22.77.41', 8080, 7),
(190, 'apps.awv.vonet.be/tablethomepage', '10.22.77.35', 80, 7),
(191, 'apps.awv.vonet.be/prx2-elastic-transport', '10.22.77.53', 9300, 7),
(192, 'apps.awv.vonet.be/prx2-elastic-http', '10.22.77.53', 9200, 7),
(193, 'apps.awv.vonet.be/prx2', '10.22.77.53', 8080, 7),
(194, 'apps.awv.vonet.be/districtcenter-service', '10.22.77.50', 8080, 7),
(195, 'apps.awv.vonet.be/districtcenter', '10.22.77.51', 80, 7),
(196, 'apps.awv.vonet.be/docgen', '10.22.77.52', 8080, 7),
(197, 'apps.awv.vonet.be/historia4', '10.22.77.70', 8080, 7),
(198, 'apps.awv.vonet.be/historia', '10.22.77.71', 8080, 7),
(199, 'apps.awv.vonet.be/gm', '10.22.77.64', 8080, 7),
(200, 'apps.awv.vonet.be/geolatte-nosqlfs', '10.22.77.65', 8080, 7),
(201, 'apps.awv.vonet.be/dataloader', '10.22.77.66', 8080, 7),
(202, 'apps.awv.vonet.be/winterdienst', '10.22.77.55', 8080, 7),
(203, 'apps.awv.vonet.be/locatieservices/rest/locatie/adres', '10.22.77.56', 8080, 7),
(204, 'apps.awv.vonet.be/locatieservices/rest/locatie/xy/via/adres', '10.22.77.56', 8080, 7),
(205, 'apps.awv.vonet.be/locatieservices/rest/locatie/crab', '10.22.77.56', 8080, 7),
(206, 'apps.awv.vonet.be/locatieservices/rest/locatie/cyclomedia', '10.22.77.59', 8080, 7),
(207, 'apps.awv.vonet.be/locatieservices', '10.22.77.61', 8080, 7),
(208, 'apps.awv.vonet.be/wegendatabank', '10.22.77.62', 8080, 7),
(209, 'apps.awv.vonet.be/elisa', '10.22.77.72', 8080, 7),
(210, 'apps.awv.vonet.be/locatiezoeker', '10.22.77.73', 8080, 7),
(211, 'cmdb2.vonet.be', '10.22.2.148', 80, 7),
(212, 'dov-intra.vonet.be', '10.22.75.82', 80, 7),
(213, 'gebruikersbeheer.vonet.be', '10.22.2.50', 80, 7),
(214, 'Koepel.vonet.be', '10.22.66.11', 80, 7),
(215, 'lmn.vonet.be', '10.22.74.82', 8080, 7),
(216, 'spw.vonet.be', '10.22.2.174', 8080, 7),
(217, 'stlweb.vonet.be', '10.23.228.36', 80, 7),
(218, 'team10.vonet.be', '10.22.77.9', 80, 7),
(219, 'teamdar.vonet.be', '10.22.77.9', 80, 7),
(220, 'teamlne.vonet.be', '10.22.77.9', 80, 7),
(221, 'teamrwo.vonet.be', '10.22.77.9', 80, 7),
(222, 'teamwvg.vonet.be', '10.22.77.9', 80, 7),
(223, 'tgvtest.vonet.be', '10.22.10.17', 80, 7),
(224, 'vlimpers-hr.vonet.be', '10.22.77.20', 80, 7),
(225, 'vobip-bi.vonet.be', '10.22.77.49', 80, 7),
(226, 'vops.vonet.be', '10.22.79.17', 80, 7),
(227, 'www.vlaanderen.be', '10.22.77.37', 80, 8),
(228, 'www4.vlaanderen.be', '10.22.66.26', 80, 8),
(229, 'cs.vonet.be', '10.22.79.7', 80, 17),
(230, 'widgets.vlaanderen.be ', '10.22.77.10', 80, 27),
(231, 'mijnonderwijs.vlaanderen.be', '10.23.236.45', 80, 27),
(232, 'vea-credoc.vlaanderen.be', '10.22.2.30', 80, 27);

-- --------------------------------------------------------

--
-- Table structure for table `source`
--

CREATE TABLE IF NOT EXISTS `source` (
  `id` int(11) NOT NULL AUTO_INCREMENT,
  `description` varchar(4000) DEFAULT NULL COMMENT 'Description of the source of information.',
  `event` date DEFAULT NULL COMMENT '(Approximate) date of the event.',
  PRIMARY KEY (`id`)
) ENGINE=InnoDB  DEFAULT CHARSET=utf8 COMMENT='Consolidation of the different sources where information is collected. This allows to trace back where the information came from. \nA source of information is something delivered / imposed upon the monitoring team. Currently the monthly AMAAS list is a source of information. Compare with status table, where workflow states per record / URLs are managed.' AUTO_INCREMENT=38 ;

--
-- Dumping data for table `source`
--

INSERT INTO `source` (`id`, `description`, `event`) VALUES
(1, 'Initiele AmaaS Lijst (BAFO)', '2014-08-25'),
(2, 'AmaaS v2 (Initial List Guy)', '2015-02-02'),
(3, 'AmaaS v3 (Update Guy) (mail from Guy D''Haenens, 26/03/2015 - 12:46, ''Status URL Monitoring'' ', '2015-03-26'),
(4, 'Guy-Dirk Comparison.xlsx, tab URLMaster150313', '2015-03-13'),
(5, 'ACD BSM URL2IP mapping v2.xlsx, tab ''SLA URLs''', '2015-03-13'),
(6, 'Mail to Wim De Rick, 30/01/2015 - 10:22, ''RE: acd bsm''', '2015-01-30'),
(7, 'Mail from Derek Bras, 17/03/15 - 14:07, ''Re: acm bsm''', '2015-03-17'),
(8, 'Mail from Derek Bras, 27/03/15 14:34, ''Re: acm bsm2', '2015-03-27'),
(9, 'Mail to Wouter Godefroy, 27/03/15 - 14:01, ''Re: Forward Proxy Whitelist for Sitescope Server''', '2015-03-27'),
(10, 'Mail to Wouter Godefroy, 04/03/15 - 15:19, ''Forward Proxy Whitelist for Sitescope Server''', '2015-03-04'),
(11, 'Mail to Wim De Rick, 27/03/2015 - 14:06, ''Netwerk paden voor directe monitoring''', '2015-03-27'),
(12, 'Mail to Wim De Rick, 10/03/2015 - 17:19, ''Re: acd bsm''', '2015-03-10'),
(13, 'Additional URLs from AmaaS v3', '2015-03-26'),
(14, 'AmaaS DWH Extract 8 April 2015', '2015-04-08'),
(15, 'Manual Data Collection', '2015-04-13'),
(16, 'Mail to Wim De Rick, 14/04/15 - 15:17, Sitescope to Appl Server.', '2015-04-14'),
(17, 'Mail from Kristof Goossens, 14/04/2015 - 16:10, ''acm bsm''', '2015-04-14'),
(18, 'Excel Sheet C:\\ProjectsWorkspace\\Vo\\AppsMonitoring\\Data\\appl_url_Lijst_Guy.xlsx', '2015-04-15'),
(19, 'Mail from Martin Repiscak, 8/04/2015 - 15:59, ''List of Errors''', '2015-04-08'),
(20, 'Sitescope Extract 22/04/2015 (Dirk)', '2015-04-22'),
(21, 'Mail from Martin Repiscak, 21/04/2015 - 17:23, ''Re: Sitescope to Appl Server''', '2015-04-21'),
(23, 'Mail to Martin Repiscak, 16/04/2015 - 08:19, ''Re: Sitescope to Appl Server''', '2015-04-16'),
(24, 'Export Application inventory Sharepoint 23/04/2015', '2015-04-23'),
(25, 'Hands-on URL Review Martin - Dirk', '2015-04-24'),
(26, 'Export Application inventory Sharepoint 24/04/2015', '2015-04-24'),
(27, 'Mail from Derek Bras, 27/04/15 - 14:57, ''Re: acm bsm''', '2015-04-27'),
(28, 'Request for Network Path', '2015-04-29'),
(29, 'Excel Sheet ''ExcelWithAdditionalMissingURLs.xlsx''', '2015-04-27'),
(30, 'Mail to Wouter Godefroy, 27/04/15 - 17:19, ''FW: Forward Proxy Whitelist for Sitescope Server''', '2015-04-27'),
(31, 'URLs to add after Network Change', '2015-04-30'),
(32, 'Sitescope Extract 29/04/2015 (Dirk)', '2015-04-29'),
(33, 'AmaaS DWH Extract 30 April 2015', '2015-04-30'),
(34, 'Sitescope Extract 04/05/2015 - Before Rename (Dirk)', '2015-05-04'),
(35, 'Mail from Wendy Van Dooren, 30/04/2015 - 11:29', '2015-04-30'),
(36, 'Collection Point for new Network Paths', '2015-05-12'),
(37, 'Export Application inventory Sharepoint 05/05/15', '2015-05-05');

-- --------------------------------------------------------

--
-- Table structure for table `status`
--

CREATE TABLE IF NOT EXISTS `status` (
  `id` int(11) NOT NULL AUTO_INCREMENT COMMENT 'Unique reference of the record.',
  `description` varchar(2000) DEFAULT NULL COMMENT 'Description of the workflow status.',
  PRIMARY KEY (`id`)
) ENGINE=InnoDB  DEFAULT CHARSET=utf8 COMMENT='Overview of the workflow states.' AUTO_INCREMENT=4 ;

--
-- Dumping data for table `status`
--

INSERT INTO `status` (`id`, `description`) VALUES
(1, 'Request to get server to IP translation from Reverse Proxy'),
(2, 'Request to Open Network Path to Application Server'),
(3, 'Request to whitelist server on Internet Firewall');

-- --------------------------------------------------------

--
-- Table structure for table `url`
--

CREATE TABLE IF NOT EXISTS `url` (
  `id` int(11) NOT NULL AUTO_INCREMENT COMMENT 'Unique reference for the record.',
  `source_id` int(11) DEFAULT NULL COMMENT 'Link to the source where we collected this information.',
  `url` varchar(1000) NOT NULL COMMENT 'Full url that needs to be monitored.',
  `purpose` varchar(45) DEFAULT NULL COMMENT 'Monitoring Purpose of the URL. Options are: SLA, Project, Service',
  `startdate` date DEFAULT NULL COMMENT 'Start date when the URL is active',
  `enddate` date DEFAULT NULL COMMENT 'End date of the activity of the URL.',
  `network_category` varchar(45) DEFAULT NULL COMMENT 'The network category can be:\n- direct monitoring\n- DNS ',
  `url2dns_id` int(11) DEFAULT NULL COMMENT 'URL to DNS IP translation.',
  `url2appl_ip_id` int(11) DEFAULT NULL COMMENT 'Link to the IP Address and port where the application is listening to the URL.',
  `acm` varchar(45) DEFAULT NULL COMMENT 'ACM Status. This can be:\n- none: no ACM authentication required\n- reverse proxy: ACM is set-up using reverse proxy\n- saml: ACM is set-up using SAML authentication\n- unknown: no ACM specific information is known.',
  PRIMARY KEY (`id`),
  KEY `url_source_fk_idx` (`source_id`),
  KEY `url_dns_fk_idx` (`url2dns_id`),
  KEY `url_appl_ip_fk_idx` (`url2appl_ip_id`)
) ENGINE=InnoDB  DEFAULT CHARSET=utf8 COMMENT='URLs that are monitored for the application.' AUTO_INCREMENT=271 ;

--
-- Dumping data for table `url`
--

INSERT INTO `url` (`id`, `source_id`, `url`, `purpose`, `startdate`, `enddate`, `network_category`, `url2dns_id`, `url2appl_ip_id`, `acm`) VALUES
(1, 4, 'http://beheermaritiemewerken.vlaanderen.be/MT.Baggerwerken.Web/nl/Account/LogOn', 'SLA', '2015-02-01', NULL, 'Direct', 111, 55, NULL),
(2, 4, 'http://certificatenbeheer.vlaanderen.be', 'SLA', '2015-02-01', NULL, 'Direct', 41, 22, NULL),
(3, 4, 'http://centaurus.vlaanderen.be/', 'SLA', '2015-02-01', NULL, 'Direct', 92, 78, NULL),
(4, 4, 'http://domino.vlaanderen.be', 'SLA', '2015-02-01', NULL, 'Direct', 62, 79, NULL),
(5, 4, 'http://edelta.vlaanderen.be/edelta/start?0', 'SLA', '2015-02-01', NULL, 'Direct', 99, 80, NULL),
(6, 4, 'http://secretarie-vr-dms.vlaanderen.be/', 'SLA', '2015-02-01', NULL, 'Direct', 112, 56, NULL),
(7, 4, 'http://spw.vonet.be/spw-web/logon.htm', 'SLA', '2015-02-01', NULL, 'Direct', 96, 81, NULL),
(8, 4, 'http://bibis-int.vlaanderen.be', 'SLA', '2015-02-01', NULL, 'Direct', 16, 13, NULL),
(9, 4, 'http://cjsm-dms.vlaanderen.be', 'SLA', '2015-02-01', NULL, 'Direct', 44, 24, NULL),
(10, 4, 'http://epplus.vlaanderen.be/epplus/ond/overzicht.do?command=init', 'SLA', '2015-02-01', NULL, 'Direct', 83, 82, NULL),
(11, 4, 'http://eroom-mow.vlaanderen.be', 'SLA', '2015-02-01', NULL, 'Direct', 90, 83, NULL),
(12, 4, 'http://epcall.vlaanderen.be/epcall/ond/overzicht.do?command=init', 'SLA', '2015-02-01', NULL, 'Direct', 78, 84, NULL),
(13, 4, 'http://geo_ap.rwo.vlaanderen.be/', 'SLA', '2015-02-01', NULL, 'Direct', 91, 43, NULL),
(14, 4, 'http://bru000center81m.vlaanderen.be/WebClient/index.jsp', 'SLA', '2015-02-01', NULL, 'Direct', 39, 20, NULL),
(15, 4, 'http://kim-dms.vlaanderen.be:8080', 'SLA', '2015-02-01', NULL, 'Direct', 89, 67, NULL),
(16, 4, 'http://jira.ond.vlaanderen.be', 'SLA', '2015-02-01', NULL, 'Direct', 53, 28, NULL),
(17, 4, 'http://siebel81.cpvi.vonet.be/epublicsector_nld', 'SLA', '2015-02-01', NULL, 'Direct', 29, 18, NULL),
(18, 4, 'http://geomob.vlaanderen.be/', 'SLA', '2015-02-01', NULL, 'Direct', 105, NULL, NULL),
(19, 4, 'http://inkom06.vlaanderen.be/foto/index.html', 'SLA', '2015-02-01', NULL, 'Direct', 77, 85, NULL),
(20, 4, 'http://ato-dms.vlaanderen.be', 'SLA', '2015-02-01', NULL, 'Direct', 95, 44, NULL),
(21, 4, 'http://bz-dms.vlaanderen.be/', 'SLA', '2015-02-01', NULL, 'Direct', 40, 21, NULL),
(22, 4, 'http://bryggja.vlaanderen.be/bryggia/index', 'SLA', '2015-02-01', NULL, 'Direct', 6, 86, NULL),
(23, 4, 'http://daf.vlaanderen.be/daf/public/logon.do', 'SLA', '2015-02-01', NULL, 'Direct', 50, 87, NULL),
(24, 4, 'http://eib-dms.vlaanderen.be/', 'SLA', '2015-02-01', NULL, 'Direct', 118, 60, NULL),
(25, 4, 'http://esf.vlaanderen.be', 'SLA', '2015-02-01', NULL, 'Direct', 75, 88, NULL),
(26, 4, 'http://epm.vlaanderen.be', 'SLA', '2015-02-01', NULL, 'Direct', 100, 47, NULL),
(27, 4, 'http://awv.vlaanderen.be/fast/', 'SLA', '2015-02-01', NULL, 'Direct', 97, 45, NULL),
(28, 4, 'http://ibis.vlaanderen.be', 'SLA', '2015-02-01', NULL, 'Direct', 5, 6, NULL),
(29, 4, 'http://huso.vlaanderen.be', 'SLA', '2015-02-01', NULL, 'Direct', 98, 46, NULL),
(30, 4, 'http://mister.vlaanderen.be/', 'SLA', '2015-02-01', NULL, 'Direct', 109, 53, NULL),
(31, 4, 'http://mercurius-ws.vonet.be', 'SLA', '2015-02-01', NULL, 'Direct', 106, 51, NULL),
(32, 4, 'http://onderwijs-dms.vlaanderen.be:8080', 'SLA', '2015-02-01', NULL, 'Direct', 49, 68, NULL),
(33, 4, 'http://nadia-burger.vlaanderen.be/nadia/', 'SLA', '2015-02-01', NULL, 'Direct', 1, 4, NULL),
(34, 4, 'http://geo-dms.vlaanderen.be:8080', 'SLA', '2015-02-01', NULL, 'Direct', 9, 43, NULL),
(35, 4, 'http://quovis.vlaanderen.be', 'SLA', '2015-02-01', NULL, 'Direct', 82, 41, NULL),
(36, 4, 'http://apps.awv.vonet.be/prx2/index.html', 'SLA', '2015-02-01', NULL, 'Direct', 4, 173, NULL),
(37, 4, 'http://stlweb.vonet.be/stl/', 'SLA', '2015-02-01', NULL, 'Direct', 48, 89, NULL),
(38, 4, 'http://apps.awv.vonet.be/winterdienst/', 'SLA', '2015-02-01', NULL, 'Direct', 4, 182, NULL),
(39, 4, 'http://bredero.vlaanderen.be/bredero2/wicket/login', 'SLA', '2015-02-01', NULL, 'Direct', 3, 5, NULL),
(40, 4, 'http://lv-dms.vlaanderen.be:8080/webtop/', 'SLA', '2015-02-01', NULL, 'Direct', 79, 70, NULL),
(41, 4, 'http://lv-dms.vlaanderen.be:8080/digibib/', 'SLA', '2015-02-01', NULL, 'Direct', 79, 70, NULL),
(42, 4, 'http://efro2007-2013.vlaanderen.be/efro/index.jsp', 'SLA', '2015-02-01', NULL, 'Direct', 76, 90, NULL),
(43, 4, 'http://lmn.vonet.be', 'SLA', '2015-02-01', NULL, 'Direct', 85, 91, NULL),
(44, 4, 'http://orafin.vlaanderen.be:8000/OA_HTML/RF.jsp?function_id=28804', 'SLA', '2015-02-01', NULL, 'Direct', 37, 74, NULL),
(45, 4, 'http://bsm.vlaanderen.be/bsm', 'SLA', '2015-02-01', NULL, 'Direct', 122, 62, NULL),
(46, 4, 'http://fb-dms.vlaanderen.be', 'SLA', '2015-02-01', NULL, 'Direct', 43, 23, NULL),
(47, 4, 'http://10.22.80.17/legalsuite/main', 'SLA', '2015-02-01', NULL, 'Direct', 103, 50, NULL),
(48, 4, 'http://databanktaaladvies.vlaanderen.be/', 'SLA', '2015-02-01', NULL, 'Direct', 14, 11, NULL),
(49, 4, 'http://apps.awv.vonet.be/wegendatabank/happy.html', 'SLA', '2015-02-01', NULL, 'Direct', 4, 143, NULL),
(50, 4, 'http://apps.awv.vonet.be/pno-webservice/happy.html', 'SLA', '2015-02-01', NULL, 'Direct', 4, 141, NULL),
(51, 4, 'http://dar-dms.vlaanderen.be:8080', 'SLA', '2015-02-01', NULL, 'Direct', 28, 71, NULL),
(52, 4, 'http://cmdb2.vonet.be', 'SLA', '2015-02-01', NULL, 'Direct', 120, 92, NULL),
(53, 4, 'http://gedingvoering.vonet.be/', 'SLA', '2015-02-01', NULL, 'Direct', 15, 12, NULL),
(54, 4, 'http://livelink1.vlaanderen.be/livelink/', 'SLA', '2015-02-01', NULL, 'Direct', 73, 38, NULL),
(55, 4, 'http://apps.awv.vonet.be/historia/servlet/Historia', 'SLA', '2015-02-01', NULL, 'Direct', 4, 178, NULL),
(56, 4, 'http://gos.vlaanderen.be', 'SLA', '2015-02-01', NULL, 'Direct', 65, 93, NULL),
(57, 4, 'http://bru000center38m.ewbl.vlaanderen.be/routing', 'SLA', '2015-02-01', NULL, 'Direct', 71, 37, NULL),
(58, 4, 'http://ddc-dms.vlaanderen.be', 'SLA', '2015-02-01', NULL, 'Direct', 60, 32, NULL),
(59, 4, 'http://discimus-app-jm.vlaanderen.be/discimus/webapp/isbeschikbaar?1', 'SLA', '2015-02-01', NULL, 'Direct', 61, 33, NULL),
(60, 4, 'http://rekenmotorho.vlaanderen.be/rekenmotor/login.jsp', 'SLA', '2015-02-01', NULL, 'Direct', 56, 30, NULL),
(61, 4, 'http://productencatalogus.vlaanderen.be', 'SLA', '2015-02-01', NULL, 'Direct', 124, 94, NULL),
(62, 4, 'http://fin.vlaanderen.be', 'SLA', '2015-02-01', NULL, 'Direct', 23, 95, NULL),
(63, 4, 'http://irg.vlaanderen.be/irg/startpagina', 'SLA', '2015-02-01', NULL, 'Direct', 104, 96, NULL),
(64, 4, 'http://mia.vlaanderen.be', 'SLA', '2015-02-01', NULL, 'Direct', 67, 36, NULL),
(65, 4, 'http://mercator2.vlaanderen.be/', 'SLA', '2015-02-01', NULL, 'Direct', 8, 7, NULL),
(66, 4, 'http://madame.vlaanderen.be/', 'SLA', '2015-02-01', NULL, 'Direct', 102, 49, NULL),
(67, 4, 'http://codex.vlaanderen.be', 'SLA', '2015-02-01', NULL, 'Internet', 12, 76, NULL),
(68, 4, 'http://aps.vlaanderen.be', 'SLA', '2015-02-01', NULL, 'Direct', 38, 19, NULL),
(69, 4, 'http://dov-intra.vonet.be/dov/DOVInternet', 'SLA', '2015-02-01', NULL, 'Direct', 7, 97, NULL),
(70, 4, 'http://apps.awv.vonet.be/denk/', 'SLA', '2015-02-01', NULL, 'Direct', 4, 163, NULL),
(71, 4, 'http://ebl.vlaanderen.be/', 'SLA', '2015-02-01', NULL, 'Direct', 19, 98, NULL),
(72, 4, 'http://geomob.vlaanderen.be', 'SLA', '2015-02-01', NULL, 'Direct', 105, NULL, NULL),
(73, 4, 'http://mandatenbeheer.vlaanderen.be', 'SLA', '2015-02-01', NULL, 'Direct', 42, 99, NULL),
(74, 4, 'http://apps.awv.vonet.be/magplus/aanmelden', 'SLA', '2015-02-01', NULL, 'Direct', 4, 159, NULL),
(75, 4, 'http://dataroommow.vonet.be', 'SLA', '2015-02-01', NULL, 'Direct', 46, 26, NULL),
(76, 4, 'http://s128154.vlaanderen.be/pls/apex', 'SLA', '2015-02-01', NULL, 'Direct', 101, 48, NULL),
(77, 4, 'http://sbw.vlaanderen.be', 'SLA', '2015-02-01', NULL, 'Direct', 81, 100, NULL),
(78, 4, 'http://orka.vlaanderen.be', 'SLA', '2015-02-01', NULL, 'Direct', 63, 34, NULL),
(79, 4, 'http://teamrwo.vonet.be', 'SLA', '2015-02-01', NULL, 'Direct', 93, 101, NULL),
(80, 4, 'http://subversion-dev.ov.vlaanderen.be/svn', 'SLA', '2015-02-01', NULL, 'Direct', 54, 29, NULL),
(81, 4, 'http://certificaten-ov.vlaanderen.be/crmt/login?0', 'SLA', '2015-02-01', NULL, 'Direct', 41, 22, NULL),
(82, 4, 'http://cib.vlaanderen.be', 'SLA', '2015-02-01', NULL, 'Direct', 66, 35, NULL),
(83, 4, 'http://gp.vlaanderen.be/investeringssteun/overzicht.do', 'SLA', '2015-02-01', NULL, 'Direct', 69, 102, NULL),
(84, 4, 'http://Koepel.vonet.be', 'SLA', '2015-02-01', NULL, 'Direct', 22, 103, NULL),
(85, 4, 'http://oeso.vlaanderen.be/os/showLogon.do', 'SLA', '2015-02-01', NULL, 'Direct', 20, 15, NULL),
(86, 4, 'https://vobip-bi.vonet.be/cognos10-login/', 'SLA', '2015-02-01', NULL, 'Direct', 34, 104, NULL),
(87, 4, 'http://www.energieprestatiedatabank.be', 'SLA', '2015-02-01', NULL, 'Direct', 72, 105, NULL),
(88, 4, 'http://uv158920.vlaanderen.be:7001/console', 'SLA', '2015-02-01', NULL, 'Direct', 115, 58, NULL),
(89, 4, 'https://team10.vonet.be/iv/div', 'SLA', '2015-02-01', NULL, 'Direct', 24, 106, NULL),
(90, 4, 'https://teamlne.vonet.be', 'SLA', '2015-02-01', NULL, 'Direct', 94, 107, NULL),
(92, 4, 'http://wse-prod-soa.vlaanderen.be/apps/awap', 'SLA', '2015-02-01', NULL, 'Direct', 80, 39, NULL),
(93, 4, 'http://wv158905.vlaanderen.be/DocRoom', 'SLA', '2015-02-01', NULL, 'Direct', 123, 63, NULL),
(94, 4, 'https://op.vlaanderen.be/op/test/happy.do', 'SLA', '2015-02-01', NULL, 'Direct', 74, 108, NULL),
(95, 4, 'https://team10.vonet.be/sites/vea', 'SLA', '2015-02-01', NULL, 'Direct', 24, 106, NULL),
(96, 4, 'http://wlportaal.vlaanderen.be', 'SLA', '2015-02-01', NULL, 'Direct', 107, 52, NULL),
(97, 4, 'https://team10.vonet.be/sites/dewi', 'SLA', '2015-02-01', NULL, 'Direct', 24, 106, NULL),
(98, 4, 'http://tgvtest.vonet.be', 'SLA', '2015-02-01', NULL, 'Direct', 30, 109, NULL),
(99, 4, 'http://vergunningenregister.vlaanderen.be/vergunning/', 'SLA', '2015-02-01', NULL, 'Direct', 10, 8, NULL),
(100, 4, 'https://vlis.vlaanderen.be', 'SLA', '2015-02-01', NULL, 'Direct', 32, 110, NULL),
(101, 4, 'https://studentenportaal.vlaanderen.be/dho-portaal/start.do', 'SLA', '2015-02-01', NULL, 'Direct', 51, 111, NULL),
(102, 4, 'http://twp.vlaanderen.be', 'SLA', '2015-02-01', NULL, 'Direct', 84, 112, NULL),
(103, 4, 'http://wm162456.vlaanderen.be/matador/', 'SLA', '2015-02-01', NULL, 'Direct', 110, 54, NULL),
(104, 4, 'http://www.vlaanderen.be/nieuwsberichten', 'SLA', '2015-02-01', NULL, 'Direct', 11, 9, NULL),
(105, 4, 'https://apexprod.vonet.be/ddc/f?p=101', 'SLA', '2015-02-01', NULL, 'Direct', 21, 1, NULL),
(106, 4, 'https://team10.vonet.be/sites/mow', 'SLA', '2015-02-01', NULL, 'Direct', 24, 106, NULL),
(107, 4, 'http://tgv.vlaanderen.be', 'SLA', '2015-02-01', NULL, 'Direct', 17, 14, NULL),
(108, 4, 'http://vepd-dms.vlaanderen.be', 'SLA', '2015-02-01', NULL, 'Direct', 52, 27, NULL),
(109, 4, 'http://vliomvo.vlaanderen.be', 'SLA', '2015-02-01', NULL, 'Direct', 13, 113, NULL),
(110, 4, 'http://vormingbegroting.fenb.be', 'SLA', '2015-02-01', NULL, 'Direct', 45, 25, NULL),
(111, 4, 'http://wap000008v.vlaanderen.be/ASADataLayer_logging/DataLayer.asmx', 'SLA', '2015-02-01', NULL, 'Direct', 86, 42, NULL),
(112, 4, 'https://teamdar.vonet.be', 'SLA', '2015-02-01', NULL, 'Direct', 25, 114, NULL),
(113, 4, 'http://www4.vlaanderen.be/dar/svr/Pages/default.aspx', 'SLA', '2015-02-01', NULL, 'Direct', 26, 16, NULL),
(114, 4, 'https://team10.vonet.be/ov/onderwijsenvorming', 'SLA', '2015-02-01', NULL, 'Direct', 24, 106, NULL),
(115, 4, 'https://team10.vonet.be/sites/cjsm', 'SLA', '2015-02-01', NULL, 'Direct', 24, 106, NULL),
(116, 4, 'http://vops.vonet.be/', 'SLA', '2015-02-01', NULL, 'Direct', 114, 115, NULL),
(117, 4, 'https://team10.vonet.be/sites/WSEdepartement', 'SLA', '2015-02-01', NULL, 'Direct', 24, 106, NULL),
(118, 4, 'http://toevla.vlaanderen.be/publiek/nl/register/start', 'SLA', '2015-02-01', NULL, 'Direct', 31, 116, NULL),
(119, 4, 'http://vlimpers-flamingo.vonet.be/VLHDEPRD/signon.html', 'SLA', '2015-02-01', NULL, 'Direct', 116, NULL, NULL),
(120, 4, 'http://wse-prod-soa.vlaanderen.be/apps/inspectie/faces/app/startpagina.jspx', 'SLA', '2015-02-01', NULL, 'Direct', 80, 39, NULL),
(121, 4, 'http://wse-dms.vlaanderen.be:8080', 'SLA', '2015-02-01', NULL, 'Direct', 68, 72, NULL),
(122, 4, 'http://vobippubliek.vlaanderen.be/cognos10/', 'SLA', '2015-02-01', NULL, 'Direct', 27, 17, NULL),
(123, 4, 'https://vom.eu.hpbpaas.com/', 'SLA', '2015-02-01', NULL, 'Internet', 33, 77, NULL),
(124, 4, 'https://davinci-mon-etio.vlaanderen.be/davinci-mon/', 'SLA', '2015-02-01', NULL, 'Direct', 59, 117, NULL),
(125, 4, 'http://www.teletolk.be', 'SLA', '2015-02-01', NULL, 'Direct', 36, 118, NULL),
(126, 4, 'https://drop.vlaanderen.be', 'SLA', '2015-02-01', NULL, 'Direct', 87, 2, NULL),
(127, 4, 'http://www.vlaamseinfolijn.be', 'SLA', '2015-02-01', NULL, 'Direct', 35, 119, NULL),
(128, 4, 'http://uv158920.vlaanderen.be/pls/apex', 'SLA', '2015-02-01', NULL, 'Direct', 113, 57, NULL),
(129, 4, 'http://teamwvg.vonet.be', 'SLA', '2015-02-01', NULL, 'Direct', 64, 120, NULL),
(130, 4, 'https://gebruikersbeheer.vonet.be/webIdmVOBeheer/pages/monitoring.jsf', 'SLA', '2015-02-01', NULL, 'Direct', 121, 121, NULL),
(131, 4, 'http://www.watlab.be/nl', 'SLA', '2015-02-01', NULL, 'Direct', 108, 122, NULL),
(132, 4, 'https://webedison.vlaanderen.be/edisonmon/checkAll.do', 'SLA', '2015-02-01', NULL, 'Direct', 47, 123, NULL),
(133, 4, 'http://www.facilipunt.be', 'SLA', '2015-02-01', NULL, 'Internet', 2, 75, NULL),
(134, 4, 'http://www.flanders.be', 'SLA', '2015-02-01', NULL, 'Direct', 18, 124, NULL),
(135, 4, 'https://led-mon.vlaanderen.be', 'SLA', '2015-02-01', NULL, 'Direct', 58, 125, NULL),
(136, 4, 'http://wpnjira.vlaanderen.be/', 'SLA', '2015-02-01', NULL, 'Direct', 119, 61, NULL),
(137, 4, 'https://mft.vlaanderen.be', 'SLA', '2015-02-01', NULL, 'Direct', 135, 199, NULL),
(138, 4, 'https://team10.vonet.be/bz/eib', 'SLA', '2015-02-01', NULL, 'Direct', 24, 106, NULL),
(139, 4, 'https://team10.vonet.be/sites/lv', 'SLA', '2015-02-01', NULL, 'Direct', 24, 106, NULL),
(140, 4, 'http://www.vlaanderen.be', 'SLA', '2015-02-01', NULL, 'Direct', 11, 9, NULL),
(141, 4, 'http://vlimpers-hr.vonet.be/psp/HRPROD/EMPLOYEE/HRMS/?cmd=login', 'SLA', '2015-02-01', NULL, 'Direct', 88, 126, NULL),
(142, 4, 'http://v158747.vlaanderen.be:8080/adminui/login.faces', 'SLA', '2015-02-01', NULL, 'Direct', 55, 73, NULL),
(143, 4, 'https://ep.vlaanderen.be/ecologiesteun/overzicht.do', 'SLA', '2015-02-01', NULL, 'Direct', 70, 127, NULL),
(144, 4, 'http://wonder.vlaanderen.be/', 'SLA', '2015-02-01', NULL, 'Direct', 117, 59, NULL),
(256, 5, 'http://www.ond.vlaanderen.be/studietoelagen/contact/vraagformulier.htm', 'SLA', '2015-01-02', NULL, 'Direct', 57, 31, NULL),
(257, 5, 'https://geomob.vlaanderen.be/', 'SLA', '2015-01-02', NULL, 'Direct', 105, NULL, NULL),
(258, 13, 'http://ariba.vonet.be', 'SLA', '2015-03-01', NULL, 'Direct', 126, 192, NULL),
(259, 13, 'http://bto.vlaanderen.be', 'SLA', '2015-03-01', NULL, 'Direct', 125, NULL, NULL),
(260, 13, 'http://ogj2.vlaanderen.be/ogj2', 'SLA', '0000-00-00', NULL, NULL, NULL, NULL, NULL),
(261, 13, 'https://cs.vonet.be', 'SLA', '0000-00-00', NULL, 'Direct', 127, 193, NULL),
(262, 26, 'http://widgets.vlaanderen.be/monitor/probe', 'SLA', '2015-04-01', NULL, 'Direct', 128, 200, NULL),
(263, 26, 'http://10.22.79.7/ICA/AccessPlatform/auth/login.aspx', 'SLA', '2015-04-01', NULL, 'Direct', 129, 194, NULL),
(264, 26, 'https://mijnonderwijs.vlaanderen.be/start/', 'SLA', '2015-04-01', NULL, 'Direct', 130, 201, NULL),
(265, 26, 'https://digis.intern.vlaanderen.be/digis-monitor', 'SLA', '2015-04-01', NULL, 'Direct', 131, 195, NULL),
(266, 26, 'https://vea-credoc.vlaanderen.be/GeefEnergiePrestatieCertificaatDienst-01.00/overzicht', 'SLA', '2015-04-01', NULL, 'Direct', 132, 202, NULL),
(267, 26, 'http://10.23.73.22:8080/DMT/gui_dmt.html', 'SLA', '2015-04-01', NULL, 'Direct', 133, 197, NULL),
(268, 26, 'http://wm162492.vlaanderen.be/giskust/test.html', 'SLA', '2015-04-01', NULL, 'Direct', 134, 198, NULL),
(269, 35, 'http://194.78.207.211:8888/web/v5.0.11.0/index2.php', 'SLA', '2015-05-04', NULL, 'Internet', 136, NULL, NULL),
(270, 35, 'http://bru000center39m.coo.vlaanderen.be/PRD_WEXIT2_BusinessSvcs/BusinessServices.asmx', 'SLA', '2015-05-04', NULL, 'Direct', 137, 203, NULL);

-- --------------------------------------------------------

--
-- Table structure for table `url2appl_ip`
--

CREATE TABLE IF NOT EXISTS `url2appl_ip` (
  `id` int(11) NOT NULL AUTO_INCREMENT COMMENT 'Unique reference for the record.',
  `server` varchar(500) NOT NULL COMMENT 'Note that the servername can include part of the path as part of the Reverse proxy translation.',
  `ip_address` varchar(15) NOT NULL COMMENT 'IP Address for the server after Reverse Proxy translation',
  `port` int(11) DEFAULT NULL COMMENT 'Port number as part of the translation.',
  `req_network_path_id` int(11) DEFAULT NULL COMMENT 'Link to request to open network path',
  `source_id` int(11) DEFAULT NULL COMMENT 'Link to the source of the information',
  PRIMARY KEY (`id`),
  KEY `request_network_path_id` (`req_network_path_id`),
  KEY `source_id` (`source_id`)
) ENGINE=InnoDB  DEFAULT CHARSET=utf8 COMMENT='URL to Application Server IP Address translation. This is how the direct connection to the application server needs to be established. \nFor Reverse proxy translation, it is the URL portion and the port as it is defined on the reverse proxy.' AUTO_INCREMENT=204 ;

--
-- Dumping data for table `url2appl_ip`
--

INSERT INTO `url2appl_ip` (`id`, `server`, `ip_address`, `port`, `req_network_path_id`, `source_id`) VALUES
(1, 'apexprod.vonet.be', '10.23.224.229', 443, 195, 5),
(2, 'drop.vlaanderen.be', '10.40.108.26', 443, NULL, 5),
(4, 'nadia-burger.vlaanderen.be', '10.1.110.167', 80, 1, 5),
(5, 'bredero.vlaanderen.be', '10.22.2.131', 80, 23, 5),
(6, 'ibis.vlaanderen.Be', '10.23.228.20', 80, 66, 5),
(7, 'mercator2.vlaanderen.be', '10.1.120.99', 80, 5, 5),
(8, 'vergunningenregister.vlaanderen.be', '10.22.2.129', 80, 21, 5),
(9, 'www.vlaanderen.be', '10.22.77.37', 80, 132, 7),
(11, 'databanktaaladvies.vlaanderen.be', '10.22.87.182', 80, 60, 5),
(12, 'gedingvoering.vonet.be', '10.22.75.184', 80, 45, 5),
(13, 'bibis-int.vlaanderen.be', '10.1.110.228', 80, 4, 5),
(14, 'tgv.vlaanderen.be ', '10.1.237.106', 80, 7, 5),
(15, 'oeso.vlaanderen.be', '10.22.2.147', 80, 24, 5),
(16, 'www4.vlaanderen.be', '10.40.103.20', 80, 70, 5),
(17, 'vobippubliek.vlaanderen.be', '10.22.15.66', 80, 10, 5),
(18, 'siebel81.cpvi.vonet.be', '198.18.132.42', 80, 77, 5),
(19, 'aps.vlaanderen.be', '10.1.226.121', 80, 84, 5),
(20, 'bru000center81m.vlaanderen.be', '10.22.79.1', 80, 89, 5),
(21, 'bz-dms.vlaanderen.be', '10.22.19.73', 80, NULL, 5),
(22, 'certificaten-ov.vlaanderen.be', '10.22.2.173', 80, 87, 5),
(23, 'fb-dms.vlaanderen.be', '10.22.19.68', 80, 16, 5),
(24, 'cjsm-dms.vlaanderen.be', '10.22.19.57', 80, 85, 5),
(25, 'vormingbegroting.fenb.be', '149.250.246.77', 80, 74, 5),
(26, 'dataroommow.vonet.be', '198.19.2.65', 80, 98, 5),
(27, 'vepd-dms.vlaanderen.be', '10.22.77.26', 80, 48, 5),
(28, 'jira.ond.vlaanderen.be', '10.22.2.157', 80, 28, 5),
(29, 'subversion-dev.ov.vlaanderen.be', '10.22.74.104', 80, 40, 5),
(30, 'rekenmotorho.vlaanderen.be', '10.23.228.28', 80, 67, 5),
(31, 'www.ond.vlaanderen.be', '10.22.74.109', 80, 43, 5),
(32, 'ddc-dms.vlaanderen.be', '10.22.19.74', 80, NULL, 5),
(33, 'discimus-app-jm.vlaanderen.be', '10.23.224.102', 80, 94, 5),
(34, 'orka.vlaanderen.be', '10.22.79.33', 80, 53, 5),
(35, 'cib.vlaanderen.be', '10.22.4.160', 80, 34, 5),
(36, 'mia.vlaanderen.be', '10.22.79.30', 80, 52, 5),
(37, 'bru000center38m.ewbl.vlaanderen.be', '10.22.79.11', 80, 51, 5),
(38, 'livelink1.vlaanderen.be', '10.23.228.120', 80, 65, 5),
(39, 'wse-prod-soa.vlaanderen.be', '10.22.75.46', 80, 46, 5),
(41, 'quovis.vlaanderen.be', '10.22.66.23', 80, 36, 5),
(42, 'wap000008v.vlaanderen.be', '10.22.82.13', 80, 56, 5),
(43, 'geo-dms.vlaanderen.be', '10.22.19.63', 8080, 13, 5),
(44, 'ato-dms.vlaanderen.be', '10.22.19.65', 80, 14, 5),
(45, 'awv.vlaanderen.be', '10.23.224.28', 80, 64, 5),
(46, 'huso.vlaanderen.be', '10.22.81.142', 80, 92, 5),
(47, 'epm.vlaanderen.be', '10.22.66.110', 80, 35, 5),
(48, 's128154.vlaanderen.be', '10.1.185.55', 80, 6, 5),
(49, 'madame.vlaanderen.be', '10.22.74.108', 80, 41, 5),
(50, '10.22.80.17', '10.22.80.17', 80, 55, 5),
(51, 'mercurius-ws.vonet.be', '10.22.79.12', 80, 90, 5),
(52, 'wlportaal.vlaanderen.be', '10.129.38.9', 80, 9, 5),
(53, 'mister.vlaanderen.be', '10.22.74.100', 80, 38, 5),
(54, 'wm162456.vlaanderen.be', '10.22.74.108', 80, 41, 5),
(55, 'beheermaritiemewerken.vlaanderen.be', '10.22.66.110', 80, 35, 5),
(56, 'secretarie-vr-dms.vlaanderen.be', '10.22.19.66', 80, 86, 5),
(57, 'uv158920.vlaanderen.be', '10.23.224.84', 80, 96, 5),
(58, 'uv158920.vlaanderen.be', '10.23.224.84', 7001, 204, 5),
(59, 'wonder.vlaanderen.be', '10.22.96.6', 80, 93, 5),
(60, 'eib-dms.vlaanderen.be', '10.22.19.56', 80, 11, 5),
(61, 'wpnjira.vlaanderen.be', '10.22.81.130', 80, 91, 5),
(62, 'bsm.vlaanderen.be', '10.22.25.130', 80, 32, 5),
(63, 'wv158905.vlaanderen.be', '10.22.66.108', 80, 88, 5),
(67, 'kim-dms.vlaanderen.be:8080', '10.22.19.76', 8080, 19, 5),
(68, 'onderwijs-dms.vlaanderen.be:8080', '10.22.85.163', 8080, 57, 5),
(69, 'geo_ap.rwo.vlaanderen.be', '10.22.87.181', 8080, NULL, 5),
(70, 'lv-dms.vlaanderen.be:8080', '10.22.19.67', 8080, 15, 5),
(71, 'dar-dms.vlaanderen.be:8080', '10.22.19.69', 8080, 17, 5),
(72, 'wse-dms.vlaanderen.be:8080', '10.22.19.59', 8080, 12, 5),
(73, 'v158747.vlaanderen.be:8080', '10.23.232.84', 8080, 68, 5),
(74, 'orafin.vlaanderen.be:8000', '10.22.74.4', 8000, 44, 5),
(75, 'www.facilipunt.be', '217.19.237.54', 80, NULL, 5),
(76, 'codex.vlaanderen.be', '85.255.206.104', 80, 82, 5),
(77, 'vom.eu.hpbpaas.com', '206.164.211.140', 80, NULL, 5),
(78, 'centaurus.vlaanderen.be', '10.22.2.52', 80, 100, 7),
(79, 'domino.vlaanderen.be', '10.23.224.164', 80, 103, 7),
(80, 'edelta.vlaanderen.be', '10.23.224.36', 80, 105, 7),
(81, 'spw.vonet.be', '10.22.2.174', 8080, 196, 7),
(82, 'epplus.vlaanderen.be', '10.23.224.149', 80, 109, 7),
(83, 'eroom-mow.vlaanderen.be', '10.22.82.15', 80, 110, 7),
(84, 'epcall.vlaanderen.be', '10.23.224.154', 80, 108, 7),
(85, 'inkom06.vlaanderen.be', '10.23.224.152', 80, 118, 7),
(86, 'bryggja.vlaanderen.be', '10.23.236.52', 80, 99, 7),
(87, 'daf.vlaanderen.be', '10.23.224.244', 80, 101, 7),
(88, 'esf.vlaanderen.be', '10.22.10.9', 80, 111, 7),
(89, 'stlweb.vonet.be', '10.23.228.36', 80, 175, 7),
(90, 'efro2007-2013.vlaanderen.be', '10.22.85.15', 80, 106, 7),
(91, 'lmn.vonet.be', '10.22.74.82', 8080, 190, 7),
(92, 'cmdb2.vonet.be', '10.22.2.148', 80, 169, 7),
(93, 'gos.vlaanderen.be', '10.22.2.27', 80, 116, 7),
(94, 'productencatalogus.vlaanderen.be', '10.22.96.5', 80, 123, 7),
(95, 'fin.vlaanderen.be', '10.22.66.13', 80, 112, 7),
(96, 'irg.vlaanderen.be', '10.23.225.4', 80, 119, 7),
(97, 'dov-intra.vonet.be', '10.22.75.82', 80, 170, 7),
(98, 'ebl.vlaanderen.be', '10.22.77.28', 80, 104, 7),
(99, 'mandatenbeheer.vlaanderen.be', '10.22.81.196', 80, 121, 7),
(100, 'sbw.vlaanderen.be', '10.22.75.47', 80, 47, 7),
(101, 'teamrwo.vonet.be', '10.22.77.9', 80, 50, 7),
(102, 'gp.vlaanderen.be', '10.23.224.151', 80, 117, 7),
(103, 'Koepel.vonet.be', '10.22.66.11', 80, 172, 7),
(104, 'vobip-bi.vonet.be', '10.22.77.49', 80, 183, 7),
(105, 'www.energieprestatiedatabank.be', '10.22.81.203', 80, 131, 7),
(106, 'team10.vonet.be', '10.22.77.9', 80, 50, 7),
(107, 'teamlne.vonet.be', '10.22.77.9', 80, 50, 7),
(108, 'op.vlaanderen.be', '10.23.224.153', 80, 122, 7),
(109, 'tgvtest.vonet.be', '10.22.10.17', 80, 181, 7),
(110, 'vlis.vlaanderen.be', '10.22.82.19', 80, 129, 7),
(111, 'studentenportaal.vlaanderen.be', '10.22.2.22', 80, 125, 7),
(112, 'twp.vlaanderen.be', '10.22.75.53', 80, 127, 7),
(113, 'vliomvo.vlaanderen.be', '10.22.85.5', 80, 128, 7),
(114, 'teamdar.vonet.be', '10.22.77.9', 80, 50, 7),
(115, 'vops.vonet.be', '10.22.79.17', 80, 185, 7),
(116, 'toevla.vlaanderen.be', '10.22.82.17', 80, 126, 7),
(117, 'davinci-mon-etio.vlaanderen.be', '10.23.224.133', 80, 102, 7),
(118, 'www.teletolk.be', '10.22.77.37', 80, 132, 7),
(119, 'www.vlaamseinfolijn.be', '10.22.77.37', 80, 132, 7),
(120, 'teamwvg.vonet.be', '10.22.77.9', 80, 50, 7),
(121, 'gebruikersbeheer.vonet.be', '10.22.2.50', 80, 171, 7),
(122, 'www.watlab.be', '10.129.39.1', 80, 135, 7),
(123, 'webedison.vlaanderen.be', '10.22.85.21', 80, 130, 7),
(124, 'www.flanders.be', '10.22.77.37', 80, 132, 7),
(125, 'led-mon.vlaanderen.be', '10.23.224.55', 80, 120, 7),
(126, 'vlimpers-hr.vonet.be', '10.22.77.20', 80, 146, 7),
(127, 'ep.vlaanderen.be', '10.23.224.150', 80, 107, 7),
(128, 'geomob.vlaanderen.be/geomob/ongevallen/', '10.22.2.1', 8080, NULL, 7),
(129, 'geomob.vlaanderen.be/gwcong/', '10.22.2.1', 8081, NULL, 7),
(130, 'geomob.vlaanderen.be/geomob/agiv/', '10.23.224.76', 80, 115, 7),
(131, 'geomob.vlaanderen.be/locatorservices/', '10.23.224.76', 80, 115, 7),
(132, 'geomob.vlaanderen.be/geomob/gewestweg/', '10.23.224.76', 80, 115, 7),
(133, 'geomob.vlaanderen.be/geomob/', '10.23.224.76', 80, 115, 7),
(134, 'geomob.vlaanderen.be/geomob/verkeersborden/', '10.22.96.1', 8081, NULL, 7),
(135, 'geomob.vlaanderen.be/geoserver/', '10.22.2.2', 8080, NULL, 7),
(136, 'geomob.vlaanderen.be/wpsserver/', '10.22.2.2', 8081, NULL, 7),
(137, 'geomob.vlaanderen.be/gwc/', '10.23.224.76', 82, NULL, 7),
(138, 'geomob.vlaanderen.be/geoserver01/', '10.22.96.2', 8087, NULL, 7),
(139, 'geomob.vlaanderen.be/wpsserver01/', '10.22.96.3', 8089, NULL, 7),
(140, 'geomob.vlaanderen.be/geomob/agiv/', '10.23.224.76', 82, NULL, 7),
(141, 'apps.awv.vonet.be/pno-webservice', '10.22.77.11', 8080, 192, 7),
(142, 'apps.awv.vonet.be/pno', '10.22.77.11', 8080, NULL, 7),
(143, 'apps.awv.vonet.be/wegendatabank', '10.22.77.12', 8080, 191, 7),
(144, 'apps.awv.vonet.be/wms', '10.22.77.13', 8080, NULL, 7),
(145, 'apps.awv.vonet.be/geoserver', '10.22.77.13', 8080, NULL, 7),
(146, 'apps.awv.vonet.be/geowebcache', '10.22.77.13', 8080, NULL, 7),
(147, 'apps.awv.vonet.be/featureserver', '10.22.77.14', 8080, NULL, 7),
(148, 'apps.awv.vonet.be/exportservice', '10.22.77.15', 8080, NULL, 7),
(149, 'apps.awv.vonet.be/locatorservices', '10.22.77.15', 8080, NULL, 7),
(150, 'apps.awv.vonet.be/styleservice', '10.22.77.15', 8080, NULL, 7),
(151, 'apps.awv.vonet.be/birt', '10.22.77.15', 8080, NULL, 7),
(152, 'apps.awv.vonet.be/tilemapserver', '10.22.77.16', 8080, NULL, 7),
(153, 'apps.awv.vonet.be/geoloket', '10.22.77.15', 8080, NULL, 7),
(154, 'apps.awv.vonet.be/tms', '10.22.77.16', 80, 143, 7),
(155, 'apps.awv.vonet.be/postregistratie', '10.22.77.18', 80, 144, 7),
(156, 'apps.awv.vonet.be/planklassement', '10.22.77.22', 8080, NULL, 7),
(157, 'apps.awv.vonet.be/werf', '10.22.77.19', 8080, NULL, 7),
(158, 'apps.awv.vonet.be/routing', '10.22.77.20', 8080, NULL, 7),
(159, 'apps.awv.vonet.be/magplus', '10.22.77.23', 80, 148, 7),
(160, 'apps.awv.vonet.be/magplusbirt', '10.22.77.23', 8080, NULL, 7),
(161, 'apps.awv.vonet.be/servo', '10.22.77.25', 80, 149, 7),
(162, 'apps.awv.vonet.be/servobirt', '10.22.77.25', 8080, NULL, 7),
(163, 'apps.awv.vonet.be/denk', '10.22.24.16', 8080, 194, 7),
(164, 'apps.awv.vonet.be/pentaho-birt', '10.22.24.147', 8080, NULL, 7),
(165, 'apps.awv.vonet.be/pentaho-style', '10.22.24.147', 8080, NULL, 7),
(166, 'apps.awv.vonet.be/pentaho', '10.22.24.147', 8080, NULL, 7),
(167, 'apps.awv.vonet.be/kabelnet', '10.22.77.39', 8080, NULL, 7),
(168, 'apps.awv.vonet.be/denk-api', '10.22.24.16', 9273, NULL, 7),
(169, 'apps.awv.vonet.be/inspecties', '10.22.77.41', 8080, NULL, 7),
(170, 'apps.awv.vonet.be/tablethomepage', '10.22.77.35', 80, 150, 7),
(171, 'apps.awv.vonet.be/prx2-elastic-transport', '10.22.77.53', 9300, NULL, 7),
(172, 'apps.awv.vonet.be/prx2-elastic-http', '10.22.77.53', 9200, NULL, 7),
(173, 'apps.awv.vonet.be/prx2', '10.22.77.53', 8080, 188, 7),
(174, 'apps.awv.vonet.be/districtcenter-service', '10.22.77.50', 8080, NULL, 7),
(175, 'apps.awv.vonet.be/districtcenter', '10.22.77.51', 80, 154, 7),
(176, 'apps.awv.vonet.be/docgen', '10.22.77.52', 8080, NULL, 7),
(177, 'apps.awv.vonet.be/historia4', '10.22.77.70', 8080, NULL, 7),
(178, 'apps.awv.vonet.be/historia', '10.22.77.71', 8080, 193, 7),
(179, 'apps.awv.vonet.be/gm', '10.22.77.64', 8080, NULL, 7),
(180, 'apps.awv.vonet.be/geolatte-nosqlfs', '10.22.77.65', 8080, NULL, 7),
(181, 'apps.awv.vonet.be/dataloader', '10.22.77.66', 8080, NULL, 7),
(182, 'apps.awv.vonet.be/winterdienst', '10.22.77.55', 8080, 189, 7),
(183, 'apps.awv.vonet.be/locatieservices/rest/locatie/adres', '10.22.77.56', 8080, NULL, 7),
(184, 'apps.awv.vonet.be/locatieservices/rest/locatie/xy/via/adres', '10.22.77.56', 8080, NULL, 7),
(185, 'apps.awv.vonet.be/locatieservices/rest/locatie/crab', '10.22.77.56', 8080, NULL, 7),
(186, 'apps.awv.vonet.be/locatieservices/rest/locatie/cyclomedia', '10.22.77.59', 8080, NULL, 7),
(187, 'apps.awv.vonet.be/locatieservices', '10.22.77.61', 8080, NULL, 7),
(188, 'apps.awv.vonet.be/wegendatabank', '10.22.77.62', 8080, NULL, 7),
(189, 'apps.awv.vonet.be/elisa', '10.22.77.72', 8080, NULL, 7),
(190, 'apps.awv.vonet.be/locatiezoeker', '10.22.77.73', 8080, NULL, 7),
(191, 'bto.vlaanderen.be', '10.22.79.7', 80, 186, 15),
(192, 'ariba.vonet.be', '198.18.96.1', 80, 187, 15),
(193, 'cs.vonet.be', '10.22.79.7', 80, 186, 15),
(194, '10.22.79.7', '10.22.79.7', 80, 186, 15),
(195, 'digis.intern.vlaanderen.be', '10.23.225.37', 443, 197, 15),
(197, '10.23.73.22', '10.23.73.22', 8080, 199, 15),
(198, 'wm162492.vlaanderen.be', '10.22.66.109', 80, 200, 28),
(199, 'mft.vlaanderen.be', '10.40.108.23', 443, 201, 28),
(200, 'widgets.vlaanderen.be', '10.22.77.10', 80, 202, 28),
(201, 'mijnonderwijs.vlaanderen.be', '10.23.236.45', 80, 203, 28),
(202, 'vea-credoc.vlaanderen.be', '10.22.2.30', 80, 205, 15),
(203, 'bru000center39m.coo.vlaanderen.be', '10.1.110.240', 80, 206, 15);

-- --------------------------------------------------------

--
-- Table structure for table `url2dns`
--

CREATE TABLE IF NOT EXISTS `url2dns` (
  `id` int(11) NOT NULL AUTO_INCREMENT COMMENT 'Unique reference of the record',
  `servername` varchar(500) NOT NULL COMMENT 'Server portion of the URL.',
  `ip_address` varchar(20) NOT NULL COMMENT 'DNS IP Address for this servername.',
  `category` varchar(50) DEFAULT NULL COMMENT 'Category of the translation. This can include: Direct, Internet, Reverse Proxy',
  `req_revproxy_tx_id` int(11) DEFAULT NULL COMMENT 'Link to request Rev Proxy translation',
  `req_internet_whitelist_id` int(11) DEFAULT NULL COMMENT 'Link to Request for Internet whitelist.',
  `source_id` int(11) DEFAULT NULL COMMENT 'Link to the Source where the information can be found.',
  PRIMARY KEY (`id`),
  KEY `req_internet_whitelist_id` (`req_internet_whitelist_id`),
  KEY `source_id` (`source_id`),
  KEY `req_revproxy_tx_id` (`req_revproxy_tx_id`)
) ENGINE=InnoDB  DEFAULT CHARSET=utf8 COMMENT='URL to DNS translation on Vo network. This information should be overlapping with network_category in url table.' AUTO_INCREMENT=138 ;

--
-- Dumping data for table `url2dns`
--

INSERT INTO `url2dns` (`id`, `servername`, `ip_address`, `category`, `req_revproxy_tx_id`, `req_internet_whitelist_id`, `source_id`) VALUES
(1, 'nadia-burger.vlaanderen.be', '10.1.110.167', 'Direct', NULL, NULL, 5),
(2, 'www.facilipunt.be', '217.19.237.54', 'Internet', NULL, NULL, 5),
(3, 'bredero.vlaanderen.be', '10.22.2.131', 'Direct', NULL, NULL, 5),
(4, 'apps.awv.vonet.be', '198.18.96.18', 'Reverse Proxy', NULL, NULL, 5),
(5, 'ibis.vlaanderen.Be', '10.23.228.20', 'Direct', NULL, NULL, 5),
(6, 'bryggja.vlaanderen.be', '10.40.120.4', 'Reverse Proxy', 114, NULL, 5),
(7, 'dov-intra.vonet.be', '198.18.96.18', 'Reverse Proxy', 212, NULL, 5),
(8, 'mercator2.vlaanderen.be', '10.1.120.99', 'Direct', NULL, NULL, 5),
(9, 'geo_ap.rwo.vlaanderen.be', '10.22.87.181', 'Direct', NULL, NULL, 5),
(10, 'vergunningenregister.vlaanderen.be', '10.22.2.129', 'Direct', NULL, NULL, 5),
(11, 'www.vlaanderen.be', '10.40.120.4', 'Reverse Proxy', 227, NULL, 5),
(12, 'codex.vlaanderen.be', '85.255.206.104', 'Internet', NULL, 1, 5),
(13, 'vliomvo.vlaanderen.be', '10.40.120.4', 'Reverse Proxy', 153, NULL, 5),
(14, 'databanktaaladvies.vlaanderen.be', '10.22.87.182', 'Direct', NULL, NULL, 5),
(15, 'gedingvoering.vonet.be', '10.22.75.184', 'Direct', NULL, NULL, 5),
(16, 'bibis-int.vlaanderen.be', '10.1.110.228', 'Direct', NULL, NULL, 5),
(17, 'tgv.vlaanderen.be ', '10.1.237.106', 'Direct', NULL, NULL, 5),
(18, 'www.flanders.be', '10.40.120.4', 'Reverse Proxy', 157, NULL, 5),
(19, 'ebl.vlaanderen.be', '10.40.120.4', 'Reverse Proxy', 119, NULL, 5),
(20, 'oeso.vlaanderen.be', '10.22.2.147', 'Direct', NULL, NULL, 5),
(21, 'apexprod.vonet.be', '10.23.224.229', 'Direct', NULL, NULL, 5),
(22, 'Koepel.vonet.be', '198.18.96.18', 'Reverse Proxy', 214, NULL, 5),
(23, 'fin.vlaanderen.be', '10.40.120.4', 'Reverse Proxy', 127, NULL, 5),
(24, 'team10.vonet.be', '198.18.96.18', 'Reverse Proxy', 218, NULL, 5),
(25, 'teamdar.vonet.be', '198.18.96.18', 'Reverse Proxy', 219, NULL, 5),
(26, 'www4.vlaanderen.be', '10.40.103.20', 'Direct', NULL, NULL, 5),
(27, 'vobippubliek.vlaanderen.be', '10.22.15.66', 'Direct', NULL, NULL, 5),
(28, 'dar-dms.vlaanderen.be:8080', '10.22.19.69', 'Direct', NULL, NULL, 5),
(29, 'siebel81.cpvi.vonet.be', '198.18.132.42', 'Direct', NULL, NULL, 5),
(30, 'tgvtest.vonet.be', '198.18.96.18', 'Reverse Proxy', 223, NULL, 5),
(31, 'toevla.vlaanderen.be', '10.40.120.4', 'Reverse Proxy', 151, NULL, 5),
(32, 'vlis.vlaanderen.be', '10.40.120.4', 'Reverse Proxy', 154, NULL, 5),
(33, 'vom.eu.hpbpaas.com', '206.164.211.140', 'Internet', NULL, 3, 5),
(34, 'vobip-bi.vonet.be', '198.18.96.18', 'Reverse Proxy', 225, NULL, 5),
(35, 'www.vlaamseinfolijn.be', '10.40.120.4', 'Reverse Proxy', 159, NULL, 5),
(36, 'www.teletolk.be', '10.40.120.4', 'Reverse Proxy', 158, NULL, 5),
(37, 'orafin.vlaanderen.be:8000', '10.22.74.4', 'Direct', NULL, NULL, 5),
(38, 'aps.vlaanderen.be', '10.1.226.121', 'Direct', NULL, NULL, 5),
(39, 'bru000center81m.vlaanderen.be', '10.22.79.1', 'Direct', NULL, NULL, 5),
(40, 'bz-dms.vlaanderen.be', '10.22.19.73', 'Direct', NULL, NULL, 5),
(41, 'certificaten-ov.vlaanderen.be', '10.22.2.173', 'Direct', NULL, NULL, 5),
(42, 'mandatenbeheer.vlaanderen.be', '10.40.120.4', 'Reverse Proxy', 146, NULL, 5),
(43, 'fb-dms.vlaanderen.be', '10.22.19.68', 'Direct', NULL, NULL, 5),
(44, 'cjsm-dms.vlaanderen.be', '10.22.19.57', 'Direct', NULL, NULL, 5),
(45, 'vormingbegroting.fenb.be', '149.250.246.77', 'Direct', NULL, NULL, 5),
(46, 'dataroommow.vonet.be', '198.19.2.65', 'Direct', NULL, NULL, 5),
(47, 'webedison.vlaanderen.be', '10.40.120.4', 'Reverse Proxy', 155, NULL, 5),
(48, 'stlweb.vonet.be', '198.18.96.18', 'Reverse Proxy', 217, NULL, 5),
(49, 'onderwijs-dms.vlaanderen.be:8080', '10.22.85.163', 'Direct', NULL, NULL, 5),
(50, 'daf.vlaanderen.be', '10.40.120.4', 'Reverse Proxy', 116, NULL, 5),
(51, 'studentenportaal.vlaanderen.be', '10.40.120.4', 'Reverse Proxy', 150, NULL, 5),
(52, 'vepd-dms.vlaanderen.be', '10.22.77.26', 'Direct', NULL, NULL, 5),
(53, 'jira.ond.vlaanderen.be', '10.22.2.157', 'Direct', NULL, NULL, 5),
(54, 'subversion-dev.ov.vlaanderen.be', '10.22.74.104', 'Direct', NULL, NULL, 5),
(55, 'v158747.vlaanderen.be:8080', '10.23.232.84', 'Direct', NULL, NULL, 5),
(56, 'rekenmotorho.vlaanderen.be', '10.23.228.28', 'Direct', NULL, NULL, 5),
(57, 'www.ond.vlaanderen.be', '10.22.74.109', 'Direct', NULL, NULL, 5),
(58, 'led-mon.vlaanderen.be', '10.40.120.4', 'Reverse Proxy', 145, NULL, 5),
(59, 'davinci-mon-etio.vlaanderen.be', '10.40.120.4', 'Reverse Proxy', 117, NULL, 5),
(60, 'ddc-dms.vlaanderen.be', '10.22.19.74', 'Direct', NULL, NULL, 5),
(61, 'discimus-app-jm.vlaanderen.be', '10.23.224.102', 'Direct', NULL, NULL, 5),
(62, 'domino.vlaanderen.be', '10.40.120.4', 'Reverse Proxy', 118, NULL, 5),
(63, 'orka.vlaanderen.be', '10.22.79.33', 'Direct', NULL, NULL, 5),
(64, 'teamwvg.vonet.be', '198.18.96.18', 'Reverse Proxy', 222, NULL, 5),
(65, 'gos.vlaanderen.be', '10.40.120.4', 'Reverse Proxy', 141, NULL, 5),
(66, 'cib.vlaanderen.be', '10.22.4.160', 'Direct', NULL, NULL, 5),
(67, 'mia.vlaanderen.be', '10.22.79.30', 'Direct', NULL, NULL, 5),
(68, 'wse-dms.vlaanderen.be:8080', '10.22.19.59', 'Direct', NULL, NULL, 5),
(69, 'gp.vlaanderen.be', '10.40.120.4', 'Reverse Proxy', 142, NULL, 5),
(70, 'ep.vlaanderen.be', '10.40.120.4', 'Reverse Proxy', 122, NULL, 5),
(71, 'bru000center38m.ewbl.vlaanderen.be', '10.22.79.11', 'Direct', NULL, NULL, 5),
(72, 'www.energieprestatiedatabank.be', '10.40.120.4', 'Reverse Proxy', 156, NULL, 5),
(73, 'livelink1.vlaanderen.be', '10.23.228.120', 'Direct', NULL, NULL, 5),
(74, 'op.vlaanderen.be', '10.40.120.4', 'Reverse Proxy', 147, NULL, 5),
(75, 'esf.vlaanderen.be', '10.40.120.4', 'Reverse Proxy', 126, NULL, 5),
(76, 'efro2007-2013.vlaanderen.be', '10.40.120.4', 'Reverse Proxy', 121, NULL, 5),
(77, 'inkom06.vlaanderen.be', '10.40.120.4', 'Reverse Proxy', 143, NULL, 5),
(78, 'epcall.vlaanderen.be', '10.40.120.4', 'Reverse Proxy', 123, NULL, 5),
(79, 'lv-dms.vlaanderen.be:8080', '10.22.19.67', 'Direct', NULL, NULL, 5),
(80, 'wse-prod-soa.vlaanderen.be', '10.22.75.46', 'Direct', NULL, NULL, 5),
(81, 'sbw.vlaanderen.be', '10.40.120.4', 'Reverse Proxy', 149, NULL, 5),
(82, 'quovis.vlaanderen.be', '10.22.66.23', 'Direct', NULL, NULL, 5),
(83, 'epplus.vlaanderen.be', '10.40.120.4', 'Reverse Proxy', 124, NULL, 5),
(84, 'twp.vlaanderen.be', '10.40.120.4', 'Reverse Proxy', 152, NULL, 5),
(85, 'lmn.vonet.be', '198.18.96.18', 'Reverse Proxy', 215, NULL, 5),
(86, 'wap000008v.vlaanderen.be', '10.22.82.13', 'Direct', NULL, NULL, 5),
(87, 'drop.vlaanderen.be', '10.40.108.26', 'Direct', NULL, NULL, 5),
(88, 'vlimpers-hr.vonet.be', '198.18.96.18', 'Reverse Proxy', 224, NULL, 5),
(89, 'kim-dms.vlaanderen.be:8080', '10.22.19.76', 'Direct', NULL, NULL, 5),
(90, 'eroom-mow.vlaanderen.be', '10.40.120.4', 'Reverse Proxy', 125, NULL, 5),
(91, 'geo-dms.vlaanderen.be:8080', '10.22.19.63', 'Direct', NULL, NULL, 5),
(92, 'centaurus.vlaanderen.be', '10.40.120.4', 'Reverse Proxy', 115, NULL, 5),
(93, 'teamrwo.vonet.be', '198.18.96.18', 'Reverse Proxy', 221, NULL, 5),
(94, 'teamlne.vonet.be', '198.18.96.18', 'Reverse Proxy', 220, NULL, 5),
(95, 'ato-dms.vlaanderen.be', '10.22.19.65', 'Direct', NULL, NULL, 5),
(96, 'spw.vonet.be', '198.18.96.18', 'Reverse Proxy', 216, NULL, 5),
(97, 'awv.vlaanderen.be', '10.23.224.28', 'Direct', NULL, NULL, 5),
(98, 'huso.vlaanderen.be', '10.22.81.142', 'Direct', NULL, NULL, 5),
(99, 'edelta.vlaanderen.be', '10.40.120.4', 'Reverse Proxy', 120, NULL, 5),
(100, 'epm.vlaanderen.be', '10.22.66.110', 'Direct', NULL, NULL, 5),
(101, 's128154.vlaanderen.be', '10.1.185.55', 'Direct', NULL, NULL, 5),
(102, 'madame.vlaanderen.be', '10.22.74.108', 'Direct', NULL, NULL, 5),
(103, '10.22.80.17', '10.22.80.17', 'Direct', NULL, NULL, 5),
(104, 'irg.vlaanderen.be', '10.40.120.4', 'Reverse Proxy', 144, NULL, 5),
(105, 'geomob.vlaanderen.be', '10.40.120.4', 'Reverse Proxy', NULL, NULL, 5),
(106, 'mercurius-ws.vonet.be', '10.22.79.12', 'Direct', NULL, NULL, 5),
(107, 'wlportaal.vlaanderen.be', '10.129.38.9', 'Direct', NULL, NULL, 5),
(108, 'www.watlab.be', '10.40.120.4', 'Reverse Proxy', 160, NULL, 5),
(109, 'mister.vlaanderen.be', '10.22.74.100', 'Direct', NULL, NULL, 5),
(110, 'wm162456.vlaanderen.be', '10.22.74.108', 'Direct', NULL, NULL, 5),
(111, 'beheermaritiemewerken.vlaanderen.be', '10.22.66.110', 'Direct', NULL, NULL, 5),
(112, 'secretarie-vr-dms.vlaanderen.be', '10.22.19.66', 'Direct', NULL, NULL, 5),
(113, 'uv158920.vlaanderen.be', '10.23.224.84', 'Direct', NULL, NULL, 5),
(114, 'vops.vonet.be', '198.18.96.18', 'Reverse Proxy', 226, NULL, 5),
(115, 'uv158920.vlaanderen.be', '10.23.224.84', 'Direct', NULL, NULL, 5),
(116, 'vlimpers-flamingo.vonet.be', '198.18.96.8', 'Reverse Proxy', NULL, NULL, 5),
(117, 'wonder.vlaanderen.be', '10.22.96.6', 'Direct', NULL, NULL, 5),
(118, 'eib-dms.vlaanderen.be', '10.22.19.56', 'Direct', NULL, NULL, 5),
(119, 'wpnjira.vlaanderen.be', '10.22.81.130', 'Direct', NULL, NULL, 5),
(120, 'cmdb2.vonet.be', '198.18.96.18', 'Reverse Proxy', 211, NULL, 5),
(121, 'gebruikersbeheer.vonet.be', '198.18.96.18', 'Reverse Proxy', 213, NULL, 5),
(122, 'bsm.vlaanderen.be', '10.22.25.130', 'Direct', NULL, NULL, 5),
(123, 'wv158905.vlaanderen.be', '10.22.66.108', 'Direct', NULL, NULL, 5),
(124, 'productencatalogus.vlaanderen.be', '10.40.120.4', 'Reverse Proxy', 148, NULL, 5),
(125, 'bto.vlaanderen.be', '10.22.79.7', 'Direct', NULL, NULL, 15),
(126, 'ariba.vonet.be', '198.18.96.1', 'Reverse Proxy', NULL, NULL, 15),
(127, 'cs.vonet.be', '198.18.96.18', 'Reverse Proxy', 229, NULL, 15),
(128, 'widgets.vlaanderen.be', '10.40.120.4', 'Reverse Proxy', 230, NULL, 27),
(129, '10.22.79.7', '10.22.79.7', 'Direct', NULL, NULL, 15),
(130, 'mijnonderwijs.vlaanderen.be', '10.40.120.4', 'Reverse Proxy', 231, NULL, 27),
(131, 'digis.intern.vlaanderen.be', '10.23.225.37', 'Direct', NULL, NULL, 15),
(132, 'vea-credoc.vlaanderen.be', '10.40.117.2', 'Reverse Proxy', 232, NULL, 15),
(133, '10.23.73.22', '10.23.73.22', 'Direct', NULL, NULL, 15),
(134, 'wm162492.vlaanderen.be', '10.22.66.109', 'Direct', NULL, NULL, 15),
(135, 'mft.vlaanderen.be', '10.40.108.23', 'Direct', NULL, NULL, 15),
(136, '194.78.207.211', '194.78.207.211', 'Internet', NULL, NULL, 15),
(137, 'bru000center39m.coo.vlaanderen.be', '10.1.110.240', 'Direct', NULL, NULL, 15);

-- --------------------------------------------------------

--
-- Table structure for table `workflow_status`
--

CREATE TABLE IF NOT EXISTS `workflow_status` (
  `id` int(11) NOT NULL AUTO_INCREMENT,
  `tablename` varchar(100) NOT NULL COMMENT 'Tablename for the record and the workflow status.',
  `record_id` int(11) DEFAULT NULL COMMENT 'Record ID for the status.',
  `status_id` int(11) DEFAULT NULL,
  `source_id` int(11) DEFAULT NULL COMMENT 'Refers to the source of the information.',
  PRIMARY KEY (`id`)
) ENGINE=InnoDB  DEFAULT CHARSET=utf8 COMMENT='This table collects the workflow status for the different requests and actions related to the URL.' AUTO_INCREMENT=52 ;

--
-- Dumping data for table `workflow_status`
--

INSERT INTO `workflow_status` (`id`, `tablename`, `record_id`, `status_id`, `source_id`) VALUES
(1, 'url2appl_ip', 4, 2, 6),
(2, 'url2appl_ip', 13, 2, 6),
(3, 'url2appl_ip', 7, 2, 6),
(4, 'url2appl_ip', 48, 2, 6),
(5, 'url2appl_ip', 14, 2, 6),
(6, 'url2appl_ip', 52, 2, 6),
(7, 'url2appl_ip', 17, 2, 6),
(8, 'url2appl_ip', 60, 2, 6),
(9, 'url2appl_ip', 72, 2, 6),
(10, 'url2appl_ip', 44, 2, 6),
(11, 'url2appl_ip', 70, 2, 6),
(12, 'url2appl_ip', 23, 2, 6),
(13, 'url2appl_ip', 71, 2, 6),
(14, 'url2appl_ip', 67, 2, 6),
(15, 'url2appl_ip', 8, 2, 6),
(16, 'url2appl_ip', 5, 2, 6),
(17, 'url2appl_ip', 15, 2, 6),
(18, 'url2appl_ip', 28, 2, 6),
(19, 'url2appl_ip', 62, 2, 6),
(20, 'url2appl_ip', 35, 2, 6),
(21, 'url2appl_ip', 47, 2, 6),
(22, 'url2appl_ip', 55, 2, 6),
(23, 'url2appl_ip', 41, 2, 6),
(24, 'url2appl_ip', 53, 2, 6),
(25, 'url2appl_ip', 29, 2, 6),
(26, 'url2appl_ip', 49, 2, 6),
(27, 'url2appl_ip', 54, 2, 6),
(28, 'url2appl_ip', 31, 2, 6),
(29, 'url2appl_ip', 74, 2, 6),
(30, 'url2appl_ip', 12, 2, 6),
(31, 'url2appl_ip', 39, 2, 6),
(32, 'url2appl_ip', 40, 2, 6),
(33, 'url2appl_ip', 27, 2, 6),
(34, 'url2appl_ip', 37, 2, 6),
(35, 'url2appl_ip', 36, 2, 6),
(36, 'url2appl_ip', 34, 2, 6),
(37, 'url2appl_ip', 50, 2, 6),
(38, 'url2appl_ip', 42, 2, 6),
(39, 'url2appl_ip', 68, 2, 6),
(40, 'url2appl_ip', 11, 2, 6),
(41, 'url2appl_ip', 45, 2, 6),
(42, 'url2appl_ip', 38, 2, 6),
(43, 'url2appl_ip', 6, 2, 6),
(44, 'url2appl_ip', 30, 2, 6),
(45, 'url2appl_ip', 73, 2, 6),
(46, 'url2appl_ip', 9, 2, 6),
(47, 'url2appl_ip', 10, 2, 6),
(48, 'url2appl_ip', 16, 2, 6),
(49, 'url2appl_ip', 25, 2, 6),
(50, 'url2appl_ip', 18, 2, 6),
(51, 'url2appl_ip', 76, 2, 6);

--
-- Constraints for dumped tables
--

--
-- Constraints for table `amaas`
--
ALTER TABLE `amaas`
  ADD CONSTRAINT `amaas_application_fk` FOREIGN KEY (`application_id`) REFERENCES `application` (`id`) ON DELETE NO ACTION ON UPDATE NO ACTION,
  ADD CONSTRAINT `amaas_source_fk` FOREIGN KEY (`source_id`) REFERENCES `source` (`id`) ON DELETE NO ACTION ON UPDATE NO ACTION;

--
-- Constraints for table `appl_review`
--
ALTER TABLE `appl_review`
  ADD CONSTRAINT `appl_review_ibfk_1` FOREIGN KEY (`source_id`) REFERENCES `source` (`id`),
  ADD CONSTRAINT `appl_review_ibfk_2` FOREIGN KEY (`application_id`) REFERENCES `application` (`id`);

--
-- Constraints for table `appl_url`
--
ALTER TABLE `appl_url`
  ADD CONSTRAINT `appl_url_ibfk_1` FOREIGN KEY (`appl_id`) REFERENCES `application` (`id`),
  ADD CONSTRAINT `appl_url_ibfk_2` FOREIGN KEY (`url_id`) REFERENCES `url` (`id`);

--
-- Constraints for table `dwh_status`
--
ALTER TABLE `dwh_status`
  ADD CONSTRAINT `dwh_status_ibfk_1` FOREIGN KEY (`application_id`) REFERENCES `application` (`id`) ON DELETE SET NULL ON UPDATE SET NULL,
  ADD CONSTRAINT `dwh_status_ibfk_2` FOREIGN KEY (`source_id`) REFERENCES `source` (`id`);

--
-- Constraints for table `fmo_sitescope`
--
ALTER TABLE `fmo_sitescope`
  ADD CONSTRAINT `fmo_sitescope_ibfk_1` FOREIGN KEY (`appl_id`) REFERENCES `application` (`id`),
  ADD CONSTRAINT `fmo_sitescope_ibfk_2` FOREIGN KEY (`source_id`) REFERENCES `source` (`id`);

--
-- Constraints for table `req_internet_whitelist`
--
ALTER TABLE `req_internet_whitelist`
  ADD CONSTRAINT `req_internet_whitelist_ibfk_1` FOREIGN KEY (`source_id`) REFERENCES `source` (`id`);

--
-- Constraints for table `req_network_path`
--
ALTER TABLE `req_network_path`
  ADD CONSTRAINT `req_network_path_ibfk_1` FOREIGN KEY (`source_id`) REFERENCES `source` (`id`);

--
-- Constraints for table `req_revproxy_tx`
--
ALTER TABLE `req_revproxy_tx`
  ADD CONSTRAINT `req_revproxy_tx_ibfk_1` FOREIGN KEY (`source_id`) REFERENCES `source` (`id`);

--
-- Constraints for table `url`
--
ALTER TABLE `url`
  ADD CONSTRAINT `url_appl_ip_fk` FOREIGN KEY (`url2appl_ip_id`) REFERENCES `url2appl_ip` (`id`) ON DELETE NO ACTION ON UPDATE NO ACTION,
  ADD CONSTRAINT `url_dns_fk` FOREIGN KEY (`url2dns_id`) REFERENCES `url2dns` (`id`) ON DELETE NO ACTION ON UPDATE NO ACTION,
  ADD CONSTRAINT `url_source_fk` FOREIGN KEY (`source_id`) REFERENCES `source` (`id`) ON DELETE NO ACTION ON UPDATE NO ACTION;

--
-- Constraints for table `url2appl_ip`
--
ALTER TABLE `url2appl_ip`
  ADD CONSTRAINT `url2appl_ip_ibfk_1` FOREIGN KEY (`source_id`) REFERENCES `source` (`id`),
  ADD CONSTRAINT `url2appl_ip_ibfk_2` FOREIGN KEY (`req_network_path_id`) REFERENCES `req_network_path` (`id`);

--
-- Constraints for table `url2dns`
--
ALTER TABLE `url2dns`
  ADD CONSTRAINT `url2dns_ibfk_1` FOREIGN KEY (`source_id`) REFERENCES `source` (`id`),
  ADD CONSTRAINT `url2dns_ibfk_2` FOREIGN KEY (`req_internet_whitelist_id`) REFERENCES `req_internet_whitelist` (`id`),
  ADD CONSTRAINT `url2dns_ibfk_3` FOREIGN KEY (`req_revproxy_tx_id`) REFERENCES `req_revproxy_tx` (`id`);

/*!40101 SET CHARACTER_SET_CLIENT=@OLD_CHARACTER_SET_CLIENT */;
/*!40101 SET CHARACTER_SET_RESULTS=@OLD_CHARACTER_SET_RESULTS */;
/*!40101 SET COLLATION_CONNECTION=@OLD_COLLATION_CONNECTION */;
